input,State
t:low,Critical
"t:low,t:low",Critical
"t:low,t:low,t:low",Critical
"t:low,t:low,t:low,t:low",Critical
"t:low,t:low,t:low,t:low,t:low",Critical
"t:low,t:low,t:low,t:low,t:low,t:low",Critical
"t:low,t:low,t:low,t:low,t:low,t:low,t:low",Critical
"t:low,t:low,t:low,t:low,t:low,t:low,t:low,t:low",Critical
"t:low,t:low,t:low,t:low,t:low,t:low,t:low,t:low,t:low",Critical
"t:low,t:low,t:low,t:low,t:low,t:low,t:low,t:low,t:low,t:low",Critical
"t:low,t:low,t:low,t:low,t:low,t:low,t:low,t:low,t:low,t:low,t:low",Critical
"t:low,t:low,t:low,t:low,t:low,t:low,t:low,t:low,t:low,t:low,t:low,t:low",Critical
"t:low,t:low,t:low,t:low,t:low,t:low,t:low,t:low,t:low,t:low,t:low,t:low,t:low",Caution
"t:low,t:low,t:low,t:low,t:low,t:low,t:low,t:low,t:low,t:low,t:low,t:low,t:low,t:low",Caution
"t:low,t:low,t:low,t:low,t:low,t:low,t:low,t:low,t:low,t:low,t:low,t:low,t:low,t:low,t:low",Caution
"t:low,t:low,t:low,t:low,t:low,t:low,t:low,t:low,t:low,t:low,t:low,t:low,t:low,t:low,t:low,t:low",Caution
"t:low,t:low,t:low,t:low,t:low,t:low,t:low,t:low,t:low,t:low,t:low,t:low,t:low,t:low,t:low,t:low,t:low",Caution
"t:low,t:low,t:low,t:low,t:low,t:low,t:low,t:low,t:low,t:low,t:low,t:low,t:low,t:low,t:low,t:low,t:low,t:low",Caution
"t:low,t:low,t:low,t:low,t:low,t:low,t:low,t:low,t:low,t:low,t:low,t:low,t:low,t:low,t:low,t:low,t:low,t:low,t:low",Caution
"t:low,t:low,t:low,t:low,t:low,t:low,t:low,t:low,t:low,t:low,t:low,t:low,t:low,t:low,t:low,t:low,t:low,t:low,t:low,t:low",Caution
"t:low,t:low,t:low,t:low,t:low,t:low,t:low,t:low,t:low,t:low,t:low,t:low,t:low,t:low,t:low,t:low,t:low,t:low,t:low,t:low,t:low",Caution
"t:low,t:low,t:low,t:low,t:low,t:low,t:low,t:low,t:low,t:low,t:low,t:low,t:low,t:low,t:low,t:low,t:low,t:low,t:low,t:low,t:low,t:low",Caution
"t:low,t:low,t:low,t:low,t:low,t:low,t:low,t:low,t:low,t:low,t:low,t:low,t:low,t:low,t:low,t:low,t:low,t:low,t:low,t:low,t:low,t:low,t:low",Caution
"t:low,t:low,t:low,t:low,t:low,t:low,t:low,t:low,t:low,t:low,t:low,t:low,t:low,t:low,t:low,t:low,t:low,t:low,t:low,t:low,t:low,t:low,t:low,t:low",Caution
"t:low,t:low,t:low,t:low,t:low,t:low,t:low,t:low,t:low,t:low,t:low,t:low,t:low,t:low,t:low,t:low,t:low,t:low,t:low,t:low,t:low,t:low,t:low,t:low,t:low",Caution
"t:low,t:low,t:low,t:low,t:low,t:low,t:low,t:low,t:low,t:low,t:low,t:low,t:low,t:low,t:low,t:low,t:low,t:low,t:low,t:low,t:low,t:low,t:low,t:low,t:low,t:low",Caution
"t:low,t:low,t:low,t:low,t:low,t:low,t:low,t:low,t:low,t:low,t:low,t:low,t:low,t:low,t:low,t:low,t:low,t:low,t:low,t:low,t:low,t:low,t:low,t:low,t:low,t:low,t:low",Caution
"t:low,t:low,t:low,t:low,t:low,t:low,t:low,t:low,t:low,t:low,t:low,t:low,t:low,t:low,t:low,t:low,t:low,t:low,t:low,t:low,t:low,t:low,t:low,t:low,t:low,t:low,t:low,t:low",Caution
"t:low,t:low,t:low,t:low,t:low,t:low,t:low,t:low,t:low,t:low,t:low,t:low,t:low,t:low,t:low,t:low,t:low,t:low,t:low,t:low,t:low,t:low,t:low,t:low,t:low,t:low,t:low,t:low,t:low",Caution
"t:low,t:low,t:low,t:low,t:low,t:low,t:low,t:low,t:low,t:low,t:low,t:low,t:low,t:low,t:low,t:low,t:low,t:low,t:low,t:low,t:low,t:low,t:low,t:low,t:low,t:low,t:low,t:low,t:low,t:low",Caution
"t:low,t:low,t:low,t:low,t:low,t:low,t:low,t:low,t:low,t:low,t:low,t:low,t:low,t:low,t:low,t:low,t:low,t:low,t:low,t:low,t:low,t:low,t:low,t:low,t:low,t:low,t:low,t:low,t:low,t:low,t:low",Nominal
"t:low,t:low,t:low,t:low,t:low,t:low,t:low,t:low,t:low,t:low,t:low,t:low,t:low,t:low,t:low,t:low,t:low,t:low,t:low,t:low,t:low,t:low,t:low,t:low,t:low,t:low,t:low,t:low,t:low,t:low,t:low,t:low",Nominal
"t:low,t:low,t:low,t:low,t:low,t:low,t:low,t:low,t:low,t:low,t:low,t:low,t:low,t:low,t:low,t:low,t:low,t:low,t:low,t:low,t:low,t:low,t:low,t:low,t:low,t:low,t:low,t:low,t:low,t:low,t:low,t:low,t:low",Nominal
"t:low,t:low,t:low,t:low,t:low,t:low,t:low,t:low,t:low,t:low,t:low,t:low,t:low,t:low,t:low,t:low,t:low,t:low,t:low,t:low,t:low,t:low,t:low,t:low,t:low,t:low,t:low,t:low,t:low,t:low,t:low,t:low,t:low,t:low",Nominal
"t:low,t:low,t:low,t:low,t:low,t:low,t:low,t:low,t:low,t:low,t:low,t:low,t:low,t:low,t:low,t:low,t:low,t:low,t:low,t:low,t:low,t:low,t:low,t:low,t:low,t:low,t:low,t:low,t:low,t:low,t:low,t:low,t:low,t:low,t:low",Nominal
"t:low,t:low,t:low,t:low,t:low,t:low,t:low,t:low,t:low,t:low,t:low,t:low,t:low,t:low,t:low,t:low,t:low,t:low,t:low,t:low,t:low,t:low,t:low,t:low,t:low,t:low,t:low,t:low,t:low,t:low,t:low,t:low,t:low,t:low,t:low,t:low",Nominal
"t:low,t:low,t:low,t:low,t:low,t:low,t:low,t:low,t:low,t:low,t:low,t:low,t:low,t:low,t:low,t:low,t:low,t:low,t:low,t:low,t:low,t:low,t:low,t:low,t:low,t:low,t:low,t:low,t:low,t:low,t:low,t:low,t:low,t:low,t:low,t:low,t:low",Nominal
"t:low,t:low,t:low,t:low,t:low,t:low,t:low,t:low,t:low,t:low,t:low,t:low,t:low,t:low,t:low,t:low,t:low,t:low,t:low,t:low,t:low,t:low,t:low,t:low,t:low,t:low,t:low,t:low,t:low,t:low,t:low,t:low,t:low,t:low,t:low,t:low,t:low,t:low",Nominal
"t:low,t:low,t:low,t:low,t:low,t:low,t:low,t:low,t:low,t:low,t:low,t:low,t:low,t:low,t:low,t:low,t:low,t:low,t:low,t:low,t:low,t:low,t:low,t:low,t:low,t:low,t:low,t:low,t:low,t:low,t:low,t:low,t:low,t:low,t:low,t:low,t:low,t:low,t:low",Nominal
"t:low,t:low,t:low,t:low,t:low,t:low,t:low,t:low,t:low,t:low,t:low,t:low,t:low,t:low,t:low,t:low,t:low,t:low,t:low,t:low,t:low,t:low,t:low,t:low,t:low,t:low,t:low,t:low,t:low,t:low,t:low,t:low,t:low,t:low,t:low,t:low,t:low,t:low,t:low,t:low",Nominal
"t:low,t:low,t:low,t:low,t:low,t:low,t:low,t:low,t:low,t:low,t:low,t:low,t:low,t:low,t:low,t:low,t:low,t:low,t:low,t:low,t:low,t:low,t:low,t:low,t:low,t:low,t:low,t:low,t:low,t:low,t:low,t:low,t:low,t:low,t:low,t:low,t:low,t:low,t:low,t:low,t:low",Nominal
"t:low,t:low,t:low,t:low,t:low,t:low,t:low,t:low,t:low,t:low,t:low,t:low,t:low,t:low,t:low,t:low,t:low,t:low,t:low,t:low,t:low,t:low,t:low,t:low,t:low,t:low,t:low,t:low,t:low,t:low,t:low,t:low,t:low,t:low,t:low,t:low,t:low,t:low,t:low,t:low,t:low,t:low",Nominal
"t:low,t:low,t:low,t:low,t:low,t:low,t:low,t:low,t:low,t:low,t:low,t:low,t:low,t:low,t:low,t:low,t:low,t:low,t:low,t:low,t:low,t:low,t:low,t:low,t:low,t:low,t:low,t:low,t:low,t:low,t:low,t:low,t:low,t:low,t:low,t:low,t:low,t:low,t:low,t:low,t:low,t:low,t:low",Nominal
"t:low,t:low,t:low,t:low,t:low,t:low,t:low,t:low,t:low,t:low,t:low,t:low,t:low,t:low,t:low,t:low,t:low,t:low,t:low,t:low,t:low,t:low,t:low,t:low,t:low,t:low,t:low,t:low,t:low,t:low,t:low,t:low,t:low,t:low,t:low,t:low,t:low,t:low,t:low,t:low,t:low,t:low,t:low,t:low",Nominal
"t:low,t:low,t:low,t:low,t:low,t:low,t:low,t:low,t:low,t:low,t:low,t:low,t:low,t:low,t:low,t:low,t:low,t:low,t:low,t:low,t:low,t:low,t:low,t:low,t:low,t:low,t:low,t:low,t:low,t:low,t:low,t:low,t:low,t:low,t:low,t:low,t:low,t:low,t:low,t:low,t:low,t:low,t:low,t:low,t:low",Nominal
"t:low,t:low,t:low,t:low,t:low,t:low,t:low,t:low,t:low,t:low,t:low,t:low,t:low,t:low,t:low,t:low,t:low,t:low,t:low,t:low,t:low,t:low,t:low,t:low,t:low,t:low,t:low,t:low,t:low,t:low,t:low,t:low,t:low,t:low,t:low,t:low,t:low,t:low,t:low,t:low,t:low,t:low,t:low,t:low,t:low,t:low",Nominal
"t:low,t:low,t:low,t:low,t:low,t:low,t:low,t:low,t:low,t:low,t:low,t:low,t:low,t:low,t:low,t:low,t:low,t:low,t:low,t:low,t:low,t:low,t:low,t:low,t:low,t:low,t:low,t:low,t:low,t:low,t:low,t:low,t:low,t:low,t:low,t:low,t:low,t:low,t:low,t:low,t:low,t:low,t:low,t:low,t:low,t:low,t:low",Nominal
"t:low,t:low,t:low,t:low,t:low,t:low,t:low,t:low,t:low,t:low,t:low,t:low,t:low,t:low,t:low,t:low,t:low,t:low,t:low,t:low,t:low,t:low,t:low,t:low,t:low,t:low,t:low,t:low,t:low,t:low,t:low,t:low,t:low,t:low,t:low,t:low,t:low,t:low,t:low,t:low,t:low,t:low,t:low,t:low,t:low,t:low,t:low,t:low",Nominal
"t:low,t:low,t:low,t:low,t:low,t:low,t:low,t:low,t:low,t:low,t:low,t:low,t:low,t:low,t:low,t:low,t:low,t:low,t:low,t:low,t:low,t:low,t:low,t:low,t:low,t:low,t:low,t:low,t:low,t:low,t:low,t:low,t:low,t:low,t:low,t:low,t:low,t:low,t:low,t:low,t:low,t:low,t:low,t:low,t:low,t:low,t:low,t:low,t:low",Nominal
"t:low,t:low,t:low,t:low,t:low,t:low,t:low,t:low,t:low,t:low,t:low,t:low,t:low,t:low,t:low,t:low,t:low,t:low,t:low,t:low,t:low,t:low,t:low,t:low,t:low,t:low,t:low,t:low,t:low,t:low,t:low,t:low,t:low,t:low,t:low,t:low,t:low,t:low,t:low,t:low,t:low,t:low,t:low,t:low,t:low,t:low,t:low,t:low,t:low,t:low",Nominal
"t:low,t:low,t:low,t:low,t:low,t:low,t:low,t:low,t:low,t:low,t:low,t:low,t:low,t:low,t:low,t:low,t:low,t:low,t:low,t:low,t:low,t:low,t:low,t:low,t:low,t:low,t:low,t:low,t:low,t:low,t:low,t:low,t:low,t:low,t:low,t:low,t:low,t:low,t:low,t:low,t:low,t:low,t:low,t:low,t:low,t:low,t:low,t:low,t:low,t:low,t:low",Nominal
"t:low,t:low,t:low,t:low,t:low,t:low,t:low,t:low,t:low,t:low,t:low,t:low,t:low,t:low,t:low,t:low,t:low,t:low,t:low,t:low,t:low,t:low,t:low,t:low,t:low,t:low,t:low,t:low,t:low,t:low,t:low,t:low,t:low,t:low,t:low,t:low,t:low,t:low,t:low,t:low,t:low,t:low,t:low,t:low,t:low,t:low,t:low,t:low,t:low,t:low,t:low,t:low",Nominal
"t:low,t:low,t:low,t:low,t:low,t:low,t:low,t:low,t:low,t:low,t:low,t:low,t:low,t:low,t:low,t:low,t:low,t:low,t:low,t:low,t:low,t:low,t:low,t:low,t:low,t:low,t:low,t:low,t:low,t:low,t:low,t:low,t:low,t:low,t:low,t:low,t:low,t:low,t:low,t:low,t:low,t:low,t:low,t:low,t:low,t:low,t:low,t:low,t:low,t:low,t:low,t:low,t:low",Nominal
"t:low,t:low,t:low,t:low,t:low,t:low,t:low,t:low,t:low,t:low,t:low,t:low,t:low,t:low,t:low,t:low,t:low,t:low,t:low,t:low,t:low,t:low,t:low,t:low,t:low,t:low,t:low,t:low,t:low,t:low,t:low,t:low,t:low,t:low,t:low,t:low,t:low,t:low,t:low,t:low,t:low,t:low,t:low,t:low,t:low,t:low,t:low,t:low,t:low,t:low,t:low,t:low,t:low,t:low",Nominal
"t:low,t:low,t:low,t:low,t:low,t:low,t:low,t:low,t:low,t:low,t:low,t:low,t:low,t:low,t:low,t:low,t:low,t:low,t:low,t:low,t:low,t:low,t:low,t:low,t:low,t:low,t:low,t:low,t:low,t:low,t:low,t:low,t:low,t:low,t:low,t:low,t:low,t:low,t:low,t:low,t:low,t:low,t:low,t:low,t:low,t:low,t:low,t:low,t:low,t:low,t:low,t:low,t:low,t:low,t:low",Caution
"t:low,t:low,t:low,t:low,t:low,t:low,t:low,t:low,t:low,t:low,t:low,t:low,t:low,t:low,t:low,t:low,t:low,t:low,t:low,t:low,t:low,t:low,t:low,t:low,t:low,t:low,t:low,t:low,t:low,t:low,t:low,t:low,t:low,t:low,t:low,t:low,t:low,t:low,t:low,t:low,t:low,t:low,t:low,t:low,t:low,t:low,t:low,t:low,t:low,t:low,t:low,t:low,t:low,t:low,t:low,t:low",Caution
"t:low,t:low,t:low,t:low,t:low,t:low,t:low,t:low,t:low,t:low,t:low,t:low,t:low,t:low,t:low,t:low,t:low,t:low,t:low,t:low,t:low,t:low,t:low,t:low,t:low,t:low,t:low,t:low,t:low,t:low,t:low,t:low,t:low,t:low,t:low,t:low,t:low,t:low,t:low,t:low,t:low,t:low,t:low,t:low,t:low,t:low,t:low,t:low,t:low,t:low,t:low,t:low,t:low,t:low,t:low,t:low,t:low",Caution
"t:low,t:low,t:low,t:low,t:low,t:low,t:low,t:low,t:low,t:low,t:low,t:low,t:low,t:low,t:low,t:low,t:low,t:low,t:low,t:low,t:low,t:low,t:low,t:low,t:low,t:low,t:low,t:low,t:low,t:low,t:low,t:low,t:low,t:low,t:low,t:low,t:low,t:low,t:low,t:low,t:low,t:low,t:low,t:low,t:low,t:low,t:low,t:low,t:low,t:low,t:low,t:low,t:low,t:low,t:low,t:low,t:low,t:low",Caution
"t:low,t:low,t:low,t:low,t:low,t:low,t:low,t:low,t:low,t:low,t:low,t:low,t:low,t:low,t:low,t:low,t:low,t:low,t:low,t:low,t:low,t:low,t:low,t:low,t:low,t:low,t:low,t:low,t:low,t:low,t:low,t:low,t:low,t:low,t:low,t:low,t:low,t:low,t:low,t:low,t:low,t:low,t:low,t:low,t:low,t:low,t:low,t:low,t:low,t:low,t:low,t:low,t:low,t:low,t:low,t:low,t:low,t:low,t:low",Caution
"t:low,t:low,t:low,t:low,t:low,t:low,t:low,t:low,t:low,t:low,t:low,t:low,t:low,t:low,t:low,t:low,t:low,t:low,t:low,t:low,t:low,t:low,t:low,t:low,t:low,t:low,t:low,t:low,t:low,t:low,t:low,t:low,t:low,t:low,t:low,t:low,t:low,t:low,t:low,t:low,t:low,t:low,t:low,t:low,t:low,t:low,t:low,t:low,t:low,t:low,t:low,t:low,t:low,t:low,t:low,t:low,t:low,t:low,t:low,t:low",Caution
"t:low,t:low,t:low,t:low,t:low,t:low,t:low,t:low,t:low,t:low,t:low,t:low,t:low,t:low,t:low,t:low,t:low,t:low,t:low,t:low,t:low,t:low,t:low,t:low,t:low,t:low,t:low,t:low,t:low,t:low,t:low,t:low,t:low,t:low,t:low,t:low,t:low,t:low,t:low,t:low,t:low,t:low,t:low,t:low,t:low,t:low,t:low,t:low,t:low,t:low,t:low,t:low,t:low,t:low,t:low,t:low,t:low,t:low,t:low,t:low,t:low",Caution
"t:low,t:low,t:low,t:low,t:low,t:low,t:low,t:low,t:low,t:low,t:low,t:low,t:low,t:low,t:low,t:low,t:low,t:low,t:low,t:low,t:low,t:low,t:low,t:low,t:low,t:low,t:low,t:low,t:low,t:low,t:low,t:low,t:low,t:low,t:low,t:low,t:low,t:low,t:low,t:low,t:low,t:low,t:low,t:low,t:low,t:low,t:low,t:low,t:low,t:low,t:low,t:low,t:low,t:low,t:low,t:low,t:low,t:low,t:low,t:low,t:low,t:low",Caution
"t:low,t:low,t:low,t:low,t:low,t:low,t:low,t:low,t:low,t:low,t:low,t:low,t:low,t:low,t:low,t:low,t:low,t:low,t:low,t:low,t:low,t:low,t:low,t:low,t:low,t:low,t:low,t:low,t:low,t:low,t:low,t:low,t:low,t:low,t:low,t:low,t:low,t:low,t:low,t:low,t:low,t:low,t:low,t:low,t:low,t:low,t:low,t:low,t:low,t:low,t:low,t:low,t:low,t:low,t:low,t:low,t:low,t:low,t:low,t:low,t:low,t:low,t:low",Caution
"t:low,t:low,t:low,t:low,t:low,t:low,t:low,t:low,t:low,t:low,t:low,t:low,t:low,t:low,t:low,t:low,t:low,t:low,t:low,t:low,t:low,t:low,t:low,t:low,t:low,t:low,t:low,t:low,t:low,t:low,t:low,t:low,t:low,t:low,t:low,t:low,t:low,t:low,t:low,t:low,t:low,t:low,t:low,t:low,t:low,t:low,t:low,t:low,t:low,t:low,t:low,t:low,t:low,t:low,t:low,t:low,t:low,t:low,t:low,t:low,t:low,t:low,t:low,t:low",Caution
"t:low,t:low,t:low,t:low,t:low,t:low,t:low,t:low,t:low,t:low,t:low,t:low,t:low,t:low,t:low,t:low,t:low,t:low,t:low,t:low,t:low,t:low,t:low,t:low,t:low,t:low,t:low,t:low,t:low,t:low,t:low,t:low,t:low,t:low,t:low,t:low,t:low,t:low,t:low,t:low,t:low,t:low,t:low,t:low,t:low,t:low,t:low,t:low,t:low,t:low,t:low,t:low,t:low,t:low,t:low,t:low,t:low,t:low,t:low,t:low,t:low,t:low,t:low,t:low,t:low",Caution
"t:low,t:low,t:low,t:low,t:low,t:low,t:low,t:low,t:low,t:low,t:low,t:low,t:low,t:low,t:low,t:low,t:low,t:low,t:low,t:low,t:low,t:low,t:low,t:low,t:low,t:low,t:low,t:low,t:low,t:low,t:low,t:low,t:low,t:low,t:low,t:low,t:low,t:low,t:low,t:low,t:low,t:low,t:low,t:low,t:low,t:low,t:low,t:low,t:low,t:low,t:low,t:low,t:low,t:low,t:low,t:low,t:low,t:low,t:low,t:low,t:low,t:low,t:low,t:low,t:low,t:low",Caution
"t:low,t:low,t:low,t:low,t:low,t:low,t:low,t:low,t:low,t:low,t:low,t:low,t:low,t:low,t:low,t:low,t:low,t:low,t:low,t:low,t:low,t:low,t:low,t:low,t:low,t:low,t:low,t:low,t:low,t:low,t:low,t:low,t:low,t:low,t:low,t:low,t:low,t:low,t:low,t:low,t:low,t:low,t:low,t:low,t:low,t:low,t:low,t:low,t:low,t:low,t:low,t:low,t:low,t:low,t:low,t:low,t:low,t:low,t:low,t:low,t:low,t:low,t:low,t:low,t:low,t:low,t:low",Critical
"t:low,t:low,t:low,t:low,t:low,t:low,t:low,t:low,t:low,t:low,t:low,t:low,t:low,t:low,t:low,t:low,t:low,t:low,t:low,t:low,t:low,t:low,t:low,t:low,t:low,t:low,t:low,t:low,t:low,t:low,t:low,t:low,t:low,t:low,t:low,t:low,t:low,t:low,t:low,t:low,t:low,t:low,t:low,t:low,t:low,t:low,t:low,t:low,t:low,t:low,t:low,t:low,t:low,t:low,t:low,t:low,t:low,t:low,t:low,t:low,t:low,t:low,t:low,t:low,t:low,t:low,t:low,t:low",Critical
"t:low,t:low,t:low,t:low,t:low,t:low,t:low,t:low,t:low,t:low,t:low,t:low,t:low,t:low,t:low,t:low,t:low,t:low,t:low,t:low,t:low,t:low,t:low,t:low,t:low,t:low,t:low,t:low,t:low,t:low,t:low,t:low,t:low,t:low,t:low,t:low,t:low,t:low,t:low,t:low,t:low,t:low,t:low,t:low,t:low,t:low,t:low,t:low,t:low,t:low,t:low,t:low,t:low,t:low,t:low,t:low,t:low,t:low,t:low,t:low,t:low,t:low,t:low,t:low,t:low,t:low,t:low,t:low,t:low",Critical
"t:low,t:low,t:low,t:low,t:low,t:low,t:low,t:low,t:low,t:low,t:low,t:low,t:low,t:low,t:low,t:low,t:low,t:low,t:low,t:low,t:low,t:low,t:low,t:low,t:low,t:low,t:low,t:low,t:low,t:low,t:low,t:low,t:low,t:low,t:low,t:low,t:low,t:low,t:low,t:low,t:low,t:low,t:low,t:low,t:low,t:low,t:low,t:low,t:low,t:low,t:low,t:low,t:low,t:low,t:low,t:low,t:low,t:low,t:low,t:low,t:low,t:low,t:low,t:low,t:low,t:low,t:low,t:low,t:low,t:low",Critical
"t:low,t:low,t:low,t:low,t:low,t:low,t:low,t:low,t:low,t:low,t:low,t:low,t:low,t:low,t:low,t:low,t:low,t:low,t:low,t:low,t:low,t:low,t:low,t:low,t:low,t:low,t:low,t:low,t:low,t:low,t:low,t:low,t:low,t:low,t:low,t:low,t:low,t:low,t:low,t:low,t:low,t:low,t:low,t:low,t:low,t:low,t:low,t:low,t:low,t:low,t:low,t:low,t:low,t:low,t:low,t:low,t:low,t:low,t:low,t:low,t:low,t:low,t:low,t:low,t:low,t:low,t:low,t:low,t:low,t:low,t:low",Critical
"t:low,t:low,t:low,t:low,t:low,t:low,t:low,t:low,t:low,t:low,t:low,t:low,t:low,t:low,t:low,t:low,t:low,t:low,t:low,t:low,t:low,t:low,t:low,t:low,t:low,t:low,t:low,t:low,t:low,t:low,t:low,t:low,t:low,t:low,t:low,t:low,t:low,t:low,t:low,t:low,t:low,t:low,t:low,t:low,t:low,t:low,t:low,t:low,t:low,t:low,t:low,t:low,t:low,t:low,t:low,t:low,t:low,t:low,t:low,t:low,t:low,t:low,t:low,t:low,t:low,t:low,t:low,t:low,t:low,t:low,t:low,t:low",Critical
"t:low,t:low,t:low,t:low,t:low,t:low,t:low,t:low,t:low,t:low,t:low,t:low,t:low,t:low,t:low,t:low,t:low,t:low,t:low,t:low,t:low,t:low,t:low,t:low,t:low,t:low,t:low,t:low,t:low,t:low,t:low,t:low,t:low,t:low,t:low,t:low,t:low,t:low,t:low,t:low,t:low,t:low,t:low,t:low,t:low,t:low,t:low,t:low,t:low,t:low,t:low,t:low,t:low,t:low,t:low,t:low,t:low,t:low,t:low,t:low,t:low,t:low,t:low,t:low,t:low,t:low,t:low,t:low,t:low,t:low,t:low,t:low,t:low",Critical
"t:low,t:low,t:low,t:low,t:low,t:low,t:low,t:low,t:low,t:low,t:low,t:low,t:low,t:low,t:low,t:low,t:low,t:low,t:low,t:low,t:low,t:low,t:low,t:low,t:low,t:low,t:low,t:low,t:low,t:low,t:low,t:low,t:low,t:low,t:low,t:low,t:low,t:low,t:low,t:low,t:low,t:low,t:low,t:low,t:low,t:low,t:low,t:low,t:low,t:low,t:low,t:low,t:low,t:low,t:low,t:low,t:low,t:low,t:low,t:low,t:low,t:low,t:low,t:low,t:low,t:low,t:low,t:low,t:low,t:low,t:low,t:low,t:low,t:low",Critical
"t:low,t:low,t:low,t:low,t:low,t:low,t:low,t:low,t:low,t:low,t:low,t:low,t:low,t:low,t:low,t:low,t:low,t:low,t:low,t:low,t:low,t:low,t:low,t:low,t:low,t:low,t:low,t:low,t:low,t:low,t:low,t:low,t:low,t:low,t:low,t:low,t:low,t:low,t:low,t:low,t:low,t:low,t:low,t:low,t:low,t:low,t:low,t:low,t:low,t:low,t:low,t:low,t:low,t:low,t:low,t:low,t:low,t:low,t:low,t:low,t:low,t:low,t:low,t:low,t:low,t:low,t:low,t:low,t:low,t:low,t:low,t:low,t:low,t:low,t:low",Critical
"t:low,t:low,t:low,t:low,t:low,t:low,t:low,t:low,t:low,t:low,t:low,t:low,t:low,t:low,t:low,t:low,t:low,t:low,t:low,t:low,t:low,t:low,t:low,t:low,t:low,t:low,t:low,t:low,t:low,t:low,t:low,t:low,t:low,t:low,t:low,t:low,t:low,t:low,t:low,t:low,t:low,t:low,t:low,t:low,t:low,t:low,t:low,t:low,t:low,t:low,t:low,t:low,t:low,t:low,t:low,t:low,t:low,t:low,t:low,t:low,t:low,t:low,t:low,t:low,t:low,t:low,t:low,t:low,t:low,t:low,t:low,t:low,t:low,t:low,t:low,t:low",Critical
"t:low,t:low,t:low,t:low,t:low,t:low,t:low,t:low,t:low,t:low,t:low,t:low,t:low,t:low,t:low,t:low,t:low,t:low,t:low,t:low,t:low,t:low,t:low,t:low,t:low,t:low,t:low,t:low,t:low,t:low,t:low,t:low,t:low,t:low,t:low,t:low,t:low,t:low,t:low,t:low,t:low,t:low,t:low,t:low,t:low,t:low,t:low,t:low,t:low,t:low,t:low,t:low,t:low,t:low,t:low,t:low,t:low,t:low,t:low,t:low,t:low,t:low,t:low,t:low,t:low,t:low,t:low,t:low,t:low,t:low,t:low,t:low,t:low,t:low,t:low,t:low,t:low",Critical
"t:low,t:low,t:low,t:low,t:low,t:low,t:low,t:low,t:low,t:low,t:low,t:low,t:low,t:low,t:low,t:low,t:low,t:low,t:low,t:low,t:low,t:low,t:low,t:low,t:low,t:low,t:low,t:low,t:low,t:low,t:low,t:low,t:low,t:low,t:low,t:low,t:low,t:low,t:low,t:low,t:low,t:low,t:low,t:low,t:low,t:low,t:low,t:low,t:low,t:low,t:low,t:low,t:low,t:low,t:low,t:low,t:low,t:low,t:low,t:low,t:low,t:low,t:low,t:low,t:low,t:low,t:low,t:low,t:low,t:low,t:low,t:low,t:low,t:low,t:low,t:low,t:low,t:low",Critical
"t:low,t:low,t:low,t:low,t:low,t:low,t:low,t:low,t:low,t:low,t:low,t:low,t:low,t:low,t:low,t:low,t:low,t:low,t:low,t:low,t:low,t:low,t:low,t:low,t:low,t:low,t:low,t:low,t:low,t:low,t:low,t:low,t:low,t:low,t:low,t:low,t:low,t:low,t:low,t:low,t:low,t:low,t:low,t:low,t:low,t:low,t:low,t:low,t:low,t:low,t:low,t:low,t:low,t:low,t:low,t:low,t:low,t:low,t:low,t:low,t:low,t:low,t:low,t:low,t:low,t:low,t:low,t:low,t:low,t:low,t:low,t:low,t:low,t:low,t:low,t:low,t:low,t:low,t:low",Caution
"t:low,t:low,t:low,t:low,t:low,t:low,t:low,t:low,t:low,t:low,t:low,t:low,t:low,t:low,t:low,t:low,t:low,t:low,t:low,t:low,t:low,t:low,t:low,t:low,t:low,t:low,t:low,t:low,t:low,t:low,t:low,t:low,t:low,t:low,t:low,t:low,t:low,t:low,t:low,t:low,t:low,t:low,t:low,t:low,t:low,t:low,t:low,t:low,t:low,t:low,t:low,t:low,t:low,t:low,t:low,t:low,t:low,t:low,t:low,t:low,t:low,t:low,t:low,t:low,t:low,t:low,t:low,t:low,t:low,t:low,t:low,t:low,t:low,t:low,t:low,t:low,t:low,t:low,t:low,t:low",Caution
"t:low,t:low,t:low,t:low,t:low,t:low,t:low,t:low,t:low,t:low,t:low,t:low,t:low,t:low,t:low,t:low,t:low,t:low,t:low,t:low,t:low,t:low,t:low,t:low,t:low,t:low,t:low,t:low,t:low,t:low,t:low,t:low,t:low,t:low,t:low,t:low,t:low,t:low,t:low,t:low,t:low,t:low,t:low,t:low,t:low,t:low,t:low,t:low,t:low,t:low,t:low,t:low,t:low,t:low,t:low,t:low,t:low,t:low,t:low,t:low,t:low,t:low,t:low,t:low,t:low,t:low,t:low,t:low,t:low,t:low,t:low,t:low,t:low,t:low,t:low,t:low,t:low,t:low,t:low,t:low,t:low",Caution
"t:low,t:low,t:low,t:low,t:low,t:low,t:low,t:low,t:low,t:low,t:low,t:low,t:low,t:low,t:low,t:low,t:low,t:low,t:low,t:low,t:low,t:low,t:low,t:low,t:low,t:low,t:low,t:low,t:low,t:low,t:low,t:low,t:low,t:low,t:low,t:low,t:low,t:low,t:low,t:low,t:low,t:low,t:low,t:low,t:low,t:low,t:low,t:low,t:low,t:low,t:low,t:low,t:low,t:low,t:low,t:low,t:low,t:low,t:low,t:low,t:low,t:low,t:low,t:low,t:low,t:low,t:low,t:low,t:low,t:low,t:low,t:low,t:low,t:low,t:low,t:low,t:low,t:low,t:low,t:low,t:low,t:low",Caution
"t:low,t:low,t:low,t:low,t:low,t:low,t:low,t:low,t:low,t:low,t:low,t:low,t:low,t:low,t:low,t:low,t:low,t:low,t:low,t:low,t:low,t:low,t:low,t:low,t:low,t:low,t:low,t:low,t:low,t:low,t:low,t:low,t:low,t:low,t:low,t:low,t:low,t:low,t:low,t:low,t:low,t:low,t:low,t:low,t:low,t:low,t:low,t:low,t:low,t:low,t:low,t:low,t:low,t:low,t:low,t:low,t:low,t:low,t:low,t:low,t:low,t:low,t:low,t:low,t:low,t:low,t:low,t:low,t:low,t:low,t:low,t:low,t:low,t:low,t:low,t:low,t:low,t:low,t:low,t:low,t:low,t:low,t:low",Caution
"t:low,t:low,t:low,t:low,t:low,t:low,t:low,t:low,t:low,t:low,t:low,t:low,t:low,t:low,t:low,t:low,t:low,t:low,t:low,t:low,t:low,t:low,t:low,t:low,t:low,t:low,t:low,t:low,t:low,t:low,t:low,t:low,t:low,t:low,t:low,t:low,t:low,t:low,t:low,t:low,t:low,t:low,t:low,t:low,t:low,t:low,t:low,t:low,t:low,t:low,t:low,t:low,t:low,t:low,t:low,t:low,t:low,t:low,t:low,t:low,t:low,t:low,t:low,t:low,t:low,t:low,t:low,t:low,t:low,t:low,t:low,t:low,t:low,t:low,t:low,t:low,t:low,t:low,t:low,t:low,t:low,t:low,t:low,t:low",Caution
"t:low,t:low,t:low,t:low,t:low,t:low,t:low,t:low,t:low,t:low,t:low,t:low,t:low,t:low,t:low,t:low,t:low,t:low,t:low,t:low,t:low,t:low,t:low,t:low,t:low,t:low,t:low,t:low,t:low,t:low,t:low,t:low,t:low,t:low,t:low,t:low,t:low,t:low,t:low,t:low,t:low,t:low,t:low,t:low,t:low,t:low,t:low,t:low,t:low,t:low,t:low,t:low,t:low,t:low,t:low,t:low,t:low,t:low,t:low,t:low,t:low,t:low,t:low,t:low,t:low,t:low,t:low,t:low,t:low,t:low,t:low,t:low,t:low,t:low,t:low,t:low,t:low,t:low,t:low,t:low,t:low,t:low,t:low,t:low,t:low",Caution
"t:low,t:low,t:low,t:low,t:low,t:low,t:low,t:low,t:low,t:low,t:low,t:low,t:low,t:low,t:low,t:low,t:low,t:low,t:low,t:low,t:low,t:low,t:low,t:low,t:low,t:low,t:low,t:low,t:low,t:low,t:low,t:low,t:low,t:low,t:low,t:low,t:low,t:low,t:low,t:low,t:low,t:low,t:low,t:low,t:low,t:low,t:low,t:low,t:low,t:low,t:low,t:low,t:low,t:low,t:low,t:low,t:low,t:low,t:low,t:low,t:low,t:low,t:low,t:low,t:low,t:low,t:low,t:low,t:low,t:low,t:low,t:low,t:low,t:low,t:low,t:low,t:low,t:low,t:low,t:low,t:low,t:low,t:low,t:low,t:low,t:low",Caution
"t:low,t:low,t:low,t:low,t:low,t:low,t:low,t:low,t:low,t:low,t:low,t:low,t:low,t:low,t:low,t:low,t:low,t:low,t:low,t:low,t:low,t:low,t:low,t:low,t:low,t:low,t:low,t:low,t:low,t:low,t:low,t:low,t:low,t:low,t:low,t:low,t:low,t:low,t:low,t:low,t:low,t:low,t:low,t:low,t:low,t:low,t:low,t:low,t:low,t:low,t:low,t:low,t:low,t:low,t:low,t:low,t:low,t:low,t:low,t:low,t:low,t:low,t:low,t:low,t:low,t:low,t:low,t:low,t:low,t:low,t:low,t:low,t:low,t:low,t:low,t:low,t:low,t:low,t:low,t:low,t:low,t:low,t:low,t:low,t:low,t:low,t:low",Caution
"t:low,t:low,t:low,t:low,t:low,t:low,t:low,t:low,t:low,t:low,t:low,t:low,t:low,t:low,t:low,t:low,t:low,t:low,t:low,t:low,t:low,t:low,t:low,t:low,t:low,t:low,t:low,t:low,t:low,t:low,t:low,t:low,t:low,t:low,t:low,t:low,t:low,t:low,t:low,t:low,t:low,t:low,t:low,t:low,t:low,t:low,t:low,t:low,t:low,t:low,t:low,t:low,t:low,t:low,t:low,t:low,t:low,t:low,t:low,t:low,t:low,t:low,t:low,t:low,t:low,t:low,t:low,t:low,t:low,t:low,t:low,t:low,t:low,t:low,t:low,t:low,t:low,t:low,t:low,t:low,t:low,t:low,t:low,t:low,t:low,t:low,t:low,t:low",Caution
"t:low,t:low,t:low,t:low,t:low,t:low,t:low,t:low,t:low,t:low,t:low,t:low,t:low,t:low,t:low,t:low,t:low,t:low,t:low,t:low,t:low,t:low,t:low,t:low,t:low,t:low,t:low,t:low,t:low,t:low,t:low,t:low,t:low,t:low,t:low,t:low,t:low,t:low,t:low,t:low,t:low,t:low,t:low,t:low,t:low,t:low,t:low,t:low,t:low,t:low,t:low,t:low,t:low,t:low,t:low,t:low,t:low,t:low,t:low,t:low,t:low,t:low,t:low,t:low,t:low,t:low,t:low,t:low,t:low,t:low,t:low,t:low,t:low,t:low,t:low,t:low,t:low,t:low,t:low,t:low,t:low,t:low,t:low,t:low,t:low,t:low,t:low,t:low,t:low",Caution
"t:low,t:low,t:low,t:low,t:low,t:low,t:low,t:low,t:low,t:low,t:low,t:low,t:low,t:low,t:low,t:low,t:low,t:low,t:low,t:low,t:low,t:low,t:low,t:low,t:low,t:low,t:low,t:low,t:low,t:low,t:low,t:low,t:low,t:low,t:low,t:low,t:low,t:low,t:low,t:low,t:low,t:low,t:low,t:low,t:low,t:low,t:low,t:low,t:low,t:low,t:low,t:low,t:low,t:low,t:low,t:low,t:low,t:low,t:low,t:low,t:low,t:low,t:low,t:low,t:low,t:low,t:low,t:low,t:low,t:low,t:low,t:low,t:low,t:low,t:low,t:low,t:low,t:low,t:low,t:low,t:low,t:low,t:low,t:low,t:low,t:low,t:low,t:low,t:low,t:low",Caution
"t:low,t:low,t:low,t:low,t:low,t:low,t:low,t:low,t:low,t:low,t:low,t:low,t:low,t:low,t:low,t:low,t:low,t:low,t:low,t:low,t:low,t:low,t:low,t:low,t:low,t:low,t:low,t:low,t:low,t:low,t:low,t:low,t:low,t:low,t:low,t:low,t:low,t:low,t:low,t:low,t:low,t:low,t:low,t:low,t:low,t:low,t:low,t:low,t:low,t:low,t:low,t:low,t:low,t:low,t:low,t:low,t:low,t:low,t:low,t:low,t:low,t:low,t:low,t:low,t:low,t:low,t:low,t:low,t:low,t:low,t:low,t:low,t:low,t:low,t:low,t:low,t:low,t:low,t:low,t:low,t:low,t:low,t:low,t:low,t:low,t:low,t:low,t:low,t:low,t:low,t:low",Critical
"t:low,t:low,t:low,t:low,t:low,t:low,t:low,t:low,t:low,t:low,t:low,t:low,t:low,t:low,t:low,t:low,t:low,t:low,t:low,t:low,t:low,t:low,t:low,t:low,t:low,t:low,t:low,t:low,t:low,t:low,t:low,t:low,t:low,t:low,t:low,t:low,t:low,t:low,t:low,t:low,t:low,t:low,t:low,t:low,t:low,t:low,t:low,t:low,t:low,t:low,t:low,t:low,t:low,t:low,t:low,t:low,t:low,t:low,t:low,t:low,t:low,t:low,t:low,t:low,t:low,t:low,t:low,t:low,t:low,t:low,t:low,t:low,t:low,t:low,t:low,t:low,t:low,t:low,t:low,t:low,t:low,t:low,t:low,t:low,t:low,t:low,t:low,t:low,t:low,t:low,t:low,t:low",Critical
"t:low,t:low,t:low,t:low,t:low,t:low,t:low,t:low,t:low,t:low,t:low,t:low,t:low,t:low,t:low,t:low,t:low,t:low,t:low,t:low,t:low,t:low,t:low,t:low,t:low,t:low,t:low,t:low,t:low,t:low,t:low,t:low,t:low,t:low,t:low,t:low,t:low,t:low,t:low,t:low,t:low,t:low,t:low,t:low,t:low,t:low,t:low,t:low,t:low,t:low,t:low,t:low,t:low,t:low,t:low,t:low,t:low,t:low,t:low,t:low,t:low,t:low,t:low,t:low,t:low,t:low,t:low,t:low,t:low,t:low,t:low,t:low,t:low,t:low,t:low,t:low,t:low,t:low,t:low,t:low,t:low,t:low,t:low,t:low,t:low,t:low,t:low,t:low,t:low,t:low,t:low,t:low,t:low",Critical
"t:low,t:low,t:low,t:low,t:low,t:low,t:low,t:low,t:low,t:low,t:low,t:low,t:low,t:low,t:low,t:low,t:low,t:low,t:low,t:low,t:low,t:low,t:low,t:low,t:low,t:low,t:low,t:low,t:low,t:low,t:low,t:low,t:low,t:low,t:low,t:low,t:low,t:low,t:low,t:low,t:low,t:low,t:low,t:low,t:low,t:low,t:low,t:low,t:low,t:low,t:low,t:low,t:low,t:low,t:low,t:low,t:low,t:low,t:low,t:low,t:low,t:low,t:low,t:low,t:low,t:low,t:low,t:low,t:low,t:low,t:low,t:low,t:low,t:low,t:low,t:low,t:low,t:low,t:low,t:low,t:low,t:low,t:low,t:low,t:low,t:low,t:low,t:low,t:low,t:low,t:low,t:low,t:low,t:low",Critical
"t:low,t:low,t:low,t:low,t:low,t:low,t:low,t:low,t:low,t:low,t:low,t:low,t:low,t:low,t:low,t:low,t:low,t:low,t:low,t:low,t:low,t:low,t:low,t:low,t:low,t:low,t:low,t:low,t:low,t:low,t:low,t:low,t:low,t:low,t:low,t:low,t:low,t:low,t:low,t:low,t:low,t:low,t:low,t:low,t:low,t:low,t:low,t:low,t:low,t:low,t:low,t:low,t:low,t:low,t:low,t:low,t:low,t:low,t:low,t:low,t:low,t:low,t:low,t:low,t:low,t:low,t:low,t:low,t:low,t:low,t:low,t:low,t:low,t:low,t:low,t:low,t:low,t:low,t:low,t:low,t:low,t:low,t:low,t:low,t:low,t:low,t:low,t:low,t:low,t:low,t:low,t:low,t:low,t:low,t:low",Critical
"t:low,t:low,t:low,t:low,t:low,t:low,t:low,t:low,t:low,t:low,t:low,t:low,t:low,t:low,t:low,t:low,t:low,t:low,t:low,t:low,t:low,t:low,t:low,t:low,t:low,t:low,t:low,t:low,t:low,t:low,t:low,t:low,t:low,t:low,t:low,t:low,t:low,t:low,t:low,t:low,t:low,t:low,t:low,t:low,t:low,t:low,t:low,t:low,t:low,t:low,t:low,t:low,t:low,t:low,t:low,t:low,t:low,t:low,t:low,t:low,t:low,t:low,t:low,t:low,t:low,t:low,t:low,t:low,t:low,t:low,t:low,t:low,t:low,t:low,t:low,t:low,t:low,t:low,t:low,t:low,t:low,t:low,t:low,t:low,t:low,t:low,t:low,t:low,t:low,t:low,t:low,t:low,t:low,t:low,t:low,t:low",Critical
"t:low,t:low,t:low,t:low,t:low,t:low,t:low,t:low,t:low,t:low,t:low,t:low,t:low,t:low,t:low,t:low,t:low,t:low,t:low,t:low,t:low,t:low,t:low,t:low,t:low,t:low,t:low,t:low,t:low,t:low,t:low,t:low,t:low,t:low,t:low,t:low,t:low,t:low,t:low,t:low,t:low,t:low,t:low,t:low,t:low,t:low,t:low,t:low,t:low,t:low,t:low,t:low,t:low,t:low,t:low,t:low,t:low,t:low,t:low,t:low,t:low,t:low,t:low,t:low,t:low,t:low,t:low,t:low,t:low,t:low,t:low,t:low,t:low,t:low,t:low,t:low,t:low,t:low,t:low,t:low,t:low,t:low,t:low,t:low,t:low,t:low,t:low,t:low,t:low,t:low,t:low,t:low,t:low,t:low,t:low,t:low,t:high",Critical
"t:low,t:low,t:low,t:low,t:low,t:low,t:low,t:low,t:low,t:low,t:low,t:low,t:low,t:low,t:low,t:low,t:low,t:low,t:low,t:low,t:low,t:low,t:low,t:low,t:low,t:low,t:low,t:low,t:low,t:low,t:low,t:low,t:low,t:low,t:low,t:low,t:low,t:low,t:low,t:low,t:low,t:low,t:low,t:low,t:low,t:low,t:low,t:low,t:low,t:low,t:low,t:low,t:low,t:low,t:low,t:low,t:low,t:low,t:low,t:low,t:low,t:low,t:low,t:low,t:low,t:low,t:low,t:low,t:low,t:low,t:low,t:low,t:low,t:low,t:low,t:low,t:low,t:low,t:low,t:low,t:low,t:low,t:low,t:low,t:low,t:low,t:low,t:low,t:low,t:low,t:low,t:low,t:low,t:low,t:low,t:low,t:high,t:high",Critical
"t:low,t:low,t:low,t:low,t:low,t:low,t:low,t:low,t:low,t:low,t:low,t:low,t:low,t:low,t:low,t:low,t:low,t:low,t:low,t:low,t:low,t:low,t:low,t:low,t:low,t:low,t:low,t:low,t:low,t:low,t:low,t:low,t:low,t:low,t:low,t:low,t:low,t:low,t:low,t:low,t:low,t:low,t:low,t:low,t:low,t:low,t:low,t:low,t:low,t:low,t:low,t:low,t:low,t:low,t:low,t:low,t:low,t:low,t:low,t:low,t:low,t:low,t:low,t:low,t:low,t:low,t:low,t:low,t:low,t:low,t:low,t:low,t:low,t:low,t:low,t:low,t:low,t:low,t:low,t:low,t:low,t:low,t:low,t:low,t:low,t:low,t:low,t:low,t:low,t:low,t:low,t:low,t:low,t:low,t:low,t:low,t:high,t:high,t:high",Critical
"t:low,t:low,t:low,t:low,t:low,t:low,t:low,t:low,t:low,t:low,t:low,t:low,t:low,t:low,t:low,t:low,t:low,t:low,t:low,t:low,t:low,t:low,t:low,t:low,t:low,t:low,t:low,t:low,t:low,t:low,t:low,t:low,t:low,t:low,t:low,t:low,t:low,t:low,t:low,t:low,t:low,t:low,t:low,t:low,t:low,t:low,t:low,t:low,t:low,t:low,t:low,t:low,t:low,t:low,t:low,t:low,t:low,t:low,t:low,t:low,t:low,t:low,t:low,t:low,t:low,t:low,t:low,t:low,t:low,t:low,t:low,t:low,t:low,t:low,t:low,t:low,t:low,t:low,t:low,t:low,t:low,t:low,t:low,t:low,t:low,t:low,t:low,t:low,t:low,t:low,t:low,t:low,t:low,t:low,t:low,t:low,t:high,t:high,t:high,t:high",Critical
"t:low,t:low,t:low,t:low,t:low,t:low,t:low,t:low,t:low,t:low,t:low,t:low,t:low,t:low,t:low,t:low,t:low,t:low,t:low,t:low,t:low,t:low,t:low,t:low,t:low,t:low,t:low,t:low,t:low,t:low,t:low,t:low,t:low,t:low,t:low,t:low,t:low,t:low,t:low,t:low,t:low,t:low,t:low,t:low,t:low,t:low,t:low,t:low,t:low,t:low,t:low,t:low,t:low,t:low,t:low,t:low,t:low,t:low,t:low,t:low,t:low,t:low,t:low,t:low,t:low,t:low,t:low,t:low,t:low,t:low,t:low,t:low,t:low,t:low,t:low,t:low,t:low,t:low,t:low,t:low,t:low,t:low,t:low,t:low,t:low,t:low,t:low,t:low,t:low,t:low,t:low,t:low,t:low,t:low,t:low,t:low,t:high,t:high,t:high,t:high,t:high",Critical
"t:low,t:low,t:low,t:low,t:low,t:low,t:low,t:low,t:low,t:low,t:low,t:low,t:low,t:low,t:low,t:low,t:low,t:low,t:low,t:low,t:low,t:low,t:low,t:low,t:low,t:low,t:low,t:low,t:low,t:low,t:low,t:low,t:low,t:low,t:low,t:low,t:low,t:low,t:low,t:low,t:low,t:low,t:low,t:low,t:low,t:low,t:low,t:low,t:low,t:low,t:low,t:low,t:low,t:low,t:low,t:low,t:low,t:low,t:low,t:low,t:low,t:low,t:low,t:low,t:low,t:low,t:low,t:low,t:low,t:low,t:low,t:low,t:low,t:low,t:low,t:low,t:low,t:low,t:low,t:low,t:low,t:low,t:low,t:low,t:low,t:low,t:low,t:low,t:low,t:low,t:low,t:low,t:low,t:low,t:low,t:low,t:high,t:high,t:high,t:high,t:high,t:high",Critical
"t:low,t:low,t:low,t:low,t:low,t:low,t:low,t:low,t:low,t:low,t:low,t:low,t:low,t:low,t:low,t:low,t:low,t:low,t:low,t:low,t:low,t:low,t:low,t:low,t:low,t:low,t:low,t:low,t:low,t:low,t:low,t:low,t:low,t:low,t:low,t:low,t:low,t:low,t:low,t:low,t:low,t:low,t:low,t:low,t:low,t:low,t:low,t:low,t:low,t:low,t:low,t:low,t:low,t:low,t:low,t:low,t:low,t:low,t:low,t:low,t:low,t:low,t:low,t:low,t:low,t:low,t:low,t:low,t:low,t:low,t:low,t:low,t:low,t:low,t:low,t:low,t:low,t:low,t:low,t:low,t:low,t:low,t:low,t:low,t:low,t:low,t:low,t:low,t:low,t:low,t:low,t:low,t:low,t:low,t:low,t:low,t:high,t:high,t:high,t:high,t:high,t:high,t:high",Caution
"t:low,t:low,t:low,t:low,t:low,t:low,t:low,t:low,t:low,t:low,t:low,t:low,t:low,t:low,t:low,t:low,t:low,t:low,t:low,t:low,t:low,t:low,t:low,t:low,t:low,t:low,t:low,t:low,t:low,t:low,t:low,t:low,t:low,t:low,t:low,t:low,t:low,t:low,t:low,t:low,t:low,t:low,t:low,t:low,t:low,t:low,t:low,t:low,t:low,t:low,t:low,t:low,t:low,t:low,t:low,t:low,t:low,t:low,t:low,t:low,t:low,t:low,t:low,t:low,t:low,t:low,t:low,t:low,t:low,t:low,t:low,t:low,t:low,t:low,t:low,t:low,t:low,t:low,t:low,t:low,t:low,t:low,t:low,t:low,t:low,t:low,t:low,t:low,t:low,t:low,t:low,t:low,t:low,t:low,t:low,t:low,t:high,t:high,t:high,t:high,t:high,t:high,t:high,t:high",Caution
"t:low,t:low,t:low,t:low,t:low,t:low,t:low,t:low,t:low,t:low,t:low,t:low,t:low,t:low,t:low,t:low,t:low,t:low,t:low,t:low,t:low,t:low,t:low,t:low,t:low,t:low,t:low,t:low,t:low,t:low,t:low,t:low,t:low,t:low,t:low,t:low,t:low,t:low,t:low,t:low,t:low,t:low,t:low,t:low,t:low,t:low,t:low,t:low,t:low,t:low,t:low,t:low,t:low,t:low,t:low,t:low,t:low,t:low,t:low,t:low,t:low,t:low,t:low,t:low,t:low,t:low,t:low,t:low,t:low,t:low,t:low,t:low,t:low,t:low,t:low,t:low,t:low,t:low,t:low,t:low,t:low,t:low,t:low,t:low,t:low,t:low,t:low,t:low,t:low,t:low,t:low,t:low,t:low,t:low,t:low,t:low,t:high,t:high,t:high,t:high,t:high,t:high,t:high,t:high,t:high",Caution
"t:low,t:low,t:low,t:low,t:low,t:low,t:low,t:low,t:low,t:low,t:low,t:low,t:low,t:low,t:low,t:low,t:low,t:low,t:low,t:low,t:low,t:low,t:low,t:low,t:low,t:low,t:low,t:low,t:low,t:low,t:low,t:low,t:low,t:low,t:low,t:low,t:low,t:low,t:low,t:low,t:low,t:low,t:low,t:low,t:low,t:low,t:low,t:low,t:low,t:low,t:low,t:low,t:low,t:low,t:low,t:low,t:low,t:low,t:low,t:low,t:low,t:low,t:low,t:low,t:low,t:low,t:low,t:low,t:low,t:low,t:low,t:low,t:low,t:low,t:low,t:low,t:low,t:low,t:low,t:low,t:low,t:low,t:low,t:low,t:low,t:low,t:low,t:low,t:low,t:low,t:low,t:low,t:low,t:low,t:low,t:low,t:high,t:high,t:high,t:high,t:high,t:high,t:high,t:high,t:high,t:high",Caution
"t:low,t:low,t:low,t:low,t:low,t:low,t:low,t:low,t:low,t:low,t:low,t:low,t:low,t:low,t:low,t:low,t:low,t:low,t:low,t:low,t:low,t:low,t:low,t:low,t:low,t:low,t:low,t:low,t:low,t:low,t:low,t:low,t:low,t:low,t:low,t:low,t:low,t:low,t:low,t:low,t:low,t:low,t:low,t:low,t:low,t:low,t:low,t:low,t:low,t:low,t:low,t:low,t:low,t:low,t:low,t:low,t:low,t:low,t:low,t:low,t:low,t:low,t:low,t:low,t:low,t:low,t:low,t:low,t:low,t:low,t:low,t:low,t:low,t:low,t:low,t:low,t:low,t:low,t:low,t:low,t:low,t:low,t:low,t:low,t:low,t:low,t:low,t:low,t:low,t:low,t:low,t:low,t:low,t:low,t:low,t:low,t:high,t:high,t:high,t:high,t:high,t:high,t:high,t:high,t:high,t:high,t:high",Caution
"t:low,t:low,t:low,t:low,t:low,t:low,t:low,t:low,t:low,t:low,t:low,t:low,t:low,t:low,t:low,t:low,t:low,t:low,t:low,t:low,t:low,t:low,t:low,t:low,t:low,t:low,t:low,t:low,t:low,t:low,t:low,t:low,t:low,t:low,t:low,t:low,t:low,t:low,t:low,t:low,t:low,t:low,t:low,t:low,t:low,t:low,t:low,t:low,t:low,t:low,t:low,t:low,t:low,t:low,t:low,t:low,t:low,t:low,t:low,t:low,t:low,t:low,t:low,t:low,t:low,t:low,t:low,t:low,t:low,t:low,t:low,t:low,t:low,t:low,t:low,t:low,t:low,t:low,t:low,t:low,t:low,t:low,t:low,t:low,t:low,t:low,t:low,t:low,t:low,t:low,t:low,t:low,t:low,t:low,t:low,t:low,t:high,t:high,t:high,t:high,t:high,t:high,t:high,t:high,t:high,t:high,t:high,t:high",Caution
"t:low,t:low,t:low,t:low,t:low,t:low,t:low,t:low,t:low,t:low,t:low,t:low,t:low,t:low,t:low,t:low,t:low,t:low,t:low,t:low,t:low,t:low,t:low,t:low,t:low,t:low,t:low,t:low,t:low,t:low,t:low,t:low,t:low,t:low,t:low,t:low,t:low,t:low,t:low,t:low,t:low,t:low,t:low,t:low,t:low,t:low,t:low,t:low,t:low,t:low,t:low,t:low,t:low,t:low,t:low,t:low,t:low,t:low,t:low,t:low,t:low,t:low,t:low,t:low,t:low,t:low,t:low,t:low,t:low,t:low,t:low,t:low,t:low,t:low,t:low,t:low,t:low,t:low,t:low,t:low,t:low,t:low,t:low,t:low,t:low,t:low,t:low,t:low,t:low,t:low,t:low,t:low,t:low,t:low,t:low,t:low,t:high,t:high,t:high,t:high,t:high,t:high,t:high,t:high,t:high,t:high,t:high,t:high,t:high",Caution
"t:low,t:low,t:low,t:low,t:low,t:low,t:low,t:low,t:low,t:low,t:low,t:low,t:low,t:low,t:low,t:low,t:low,t:low,t:low,t:low,t:low,t:low,t:low,t:low,t:low,t:low,t:low,t:low,t:low,t:low,t:low,t:low,t:low,t:low,t:low,t:low,t:low,t:low,t:low,t:low,t:low,t:low,t:low,t:low,t:low,t:low,t:low,t:low,t:low,t:low,t:low,t:low,t:low,t:low,t:low,t:low,t:low,t:low,t:low,t:low,t:low,t:low,t:low,t:low,t:low,t:low,t:low,t:low,t:low,t:low,t:low,t:low,t:low,t:low,t:low,t:low,t:low,t:low,t:low,t:low,t:low,t:low,t:low,t:low,t:low,t:low,t:low,t:low,t:low,t:low,t:low,t:low,t:low,t:low,t:low,t:low,t:high,t:high,t:high,t:high,t:high,t:high,t:high,t:high,t:high,t:high,t:high,t:high,t:high,t:high",Caution
"t:low,t:low,t:low,t:low,t:low,t:low,t:low,t:low,t:low,t:low,t:low,t:low,t:low,t:low,t:low,t:low,t:low,t:low,t:low,t:low,t:low,t:low,t:low,t:low,t:low,t:low,t:low,t:low,t:low,t:low,t:low,t:low,t:low,t:low,t:low,t:low,t:low,t:low,t:low,t:low,t:low,t:low,t:low,t:low,t:low,t:low,t:low,t:low,t:low,t:low,t:low,t:low,t:low,t:low,t:low,t:low,t:low,t:low,t:low,t:low,t:low,t:low,t:low,t:low,t:low,t:low,t:low,t:low,t:low,t:low,t:low,t:low,t:low,t:low,t:low,t:low,t:low,t:low,t:low,t:low,t:low,t:low,t:low,t:low,t:low,t:low,t:low,t:low,t:low,t:low,t:low,t:low,t:low,t:low,t:low,t:low,t:high,t:high,t:high,t:high,t:high,t:high,t:high,t:high,t:high,t:high,t:high,t:high,t:high,t:high,t:high",Caution
"t:low,t:low,t:low,t:low,t:low,t:low,t:low,t:low,t:low,t:low,t:low,t:low,t:low,t:low,t:low,t:low,t:low,t:low,t:low,t:low,t:low,t:low,t:low,t:low,t:low,t:low,t:low,t:low,t:low,t:low,t:low,t:low,t:low,t:low,t:low,t:low,t:low,t:low,t:low,t:low,t:low,t:low,t:low,t:low,t:low,t:low,t:low,t:low,t:low,t:low,t:low,t:low,t:low,t:low,t:low,t:low,t:low,t:low,t:low,t:low,t:low,t:low,t:low,t:low,t:low,t:low,t:low,t:low,t:low,t:low,t:low,t:low,t:low,t:low,t:low,t:low,t:low,t:low,t:low,t:low,t:low,t:low,t:low,t:low,t:low,t:low,t:low,t:low,t:low,t:low,t:low,t:low,t:low,t:low,t:low,t:low,t:high,t:high,t:high,t:high,t:high,t:high,t:high,t:high,t:high,t:high,t:high,t:high,t:high,t:high,t:high,t:high",Caution
"t:low,t:low,t:low,t:low,t:low,t:low,t:low,t:low,t:low,t:low,t:low,t:low,t:low,t:low,t:low,t:low,t:low,t:low,t:low,t:low,t:low,t:low,t:low,t:low,t:low,t:low,t:low,t:low,t:low,t:low,t:low,t:low,t:low,t:low,t:low,t:low,t:low,t:low,t:low,t:low,t:low,t:low,t:low,t:low,t:low,t:low,t:low,t:low,t:low,t:low,t:low,t:low,t:low,t:low,t:low,t:low,t:low,t:low,t:low,t:low,t:low,t:low,t:low,t:low,t:low,t:low,t:low,t:low,t:low,t:low,t:low,t:low,t:low,t:low,t:low,t:low,t:low,t:low,t:low,t:low,t:low,t:low,t:low,t:low,t:low,t:low,t:low,t:low,t:low,t:low,t:low,t:low,t:low,t:low,t:low,t:low,t:high,t:high,t:high,t:high,t:high,t:high,t:high,t:high,t:high,t:high,t:high,t:high,t:high,t:high,t:high,t:high,t:high",Caution
"t:low,t:low,t:low,t:low,t:low,t:low,t:low,t:low,t:low,t:low,t:low,t:low,t:low,t:low,t:low,t:low,t:low,t:low,t:low,t:low,t:low,t:low,t:low,t:low,t:low,t:low,t:low,t:low,t:low,t:low,t:low,t:low,t:low,t:low,t:low,t:low,t:low,t:low,t:low,t:low,t:low,t:low,t:low,t:low,t:low,t:low,t:low,t:low,t:low,t:low,t:low,t:low,t:low,t:low,t:low,t:low,t:low,t:low,t:low,t:low,t:low,t:low,t:low,t:low,t:low,t:low,t:low,t:low,t:low,t:low,t:low,t:low,t:low,t:low,t:low,t:low,t:low,t:low,t:low,t:low,t:low,t:low,t:low,t:low,t:low,t:low,t:low,t:low,t:low,t:low,t:low,t:low,t:low,t:low,t:low,t:low,t:high,t:high,t:high,t:high,t:high,t:high,t:high,t:high,t:high,t:high,t:high,t:high,t:high,t:high,t:high,t:high,t:high,t:high",Caution
"t:low,t:low,t:low,t:low,t:low,t:low,t:low,t:low,t:low,t:low,t:low,t:low,t:low,t:low,t:low,t:low,t:low,t:low,t:low,t:low,t:low,t:low,t:low,t:low,t:low,t:low,t:low,t:low,t:low,t:low,t:low,t:low,t:low,t:low,t:low,t:low,t:low,t:low,t:low,t:low,t:low,t:low,t:low,t:low,t:low,t:low,t:low,t:low,t:low,t:low,t:low,t:low,t:low,t:low,t:low,t:low,t:low,t:low,t:low,t:low,t:low,t:low,t:low,t:low,t:low,t:low,t:low,t:low,t:low,t:low,t:low,t:low,t:low,t:low,t:low,t:low,t:low,t:low,t:low,t:low,t:low,t:low,t:low,t:low,t:low,t:low,t:low,t:low,t:low,t:low,t:low,t:low,t:low,t:low,t:low,t:low,t:high,t:high,t:high,t:high,t:high,t:high,t:high,t:high,t:high,t:high,t:high,t:high,t:high,t:high,t:high,t:high,t:high,t:high,t:high",Nominal
"t:low,t:low,t:low,t:low,t:low,t:low,t:low,t:low,t:low,t:low,t:low,t:low,t:low,t:low,t:low,t:low,t:low,t:low,t:low,t:low,t:low,t:low,t:low,t:low,t:low,t:low,t:low,t:low,t:low,t:low,t:low,t:low,t:low,t:low,t:low,t:low,t:low,t:low,t:low,t:low,t:low,t:low,t:low,t:low,t:low,t:low,t:low,t:low,t:low,t:low,t:low,t:low,t:low,t:low,t:low,t:low,t:low,t:low,t:low,t:low,t:low,t:low,t:low,t:low,t:low,t:low,t:low,t:low,t:low,t:low,t:low,t:low,t:low,t:low,t:low,t:low,t:low,t:low,t:low,t:low,t:low,t:low,t:low,t:low,t:low,t:low,t:low,t:low,t:low,t:low,t:low,t:low,t:low,t:low,t:low,t:low,t:high,t:high,t:high,t:high,t:high,t:high,t:high,t:high,t:high,t:high,t:high,t:high,t:high,t:high,t:high,t:high,t:high,t:high,t:high,t:high",Nominal
"t:low,t:low,t:low,t:low,t:low,t:low,t:low,t:low,t:low,t:low,t:low,t:low,t:low,t:low,t:low,t:low,t:low,t:low,t:low,t:low,t:low,t:low,t:low,t:low,t:low,t:low,t:low,t:low,t:low,t:low,t:low,t:low,t:low,t:low,t:low,t:low,t:low,t:low,t:low,t:low,t:low,t:low,t:low,t:low,t:low,t:low,t:low,t:low,t:low,t:low,t:low,t:low,t:low,t:low,t:low,t:low,t:low,t:low,t:low,t:low,t:low,t:low,t:low,t:low,t:low,t:low,t:low,t:low,t:low,t:low,t:low,t:low,t:low,t:low,t:low,t:low,t:low,t:low,t:low,t:low,t:low,t:low,t:low,t:low,t:low,t:low,t:low,t:low,t:low,t:low,t:low,t:low,t:low,t:low,t:low,t:low,t:high,t:high,t:high,t:high,t:high,t:high,t:high,t:high,t:high,t:high,t:high,t:high,t:high,t:high,t:high,t:high,t:high,t:high,t:high,t:high,t:high",Nominal
"t:low,t:low,t:low,t:low,t:low,t:low,t:low,t:low,t:low,t:low,t:low,t:low,t:low,t:low,t:low,t:low,t:low,t:low,t:low,t:low,t:low,t:low,t:low,t:low,t:low,t:low,t:low,t:low,t:low,t:low,t:low,t:low,t:low,t:low,t:low,t:low,t:low,t:low,t:low,t:low,t:low,t:low,t:low,t:low,t:low,t:low,t:low,t:low,t:low,t:low,t:low,t:low,t:low,t:low,t:low,t:low,t:low,t:low,t:low,t:low,t:low,t:low,t:low,t:low,t:low,t:low,t:low,t:low,t:low,t:low,t:low,t:low,t:low,t:low,t:low,t:low,t:low,t:low,t:low,t:low,t:low,t:low,t:low,t:low,t:low,t:low,t:low,t:low,t:low,t:low,t:low,t:low,t:low,t:low,t:low,t:low,t:high,t:high,t:high,t:high,t:high,t:high,t:high,t:high,t:high,t:high,t:high,t:high,t:high,t:high,t:high,t:high,t:high,t:high,t:high,t:high,t:high,t:high",Nominal
"t:low,t:low,t:low,t:low,t:low,t:low,t:low,t:low,t:low,t:low,t:low,t:low,t:low,t:low,t:low,t:low,t:low,t:low,t:low,t:low,t:low,t:low,t:low,t:low,t:low,t:low,t:low,t:low,t:low,t:low,t:low,t:low,t:low,t:low,t:low,t:low,t:low,t:low,t:low,t:low,t:low,t:low,t:low,t:low,t:low,t:low,t:low,t:low,t:low,t:low,t:low,t:low,t:low,t:low,t:low,t:low,t:low,t:low,t:low,t:low,t:low,t:low,t:low,t:low,t:low,t:low,t:low,t:low,t:low,t:low,t:low,t:low,t:low,t:low,t:low,t:low,t:low,t:low,t:low,t:low,t:low,t:low,t:low,t:low,t:low,t:low,t:low,t:low,t:low,t:low,t:low,t:low,t:low,t:low,t:low,t:low,t:high,t:high,t:high,t:high,t:high,t:high,t:high,t:high,t:high,t:high,t:high,t:high,t:high,t:high,t:high,t:high,t:high,t:high,t:high,t:high,t:high,t:high,t:high",Nominal
"t:low,t:low,t:low,t:low,t:low,t:low,t:low,t:low,t:low,t:low,t:low,t:low,t:low,t:low,t:low,t:low,t:low,t:low,t:low,t:low,t:low,t:low,t:low,t:low,t:low,t:low,t:low,t:low,t:low,t:low,t:low,t:low,t:low,t:low,t:low,t:low,t:low,t:low,t:low,t:low,t:low,t:low,t:low,t:low,t:low,t:low,t:low,t:low,t:low,t:low,t:low,t:low,t:low,t:low,t:low,t:low,t:low,t:low,t:low,t:low,t:low,t:low,t:low,t:low,t:low,t:low,t:low,t:low,t:low,t:low,t:low,t:low,t:low,t:low,t:low,t:low,t:low,t:low,t:low,t:low,t:low,t:low,t:low,t:low,t:low,t:low,t:low,t:low,t:low,t:low,t:low,t:low,t:low,t:low,t:low,t:low,t:high,t:high,t:high,t:high,t:high,t:high,t:high,t:high,t:high,t:high,t:high,t:high,t:high,t:high,t:high,t:high,t:high,t:high,t:high,t:high,t:high,t:high,t:high,t:high",Nominal
"t:low,t:low,t:low,t:low,t:low,t:low,t:low,t:low,t:low,t:low,t:low,t:low,t:low,t:low,t:low,t:low,t:low,t:low,t:low,t:low,t:low,t:low,t:low,t:low,t:low,t:low,t:low,t:low,t:low,t:low,t:low,t:low,t:low,t:low,t:low,t:low,t:low,t:low,t:low,t:low,t:low,t:low,t:low,t:low,t:low,t:low,t:low,t:low,t:low,t:low,t:low,t:low,t:low,t:low,t:low,t:low,t:low,t:low,t:low,t:low,t:low,t:low,t:low,t:low,t:low,t:low,t:low,t:low,t:low,t:low,t:low,t:low,t:low,t:low,t:low,t:low,t:low,t:low,t:low,t:low,t:low,t:low,t:low,t:low,t:low,t:low,t:low,t:low,t:low,t:low,t:low,t:low,t:low,t:low,t:low,t:low,t:high,t:high,t:high,t:high,t:high,t:high,t:high,t:high,t:high,t:high,t:high,t:high,t:high,t:high,t:high,t:high,t:high,t:high,t:high,t:high,t:high,t:high,t:high,t:high,t:high",Nominal
"t:low,t:low,t:low,t:low,t:low,t:low,t:low,t:low,t:low,t:low,t:low,t:low,t:low,t:low,t:low,t:low,t:low,t:low,t:low,t:low,t:low,t:low,t:low,t:low,t:low,t:low,t:low,t:low,t:low,t:low,t:low,t:low,t:low,t:low,t:low,t:low,t:low,t:low,t:low,t:low,t:low,t:low,t:low,t:low,t:low,t:low,t:low,t:low,t:low,t:low,t:low,t:low,t:low,t:low,t:low,t:low,t:low,t:low,t:low,t:low,t:low,t:low,t:low,t:low,t:low,t:low,t:low,t:low,t:low,t:low,t:low,t:low,t:low,t:low,t:low,t:low,t:low,t:low,t:low,t:low,t:low,t:low,t:low,t:low,t:low,t:low,t:low,t:low,t:low,t:low,t:low,t:low,t:low,t:low,t:low,t:low,t:high,t:high,t:high,t:high,t:high,t:high,t:high,t:high,t:high,t:high,t:high,t:high,t:high,t:high,t:high,t:high,t:high,t:high,t:high,t:high,t:high,t:high,t:high,t:high,t:high,t:high",Nominal
"t:low,t:low,t:low,t:low,t:low,t:low,t:low,t:low,t:low,t:low,t:low,t:low,t:low,t:low,t:low,t:low,t:low,t:low,t:low,t:low,t:low,t:low,t:low,t:low,t:low,t:low,t:low,t:low,t:low,t:low,t:low,t:low,t:low,t:low,t:low,t:low,t:low,t:low,t:low,t:low,t:low,t:low,t:low,t:low,t:low,t:low,t:low,t:low,t:low,t:low,t:low,t:low,t:low,t:low,t:low,t:low,t:low,t:low,t:low,t:low,t:low,t:low,t:low,t:low,t:low,t:low,t:low,t:low,t:low,t:low,t:low,t:low,t:low,t:low,t:low,t:low,t:low,t:low,t:low,t:low,t:low,t:low,t:low,t:low,t:low,t:low,t:low,t:low,t:low,t:low,t:low,t:low,t:low,t:low,t:low,t:low,t:high,t:high,t:high,t:high,t:high,t:high,t:high,t:high,t:high,t:high,t:high,t:high,t:high,t:high,t:high,t:high,t:high,t:high,t:high,t:high,t:high,t:high,t:high,t:high,t:high,t:high,t:high",Nominal
"t:low,t:low,t:low,t:low,t:low,t:low,t:low,t:low,t:low,t:low,t:low,t:low,t:low,t:low,t:low,t:low,t:low,t:low,t:low,t:low,t:low,t:low,t:low,t:low,t:low,t:low,t:low,t:low,t:low,t:low,t:low,t:low,t:low,t:low,t:low,t:low,t:low,t:low,t:low,t:low,t:low,t:low,t:low,t:low,t:low,t:low,t:low,t:low,t:low,t:low,t:low,t:low,t:low,t:low,t:low,t:low,t:low,t:low,t:low,t:low,t:low,t:low,t:low,t:low,t:low,t:low,t:low,t:low,t:low,t:low,t:low,t:low,t:low,t:low,t:low,t:low,t:low,t:low,t:low,t:low,t:low,t:low,t:low,t:low,t:low,t:low,t:low,t:low,t:low,t:low,t:low,t:low,t:low,t:low,t:low,t:low,t:high,t:high,t:high,t:high,t:high,t:high,t:high,t:high,t:high,t:high,t:high,t:high,t:high,t:high,t:high,t:high,t:high,t:high,t:high,t:high,t:high,t:high,t:high,t:high,t:high,t:high,t:high,t:high",Nominal
"t:low,t:low,t:low,t:low,t:low,t:low,t:low,t:low,t:low,t:low,t:low,t:low,t:low,t:low,t:low,t:low,t:low,t:low,t:low,t:low,t:low,t:low,t:low,t:low,t:low,t:low,t:low,t:low,t:low,t:low,t:low,t:low,t:low,t:low,t:low,t:low,t:low,t:low,t:low,t:low,t:low,t:low,t:low,t:low,t:low,t:low,t:low,t:low,t:low,t:low,t:low,t:low,t:low,t:low,t:low,t:low,t:low,t:low,t:low,t:low,t:low,t:low,t:low,t:low,t:low,t:low,t:low,t:low,t:low,t:low,t:low,t:low,t:low,t:low,t:low,t:low,t:low,t:low,t:low,t:low,t:low,t:low,t:low,t:low,t:low,t:low,t:low,t:low,t:low,t:low,t:low,t:low,t:low,t:low,t:low,t:low,t:high,t:high,t:high,t:high,t:high,t:high,t:high,t:high,t:high,t:high,t:high,t:high,t:high,t:high,t:high,t:high,t:high,t:high,t:high,t:high,t:high,t:high,t:high,t:high,t:high,t:high,t:high,t:high,t:high",Nominal
"t:low,t:low,t:low,t:low,t:low,t:low,t:low,t:low,t:low,t:low,t:low,t:low,t:low,t:low,t:low,t:low,t:low,t:low,t:low,t:low,t:low,t:low,t:low,t:low,t:low,t:low,t:low,t:low,t:low,t:low,t:low,t:low,t:low,t:low,t:low,t:low,t:low,t:low,t:low,t:low,t:low,t:low,t:low,t:low,t:low,t:low,t:low,t:low,t:low,t:low,t:low,t:low,t:low,t:low,t:low,t:low,t:low,t:low,t:low,t:low,t:low,t:low,t:low,t:low,t:low,t:low,t:low,t:low,t:low,t:low,t:low,t:low,t:low,t:low,t:low,t:low,t:low,t:low,t:low,t:low,t:low,t:low,t:low,t:low,t:low,t:low,t:low,t:low,t:low,t:low,t:low,t:low,t:low,t:low,t:low,t:low,t:high,t:high,t:high,t:high,t:high,t:high,t:high,t:high,t:high,t:high,t:high,t:high,t:high,t:high,t:high,t:high,t:high,t:high,t:high,t:high,t:high,t:high,t:high,t:high,t:high,t:high,t:high,t:high,t:high,t:high",Nominal
"t:low,t:low,t:low,t:low,t:low,t:low,t:low,t:low,t:low,t:low,t:low,t:low,t:low,t:low,t:low,t:low,t:low,t:low,t:low,t:low,t:low,t:low,t:low,t:low,t:low,t:low,t:low,t:low,t:low,t:low,t:low,t:low,t:low,t:low,t:low,t:low,t:low,t:low,t:low,t:low,t:low,t:low,t:low,t:low,t:low,t:low,t:low,t:low,t:low,t:low,t:low,t:low,t:low,t:low,t:low,t:low,t:low,t:low,t:low,t:low,t:low,t:low,t:low,t:low,t:low,t:low,t:low,t:low,t:low,t:low,t:low,t:low,t:low,t:low,t:low,t:low,t:low,t:low,t:low,t:low,t:low,t:low,t:low,t:low,t:low,t:low,t:low,t:low,t:low,t:low,t:low,t:low,t:low,t:low,t:low,t:low,t:high,t:high,t:high,t:high,t:high,t:high,t:high,t:high,t:high,t:high,t:high,t:high,t:high,t:high,t:high,t:high,t:high,t:high,t:high,t:high,t:high,t:high,t:high,t:high,t:high,t:high,t:high,t:high,t:high,t:high,t:low",Nominal
"t:low,t:low,t:low,t:low,t:low,t:low,t:low,t:low,t:low,t:low,t:low,t:low,t:low,t:low,t:low,t:low,t:low,t:low,t:low,t:low,t:low,t:low,t:low,t:low,t:low,t:low,t:low,t:low,t:low,t:low,t:low,t:low,t:low,t:low,t:low,t:low,t:low,t:low,t:low,t:low,t:low,t:low,t:low,t:low,t:low,t:low,t:low,t:low,t:low,t:low,t:low,t:low,t:low,t:low,t:low,t:low,t:low,t:low,t:low,t:low,t:low,t:low,t:low,t:low,t:low,t:low,t:low,t:low,t:low,t:low,t:low,t:low,t:low,t:low,t:low,t:low,t:low,t:low,t:low,t:low,t:low,t:low,t:low,t:low,t:low,t:low,t:low,t:low,t:low,t:low,t:low,t:low,t:low,t:low,t:low,t:low,t:high,t:high,t:high,t:high,t:high,t:high,t:high,t:high,t:high,t:high,t:high,t:high,t:high,t:high,t:high,t:high,t:high,t:high,t:high,t:high,t:high,t:high,t:high,t:high,t:high,t:high,t:high,t:high,t:high,t:high,t:low,t:low",Nominal
"t:low,t:low,t:low,t:low,t:low,t:low,t:low,t:low,t:low,t:low,t:low,t:low,t:low,t:low,t:low,t:low,t:low,t:low,t:low,t:low,t:low,t:low,t:low,t:low,t:low,t:low,t:low,t:low,t:low,t:low,t:low,t:low,t:low,t:low,t:low,t:low,t:low,t:low,t:low,t:low,t:low,t:low,t:low,t:low,t:low,t:low,t:low,t:low,t:low,t:low,t:low,t:low,t:low,t:low,t:low,t:low,t:low,t:low,t:low,t:low,t:low,t:low,t:low,t:low,t:low,t:low,t:low,t:low,t:low,t:low,t:low,t:low,t:low,t:low,t:low,t:low,t:low,t:low,t:low,t:low,t:low,t:low,t:low,t:low,t:low,t:low,t:low,t:low,t:low,t:low,t:low,t:low,t:low,t:low,t:low,t:low,t:high,t:high,t:high,t:high,t:high,t:high,t:high,t:high,t:high,t:high,t:high,t:high,t:high,t:high,t:high,t:high,t:high,t:high,t:high,t:high,t:high,t:high,t:high,t:high,t:high,t:high,t:high,t:high,t:high,t:high,t:low,t:low,t:low",Nominal
"t:low,t:low,t:low,t:low,t:low,t:low,t:low,t:low,t:low,t:low,t:low,t:low,t:low,t:low,t:low,t:low,t:low,t:low,t:low,t:low,t:low,t:low,t:low,t:low,t:low,t:low,t:low,t:low,t:low,t:low,t:low,t:low,t:low,t:low,t:low,t:low,t:low,t:low,t:low,t:low,t:low,t:low,t:low,t:low,t:low,t:low,t:low,t:low,t:low,t:low,t:low,t:low,t:low,t:low,t:low,t:low,t:low,t:low,t:low,t:low,t:low,t:low,t:low,t:low,t:low,t:low,t:low,t:low,t:low,t:low,t:low,t:low,t:low,t:low,t:low,t:low,t:low,t:low,t:low,t:low,t:low,t:low,t:low,t:low,t:low,t:low,t:low,t:low,t:low,t:low,t:low,t:low,t:low,t:low,t:low,t:low,t:high,t:high,t:high,t:high,t:high,t:high,t:high,t:high,t:high,t:high,t:high,t:high,t:high,t:high,t:high,t:high,t:high,t:high,t:high,t:high,t:high,t:high,t:high,t:high,t:high,t:high,t:high,t:high,t:high,t:high,t:low,t:low,t:low,t:low",Nominal
"t:low,t:low,t:low,t:low,t:low,t:low,t:low,t:low,t:low,t:low,t:low,t:low,t:low,t:low,t:low,t:low,t:low,t:low,t:low,t:low,t:low,t:low,t:low,t:low,t:low,t:low,t:low,t:low,t:low,t:low,t:low,t:low,t:low,t:low,t:low,t:low,t:low,t:low,t:low,t:low,t:low,t:low,t:low,t:low,t:low,t:low,t:low,t:low,t:low,t:low,t:low,t:low,t:low,t:low,t:low,t:low,t:low,t:low,t:low,t:low,t:low,t:low,t:low,t:low,t:low,t:low,t:low,t:low,t:low,t:low,t:low,t:low,t:low,t:low,t:low,t:low,t:low,t:low,t:low,t:low,t:low,t:low,t:low,t:low,t:low,t:low,t:low,t:low,t:low,t:low,t:low,t:low,t:low,t:low,t:low,t:low,t:high,t:high,t:high,t:high,t:high,t:high,t:high,t:high,t:high,t:high,t:high,t:high,t:high,t:high,t:high,t:high,t:high,t:high,t:high,t:high,t:high,t:high,t:high,t:high,t:high,t:high,t:high,t:high,t:high,t:high,t:low,t:low,t:low,t:low,t:low",Nominal
"t:low,t:low,t:low,t:low,t:low,t:low,t:low,t:low,t:low,t:low,t:low,t:low,t:low,t:low,t:low,t:low,t:low,t:low,t:low,t:low,t:low,t:low,t:low,t:low,t:low,t:low,t:low,t:low,t:low,t:low,t:low,t:low,t:low,t:low,t:low,t:low,t:low,t:low,t:low,t:low,t:low,t:low,t:low,t:low,t:low,t:low,t:low,t:low,t:low,t:low,t:low,t:low,t:low,t:low,t:low,t:low,t:low,t:low,t:low,t:low,t:low,t:low,t:low,t:low,t:low,t:low,t:low,t:low,t:low,t:low,t:low,t:low,t:low,t:low,t:low,t:low,t:low,t:low,t:low,t:low,t:low,t:low,t:low,t:low,t:low,t:low,t:low,t:low,t:low,t:low,t:low,t:low,t:low,t:low,t:low,t:low,t:high,t:high,t:high,t:high,t:high,t:high,t:high,t:high,t:high,t:high,t:high,t:high,t:high,t:high,t:high,t:high,t:high,t:high,t:high,t:high,t:high,t:high,t:high,t:high,t:high,t:high,t:high,t:high,t:high,t:high,t:low,t:low,t:low,t:low,t:low,t:low",Nominal
"t:low,t:low,t:low,t:low,t:low,t:low,t:low,t:low,t:low,t:low,t:low,t:low,t:low,t:low,t:low,t:low,t:low,t:low,t:low,t:low,t:low,t:low,t:low,t:low,t:low,t:low,t:low,t:low,t:low,t:low,t:low,t:low,t:low,t:low,t:low,t:low,t:low,t:low,t:low,t:low,t:low,t:low,t:low,t:low,t:low,t:low,t:low,t:low,t:low,t:low,t:low,t:low,t:low,t:low,t:low,t:low,t:low,t:low,t:low,t:low,t:low,t:low,t:low,t:low,t:low,t:low,t:low,t:low,t:low,t:low,t:low,t:low,t:low,t:low,t:low,t:low,t:low,t:low,t:low,t:low,t:low,t:low,t:low,t:low,t:low,t:low,t:low,t:low,t:low,t:low,t:low,t:low,t:low,t:low,t:low,t:low,t:high,t:high,t:high,t:high,t:high,t:high,t:high,t:high,t:high,t:high,t:high,t:high,t:high,t:high,t:high,t:high,t:high,t:high,t:high,t:high,t:high,t:high,t:high,t:high,t:high,t:high,t:high,t:high,t:high,t:high,t:low,t:low,t:low,t:low,t:low,t:low,t:low",Caution
"t:low,t:low,t:low,t:low,t:low,t:low,t:low,t:low,t:low,t:low,t:low,t:low,t:low,t:low,t:low,t:low,t:low,t:low,t:low,t:low,t:low,t:low,t:low,t:low,t:low,t:low,t:low,t:low,t:low,t:low,t:low,t:low,t:low,t:low,t:low,t:low,t:low,t:low,t:low,t:low,t:low,t:low,t:low,t:low,t:low,t:low,t:low,t:low,t:low,t:low,t:low,t:low,t:low,t:low,t:low,t:low,t:low,t:low,t:low,t:low,t:low,t:low,t:low,t:low,t:low,t:low,t:low,t:low,t:low,t:low,t:low,t:low,t:low,t:low,t:low,t:low,t:low,t:low,t:low,t:low,t:low,t:low,t:low,t:low,t:low,t:low,t:low,t:low,t:low,t:low,t:low,t:low,t:low,t:low,t:low,t:low,t:high,t:high,t:high,t:high,t:high,t:high,t:high,t:high,t:high,t:high,t:high,t:high,t:high,t:high,t:high,t:high,t:high,t:high,t:high,t:high,t:high,t:high,t:high,t:high,t:high,t:high,t:high,t:high,t:high,t:high,t:low,t:low,t:low,t:low,t:low,t:low,t:low,t:low",Caution
"t:low,t:low,t:low,t:low,t:low,t:low,t:low,t:low,t:low,t:low,t:low,t:low,t:low,t:low,t:low,t:low,t:low,t:low,t:low,t:low,t:low,t:low,t:low,t:low,t:low,t:low,t:low,t:low,t:low,t:low,t:low,t:low,t:low,t:low,t:low,t:low,t:low,t:low,t:low,t:low,t:low,t:low,t:low,t:low,t:low,t:low,t:low,t:low,t:low,t:low,t:low,t:low,t:low,t:low,t:low,t:low,t:low,t:low,t:low,t:low,t:low,t:low,t:low,t:low,t:low,t:low,t:low,t:low,t:low,t:low,t:low,t:low,t:low,t:low,t:low,t:low,t:low,t:low,t:low,t:low,t:low,t:low,t:low,t:low,t:low,t:low,t:low,t:low,t:low,t:low,t:low,t:low,t:low,t:low,t:low,t:low,t:high,t:high,t:high,t:high,t:high,t:high,t:high,t:high,t:high,t:high,t:high,t:high,t:high,t:high,t:high,t:high,t:high,t:high,t:high,t:high,t:high,t:high,t:high,t:high,t:high,t:high,t:high,t:high,t:high,t:high,t:low,t:low,t:low,t:low,t:low,t:low,t:low,t:low,t:low",Caution
"t:low,t:low,t:low,t:low,t:low,t:low,t:low,t:low,t:low,t:low,t:low,t:low,t:low,t:low,t:low,t:low,t:low,t:low,t:low,t:low,t:low,t:low,t:low,t:low,t:low,t:low,t:low,t:low,t:low,t:low,t:low,t:low,t:low,t:low,t:low,t:low,t:low,t:low,t:low,t:low,t:low,t:low,t:low,t:low,t:low,t:low,t:low,t:low,t:low,t:low,t:low,t:low,t:low,t:low,t:low,t:low,t:low,t:low,t:low,t:low,t:low,t:low,t:low,t:low,t:low,t:low,t:low,t:low,t:low,t:low,t:low,t:low,t:low,t:low,t:low,t:low,t:low,t:low,t:low,t:low,t:low,t:low,t:low,t:low,t:low,t:low,t:low,t:low,t:low,t:low,t:low,t:low,t:low,t:low,t:low,t:low,t:high,t:high,t:high,t:high,t:high,t:high,t:high,t:high,t:high,t:high,t:high,t:high,t:high,t:high,t:high,t:high,t:high,t:high,t:high,t:high,t:high,t:high,t:high,t:high,t:high,t:high,t:high,t:high,t:high,t:high,t:low,t:low,t:low,t:low,t:low,t:low,t:low,t:low,t:low,t:low",Caution
"t:low,t:low,t:low,t:low,t:low,t:low,t:low,t:low,t:low,t:low,t:low,t:low,t:low,t:low,t:low,t:low,t:low,t:low,t:low,t:low,t:low,t:low,t:low,t:low,t:low,t:low,t:low,t:low,t:low,t:low,t:low,t:low,t:low,t:low,t:low,t:low,t:low,t:low,t:low,t:low,t:low,t:low,t:low,t:low,t:low,t:low,t:low,t:low,t:low,t:low,t:low,t:low,t:low,t:low,t:low,t:low,t:low,t:low,t:low,t:low,t:low,t:low,t:low,t:low,t:low,t:low,t:low,t:low,t:low,t:low,t:low,t:low,t:low,t:low,t:low,t:low,t:low,t:low,t:low,t:low,t:low,t:low,t:low,t:low,t:low,t:low,t:low,t:low,t:low,t:low,t:low,t:low,t:low,t:low,t:low,t:low,t:high,t:high,t:high,t:high,t:high,t:high,t:high,t:high,t:high,t:high,t:high,t:high,t:high,t:high,t:high,t:high,t:high,t:high,t:high,t:high,t:high,t:high,t:high,t:high,t:high,t:high,t:high,t:high,t:high,t:high,t:low,t:low,t:low,t:low,t:low,t:low,t:low,t:low,t:low,t:low,t:low",Caution
"t:low,t:low,t:low,t:low,t:low,t:low,t:low,t:low,t:low,t:low,t:low,t:low,t:low,t:low,t:low,t:low,t:low,t:low,t:low,t:low,t:low,t:low,t:low,t:low,t:low,t:low,t:low,t:low,t:low,t:low,t:low,t:low,t:low,t:low,t:low,t:low,t:low,t:low,t:low,t:low,t:low,t:low,t:low,t:low,t:low,t:low,t:low,t:low,t:low,t:low,t:low,t:low,t:low,t:low,t:low,t:low,t:low,t:low,t:low,t:low,t:low,t:low,t:low,t:low,t:low,t:low,t:low,t:low,t:low,t:low,t:low,t:low,t:low,t:low,t:low,t:low,t:low,t:low,t:low,t:low,t:low,t:low,t:low,t:low,t:low,t:low,t:low,t:low,t:low,t:low,t:low,t:low,t:low,t:low,t:low,t:low,t:high,t:high,t:high,t:high,t:high,t:high,t:high,t:high,t:high,t:high,t:high,t:high,t:high,t:high,t:high,t:high,t:high,t:high,t:high,t:high,t:high,t:high,t:high,t:high,t:high,t:high,t:high,t:high,t:high,t:high,t:low,t:low,t:low,t:low,t:low,t:low,t:low,t:low,t:low,t:low,t:low,t:low",Caution
"t:low,t:low,t:low,t:low,t:low,t:low,t:low,t:low,t:low,t:low,t:low,t:low,t:low,t:low,t:low,t:low,t:low,t:low,t:low,t:low,t:low,t:low,t:low,t:low,t:low,t:low,t:low,t:low,t:low,t:low,t:low,t:low,t:low,t:low,t:low,t:low,t:low,t:low,t:low,t:low,t:low,t:low,t:low,t:low,t:low,t:low,t:low,t:low,t:low,t:low,t:low,t:low,t:low,t:low,t:low,t:low,t:low,t:low,t:low,t:low,t:low,t:low,t:low,t:low,t:low,t:low,t:low,t:low,t:low,t:low,t:low,t:low,t:low,t:low,t:low,t:low,t:low,t:low,t:low,t:low,t:low,t:low,t:low,t:low,t:low,t:low,t:low,t:low,t:low,t:low,t:low,t:low,t:low,t:low,t:low,t:low,t:high,t:high,t:high,t:high,t:high,t:high,t:high,t:high,t:high,t:high,t:high,t:high,t:high,t:high,t:high,t:high,t:high,t:high,t:high,t:high,t:high,t:high,t:high,t:high,t:high,t:high,t:high,t:high,t:high,t:high,t:low,t:low,t:low,t:low,t:low,t:low,t:low,t:low,t:low,t:low,t:low,t:low,t:low",Caution
"t:low,t:low,t:low,t:low,t:low,t:low,t:low,t:low,t:low,t:low,t:low,t:low,t:low,t:low,t:low,t:low,t:low,t:low,t:low,t:low,t:low,t:low,t:low,t:low,t:low,t:low,t:low,t:low,t:low,t:low,t:low,t:low,t:low,t:low,t:low,t:low,t:low,t:low,t:low,t:low,t:low,t:low,t:low,t:low,t:low,t:low,t:low,t:low,t:low,t:low,t:low,t:low,t:low,t:low,t:low,t:low,t:low,t:low,t:low,t:low,t:low,t:low,t:low,t:low,t:low,t:low,t:low,t:low,t:low,t:low,t:low,t:low,t:low,t:low,t:low,t:low,t:low,t:low,t:low,t:low,t:low,t:low,t:low,t:low,t:low,t:low,t:low,t:low,t:low,t:low,t:low,t:low,t:low,t:low,t:low,t:low,t:high,t:high,t:high,t:high,t:high,t:high,t:high,t:high,t:high,t:high,t:high,t:high,t:high,t:high,t:high,t:high,t:high,t:high,t:high,t:high,t:high,t:high,t:high,t:high,t:high,t:high,t:high,t:high,t:high,t:high,t:low,t:low,t:low,t:low,t:low,t:low,t:low,t:low,t:low,t:low,t:low,t:low,t:low,t:low",Caution
"t:low,t:low,t:low,t:low,t:low,t:low,t:low,t:low,t:low,t:low,t:low,t:low,t:low,t:low,t:low,t:low,t:low,t:low,t:low,t:low,t:low,t:low,t:low,t:low,t:low,t:low,t:low,t:low,t:low,t:low,t:low,t:low,t:low,t:low,t:low,t:low,t:low,t:low,t:low,t:low,t:low,t:low,t:low,t:low,t:low,t:low,t:low,t:low,t:low,t:low,t:low,t:low,t:low,t:low,t:low,t:low,t:low,t:low,t:low,t:low,t:low,t:low,t:low,t:low,t:low,t:low,t:low,t:low,t:low,t:low,t:low,t:low,t:low,t:low,t:low,t:low,t:low,t:low,t:low,t:low,t:low,t:low,t:low,t:low,t:low,t:low,t:low,t:low,t:low,t:low,t:low,t:low,t:low,t:low,t:low,t:low,t:high,t:high,t:high,t:high,t:high,t:high,t:high,t:high,t:high,t:high,t:high,t:high,t:high,t:high,t:high,t:high,t:high,t:high,t:high,t:high,t:high,t:high,t:high,t:high,t:high,t:high,t:high,t:high,t:high,t:high,t:low,t:low,t:low,t:low,t:low,t:low,t:low,t:low,t:low,t:low,t:low,t:low,t:low,t:low,t:low",Caution
"t:low,t:low,t:low,t:low,t:low,t:low,t:low,t:low,t:low,t:low,t:low,t:low,t:low,t:low,t:low,t:low,t:low,t:low,t:low,t:low,t:low,t:low,t:low,t:low,t:low,t:low,t:low,t:low,t:low,t:low,t:low,t:low,t:low,t:low,t:low,t:low,t:low,t:low,t:low,t:low,t:low,t:low,t:low,t:low,t:low,t:low,t:low,t:low,t:low,t:low,t:low,t:low,t:low,t:low,t:low,t:low,t:low,t:low,t:low,t:low,t:low,t:low,t:low,t:low,t:low,t:low,t:low,t:low,t:low,t:low,t:low,t:low,t:low,t:low,t:low,t:low,t:low,t:low,t:low,t:low,t:low,t:low,t:low,t:low,t:low,t:low,t:low,t:low,t:low,t:low,t:low,t:low,t:low,t:low,t:low,t:low,t:high,t:high,t:high,t:high,t:high,t:high,t:high,t:high,t:high,t:high,t:high,t:high,t:high,t:high,t:high,t:high,t:high,t:high,t:high,t:high,t:high,t:high,t:high,t:high,t:high,t:high,t:high,t:high,t:high,t:high,t:low,t:low,t:low,t:low,t:low,t:low,t:low,t:low,t:low,t:low,t:low,t:low,t:low,t:low,t:low,t:low",Caution
"t:low,t:low,t:low,t:low,t:low,t:low,t:low,t:low,t:low,t:low,t:low,t:low,t:low,t:low,t:low,t:low,t:low,t:low,t:low,t:low,t:low,t:low,t:low,t:low,t:low,t:low,t:low,t:low,t:low,t:low,t:low,t:low,t:low,t:low,t:low,t:low,t:low,t:low,t:low,t:low,t:low,t:low,t:low,t:low,t:low,t:low,t:low,t:low,t:low,t:low,t:low,t:low,t:low,t:low,t:low,t:low,t:low,t:low,t:low,t:low,t:low,t:low,t:low,t:low,t:low,t:low,t:low,t:low,t:low,t:low,t:low,t:low,t:low,t:low,t:low,t:low,t:low,t:low,t:low,t:low,t:low,t:low,t:low,t:low,t:low,t:low,t:low,t:low,t:low,t:low,t:low,t:low,t:low,t:low,t:low,t:low,t:high,t:high,t:high,t:high,t:high,t:high,t:high,t:high,t:high,t:high,t:high,t:high,t:high,t:high,t:high,t:high,t:high,t:high,t:high,t:high,t:high,t:high,t:high,t:high,t:high,t:high,t:high,t:high,t:high,t:high,t:low,t:low,t:low,t:low,t:low,t:low,t:low,t:low,t:low,t:low,t:low,t:low,t:low,t:low,t:low,t:low,t:low",Caution
"t:low,t:low,t:low,t:low,t:low,t:low,t:low,t:low,t:low,t:low,t:low,t:low,t:low,t:low,t:low,t:low,t:low,t:low,t:low,t:low,t:low,t:low,t:low,t:low,t:low,t:low,t:low,t:low,t:low,t:low,t:low,t:low,t:low,t:low,t:low,t:low,t:low,t:low,t:low,t:low,t:low,t:low,t:low,t:low,t:low,t:low,t:low,t:low,t:low,t:low,t:low,t:low,t:low,t:low,t:low,t:low,t:low,t:low,t:low,t:low,t:low,t:low,t:low,t:low,t:low,t:low,t:low,t:low,t:low,t:low,t:low,t:low,t:low,t:low,t:low,t:low,t:low,t:low,t:low,t:low,t:low,t:low,t:low,t:low,t:low,t:low,t:low,t:low,t:low,t:low,t:low,t:low,t:low,t:low,t:low,t:low,t:high,t:high,t:high,t:high,t:high,t:high,t:high,t:high,t:high,t:high,t:high,t:high,t:high,t:high,t:high,t:high,t:high,t:high,t:high,t:high,t:high,t:high,t:high,t:high,t:high,t:high,t:high,t:high,t:high,t:high,t:low,t:low,t:low,t:low,t:low,t:low,t:low,t:low,t:low,t:low,t:low,t:low,t:low,t:low,t:low,t:low,t:low,t:low",Nominal
"t:low,t:low,t:low,t:low,t:low,t:low,t:low,t:low,t:low,t:low,t:low,t:low,t:low,t:low,t:low,t:low,t:low,t:low,t:low,t:low,t:low,t:low,t:low,t:low,t:low,t:low,t:low,t:low,t:low,t:low,t:low,t:low,t:low,t:low,t:low,t:low,t:low,t:low,t:low,t:low,t:low,t:low,t:low,t:low,t:low,t:low,t:low,t:low,t:low,t:low,t:low,t:low,t:low,t:low,t:low,t:low,t:low,t:low,t:low,t:low,t:low,t:low,t:low,t:low,t:low,t:low,t:low,t:low,t:low,t:low,t:low,t:low,t:low,t:low,t:low,t:low,t:low,t:low,t:low,t:low,t:low,t:low,t:low,t:low,t:low,t:low,t:low,t:low,t:low,t:low,t:low,t:low,t:low,t:low,t:low,t:low,t:high,t:high,t:high,t:high,t:high,t:high,t:high,t:high,t:high,t:high,t:high,t:high,t:high,t:high,t:high,t:high,t:high,t:high,t:high,t:high,t:high,t:high,t:high,t:high,t:high,t:high,t:high,t:high,t:high,t:high,t:low,t:low,t:low,t:low,t:low,t:low,t:low,t:low,t:low,t:low,t:low,t:low,t:low,t:low,t:low,t:low,t:low,t:low,t:low",Nominal
"t:low,t:low,t:low,t:low,t:low,t:low,t:low,t:low,t:low,t:low,t:low,t:low,t:low,t:low,t:low,t:low,t:low,t:low,t:low,t:low,t:low,t:low,t:low,t:low,t:low,t:low,t:low,t:low,t:low,t:low,t:low,t:low,t:low,t:low,t:low,t:low,t:low,t:low,t:low,t:low,t:low,t:low,t:low,t:low,t:low,t:low,t:low,t:low,t:low,t:low,t:low,t:low,t:low,t:low,t:low,t:low,t:low,t:low,t:low,t:low,t:low,t:low,t:low,t:low,t:low,t:low,t:low,t:low,t:low,t:low,t:low,t:low,t:low,t:low,t:low,t:low,t:low,t:low,t:low,t:low,t:low,t:low,t:low,t:low,t:low,t:low,t:low,t:low,t:low,t:low,t:low,t:low,t:low,t:low,t:low,t:low,t:high,t:high,t:high,t:high,t:high,t:high,t:high,t:high,t:high,t:high,t:high,t:high,t:high,t:high,t:high,t:high,t:high,t:high,t:high,t:high,t:high,t:high,t:high,t:high,t:high,t:high,t:high,t:high,t:high,t:high,t:low,t:low,t:low,t:low,t:low,t:low,t:low,t:low,t:low,t:low,t:low,t:low,t:low,t:low,t:low,t:low,t:low,t:low,t:low,t:low",Nominal
"t:low,t:low,t:low,t:low,t:low,t:low,t:low,t:low,t:low,t:low,t:low,t:low,t:low,t:low,t:low,t:low,t:low,t:low,t:low,t:low,t:low,t:low,t:low,t:low,t:low,t:low,t:low,t:low,t:low,t:low,t:low,t:low,t:low,t:low,t:low,t:low,t:low,t:low,t:low,t:low,t:low,t:low,t:low,t:low,t:low,t:low,t:low,t:low,t:low,t:low,t:low,t:low,t:low,t:low,t:low,t:low,t:low,t:low,t:low,t:low,t:low,t:low,t:low,t:low,t:low,t:low,t:low,t:low,t:low,t:low,t:low,t:low,t:low,t:low,t:low,t:low,t:low,t:low,t:low,t:low,t:low,t:low,t:low,t:low,t:low,t:low,t:low,t:low,t:low,t:low,t:low,t:low,t:low,t:low,t:low,t:low,t:high,t:high,t:high,t:high,t:high,t:high,t:high,t:high,t:high,t:high,t:high,t:high,t:high,t:high,t:high,t:high,t:high,t:high,t:high,t:high,t:high,t:high,t:high,t:high,t:high,t:high,t:high,t:high,t:high,t:high,t:low,t:low,t:low,t:low,t:low,t:low,t:low,t:low,t:low,t:low,t:low,t:low,t:low,t:low,t:low,t:low,t:low,t:low,t:low,t:low,t:low",Nominal
"t:low,t:low,t:low,t:low,t:low,t:low,t:low,t:low,t:low,t:low,t:low,t:low,t:low,t:low,t:low,t:low,t:low,t:low,t:low,t:low,t:low,t:low,t:low,t:low,t:low,t:low,t:low,t:low,t:low,t:low,t:low,t:low,t:low,t:low,t:low,t:low,t:low,t:low,t:low,t:low,t:low,t:low,t:low,t:low,t:low,t:low,t:low,t:low,t:low,t:low,t:low,t:low,t:low,t:low,t:low,t:low,t:low,t:low,t:low,t:low,t:low,t:low,t:low,t:low,t:low,t:low,t:low,t:low,t:low,t:low,t:low,t:low,t:low,t:low,t:low,t:low,t:low,t:low,t:low,t:low,t:low,t:low,t:low,t:low,t:low,t:low,t:low,t:low,t:low,t:low,t:low,t:low,t:low,t:low,t:low,t:low,t:high,t:high,t:high,t:high,t:high,t:high,t:high,t:high,t:high,t:high,t:high,t:high,t:high,t:high,t:high,t:high,t:high,t:high,t:high,t:high,t:high,t:high,t:high,t:high,t:high,t:high,t:high,t:high,t:high,t:high,t:low,t:low,t:low,t:low,t:low,t:low,t:low,t:low,t:low,t:low,t:low,t:low,t:low,t:low,t:low,t:low,t:low,t:low,t:low,t:low,t:low,t:low",Nominal
"t:low,t:low,t:low,t:low,t:low,t:low,t:low,t:low,t:low,t:low,t:low,t:low,t:low,t:low,t:low,t:low,t:low,t:low,t:low,t:low,t:low,t:low,t:low,t:low,t:low,t:low,t:low,t:low,t:low,t:low,t:low,t:low,t:low,t:low,t:low,t:low,t:low,t:low,t:low,t:low,t:low,t:low,t:low,t:low,t:low,t:low,t:low,t:low,t:low,t:low,t:low,t:low,t:low,t:low,t:low,t:low,t:low,t:low,t:low,t:low,t:low,t:low,t:low,t:low,t:low,t:low,t:low,t:low,t:low,t:low,t:low,t:low,t:low,t:low,t:low,t:low,t:low,t:low,t:low,t:low,t:low,t:low,t:low,t:low,t:low,t:low,t:low,t:low,t:low,t:low,t:low,t:low,t:low,t:low,t:low,t:low,t:high,t:high,t:high,t:high,t:high,t:high,t:high,t:high,t:high,t:high,t:high,t:high,t:high,t:high,t:high,t:high,t:high,t:high,t:high,t:high,t:high,t:high,t:high,t:high,t:high,t:high,t:high,t:high,t:high,t:high,t:low,t:low,t:low,t:low,t:low,t:low,t:low,t:low,t:low,t:low,t:low,t:low,t:low,t:low,t:low,t:low,t:low,t:low,t:low,t:low,t:low,t:low,t:low",Nominal
"t:low,t:low,t:low,t:low,t:low,t:low,t:low,t:low,t:low,t:low,t:low,t:low,t:low,t:low,t:low,t:low,t:low,t:low,t:low,t:low,t:low,t:low,t:low,t:low,t:low,t:low,t:low,t:low,t:low,t:low,t:low,t:low,t:low,t:low,t:low,t:low,t:low,t:low,t:low,t:low,t:low,t:low,t:low,t:low,t:low,t:low,t:low,t:low,t:low,t:low,t:low,t:low,t:low,t:low,t:low,t:low,t:low,t:low,t:low,t:low,t:low,t:low,t:low,t:low,t:low,t:low,t:low,t:low,t:low,t:low,t:low,t:low,t:low,t:low,t:low,t:low,t:low,t:low,t:low,t:low,t:low,t:low,t:low,t:low,t:low,t:low,t:low,t:low,t:low,t:low,t:low,t:low,t:low,t:low,t:low,t:low,t:high,t:high,t:high,t:high,t:high,t:high,t:high,t:high,t:high,t:high,t:high,t:high,t:high,t:high,t:high,t:high,t:high,t:high,t:high,t:high,t:high,t:high,t:high,t:high,t:high,t:high,t:high,t:high,t:high,t:high,t:low,t:low,t:low,t:low,t:low,t:low,t:low,t:low,t:low,t:low,t:low,t:low,t:low,t:low,t:low,t:low,t:low,t:low,t:low,t:low,t:low,t:low,t:low,t:low",Nominal
"t:low,t:low,t:low,t:low,t:low,t:low,t:low,t:low,t:low,t:low,t:low,t:low,t:low,t:low,t:low,t:low,t:low,t:low,t:low,t:low,t:low,t:low,t:low,t:low,t:low,t:low,t:low,t:low,t:low,t:low,t:low,t:low,t:low,t:low,t:low,t:low,t:low,t:low,t:low,t:low,t:low,t:low,t:low,t:low,t:low,t:low,t:low,t:low,t:low,t:low,t:low,t:low,t:low,t:low,t:low,t:low,t:low,t:low,t:low,t:low,t:low,t:low,t:low,t:low,t:low,t:low,t:low,t:low,t:low,t:low,t:low,t:low,t:low,t:low,t:low,t:low,t:low,t:low,t:low,t:low,t:low,t:low,t:low,t:low,t:low,t:low,t:low,t:low,t:low,t:low,t:low,t:low,t:low,t:low,t:low,t:low,t:high,t:high,t:high,t:high,t:high,t:high,t:high,t:high,t:high,t:high,t:high,t:high,t:high,t:high,t:high,t:high,t:high,t:high,t:high,t:high,t:high,t:high,t:high,t:high,t:high,t:high,t:high,t:high,t:high,t:high,t:low,t:low,t:low,t:low,t:low,t:low,t:low,t:low,t:low,t:low,t:low,t:low,t:low,t:low,t:low,t:low,t:low,t:low,t:low,t:low,t:low,t:low,t:low,t:low,t:low",Nominal
"t:low,t:low,t:low,t:low,t:low,t:low,t:low,t:low,t:low,t:low,t:low,t:low,t:low,t:low,t:low,t:low,t:low,t:low,t:low,t:low,t:low,t:low,t:low,t:low,t:low,t:low,t:low,t:low,t:low,t:low,t:low,t:low,t:low,t:low,t:low,t:low,t:low,t:low,t:low,t:low,t:low,t:low,t:low,t:low,t:low,t:low,t:low,t:low,t:low,t:low,t:low,t:low,t:low,t:low,t:low,t:low,t:low,t:low,t:low,t:low,t:low,t:low,t:low,t:low,t:low,t:low,t:low,t:low,t:low,t:low,t:low,t:low,t:low,t:low,t:low,t:low,t:low,t:low,t:low,t:low,t:low,t:low,t:low,t:low,t:low,t:low,t:low,t:low,t:low,t:low,t:low,t:low,t:low,t:low,t:low,t:low,t:high,t:high,t:high,t:high,t:high,t:high,t:high,t:high,t:high,t:high,t:high,t:high,t:high,t:high,t:high,t:high,t:high,t:high,t:high,t:high,t:high,t:high,t:high,t:high,t:high,t:high,t:high,t:high,t:high,t:high,t:low,t:low,t:low,t:low,t:low,t:low,t:low,t:low,t:low,t:low,t:low,t:low,t:low,t:low,t:low,t:low,t:low,t:low,t:low,t:low,t:low,t:low,t:low,t:low,t:low,t:low",Nominal
"t:low,t:low,t:low,t:low,t:low,t:low,t:low,t:low,t:low,t:low,t:low,t:low,t:low,t:low,t:low,t:low,t:low,t:low,t:low,t:low,t:low,t:low,t:low,t:low,t:low,t:low,t:low,t:low,t:low,t:low,t:low,t:low,t:low,t:low,t:low,t:low,t:low,t:low,t:low,t:low,t:low,t:low,t:low,t:low,t:low,t:low,t:low,t:low,t:low,t:low,t:low,t:low,t:low,t:low,t:low,t:low,t:low,t:low,t:low,t:low,t:low,t:low,t:low,t:low,t:low,t:low,t:low,t:low,t:low,t:low,t:low,t:low,t:low,t:low,t:low,t:low,t:low,t:low,t:low,t:low,t:low,t:low,t:low,t:low,t:low,t:low,t:low,t:low,t:low,t:low,t:low,t:low,t:low,t:low,t:low,t:low,t:high,t:high,t:high,t:high,t:high,t:high,t:high,t:high,t:high,t:high,t:high,t:high,t:high,t:high,t:high,t:high,t:high,t:high,t:high,t:high,t:high,t:high,t:high,t:high,t:high,t:high,t:high,t:high,t:high,t:high,t:low,t:low,t:low,t:low,t:low,t:low,t:low,t:low,t:low,t:low,t:low,t:low,t:low,t:low,t:low,t:low,t:low,t:low,t:low,t:low,t:low,t:low,t:low,t:low,t:low,t:low,t:low",Nominal
"t:low,t:low,t:low,t:low,t:low,t:low,t:low,t:low,t:low,t:low,t:low,t:low,t:low,t:low,t:low,t:low,t:low,t:low,t:low,t:low,t:low,t:low,t:low,t:low,t:low,t:low,t:low,t:low,t:low,t:low,t:low,t:low,t:low,t:low,t:low,t:low,t:low,t:low,t:low,t:low,t:low,t:low,t:low,t:low,t:low,t:low,t:low,t:low,t:low,t:low,t:low,t:low,t:low,t:low,t:low,t:low,t:low,t:low,t:low,t:low,t:low,t:low,t:low,t:low,t:low,t:low,t:low,t:low,t:low,t:low,t:low,t:low,t:low,t:low,t:low,t:low,t:low,t:low,t:low,t:low,t:low,t:low,t:low,t:low,t:low,t:low,t:low,t:low,t:low,t:low,t:low,t:low,t:low,t:low,t:low,t:low,t:high,t:high,t:high,t:high,t:high,t:high,t:high,t:high,t:high,t:high,t:high,t:high,t:high,t:high,t:high,t:high,t:high,t:high,t:high,t:high,t:high,t:high,t:high,t:high,t:high,t:high,t:high,t:high,t:high,t:high,t:low,t:low,t:low,t:low,t:low,t:low,t:low,t:low,t:low,t:low,t:low,t:low,t:low,t:low,t:low,t:low,t:low,t:low,t:low,t:low,t:low,t:low,t:low,t:low,t:low,t:low,t:low,t:low",Nominal
"t:low,t:low,t:low,t:low,t:low,t:low,t:low,t:low,t:low,t:low,t:low,t:low,t:low,t:low,t:low,t:low,t:low,t:low,t:low,t:low,t:low,t:low,t:low,t:low,t:low,t:low,t:low,t:low,t:low,t:low,t:low,t:low,t:low,t:low,t:low,t:low,t:low,t:low,t:low,t:low,t:low,t:low,t:low,t:low,t:low,t:low,t:low,t:low,t:low,t:low,t:low,t:low,t:low,t:low,t:low,t:low,t:low,t:low,t:low,t:low,t:low,t:low,t:low,t:low,t:low,t:low,t:low,t:low,t:low,t:low,t:low,t:low,t:low,t:low,t:low,t:low,t:low,t:low,t:low,t:low,t:low,t:low,t:low,t:low,t:low,t:low,t:low,t:low,t:low,t:low,t:low,t:low,t:low,t:low,t:low,t:low,t:high,t:high,t:high,t:high,t:high,t:high,t:high,t:high,t:high,t:high,t:high,t:high,t:high,t:high,t:high,t:high,t:high,t:high,t:high,t:high,t:high,t:high,t:high,t:high,t:high,t:high,t:high,t:high,t:high,t:high,t:low,t:low,t:low,t:low,t:low,t:low,t:low,t:low,t:low,t:low,t:low,t:low,t:low,t:low,t:low,t:low,t:low,t:low,t:low,t:low,t:low,t:low,t:low,t:low,t:low,t:low,t:low,t:low,t:low",Nominal
"t:low,t:low,t:low,t:low,t:low,t:low,t:low,t:low,t:low,t:low,t:low,t:low,t:low,t:low,t:low,t:low,t:low,t:low,t:low,t:low,t:low,t:low,t:low,t:low,t:low,t:low,t:low,t:low,t:low,t:low,t:low,t:low,t:low,t:low,t:low,t:low,t:low,t:low,t:low,t:low,t:low,t:low,t:low,t:low,t:low,t:low,t:low,t:low,t:low,t:low,t:low,t:low,t:low,t:low,t:low,t:low,t:low,t:low,t:low,t:low,t:low,t:low,t:low,t:low,t:low,t:low,t:low,t:low,t:low,t:low,t:low,t:low,t:low,t:low,t:low,t:low,t:low,t:low,t:low,t:low,t:low,t:low,t:low,t:low,t:low,t:low,t:low,t:low,t:low,t:low,t:low,t:low,t:low,t:low,t:low,t:low,t:high,t:high,t:high,t:high,t:high,t:high,t:high,t:high,t:high,t:high,t:high,t:high,t:high,t:high,t:high,t:high,t:high,t:high,t:high,t:high,t:high,t:high,t:high,t:high,t:high,t:high,t:high,t:high,t:high,t:high,t:low,t:low,t:low,t:low,t:low,t:low,t:low,t:low,t:low,t:low,t:low,t:low,t:low,t:low,t:low,t:low,t:low,t:low,t:low,t:low,t:low,t:low,t:low,t:low,t:low,t:low,t:low,t:low,t:low,t:low",Nominal
"t:low,t:low,t:low,t:low,t:low,t:low,t:low,t:low,t:low,t:low,t:low,t:low,t:low,t:low,t:low,t:low,t:low,t:low,t:low,t:low,t:low,t:low,t:low,t:low,t:low,t:low,t:low,t:low,t:low,t:low,t:low,t:low,t:low,t:low,t:low,t:low,t:low,t:low,t:low,t:low,t:low,t:low,t:low,t:low,t:low,t:low,t:low,t:low,t:low,t:low,t:low,t:low,t:low,t:low,t:low,t:low,t:low,t:low,t:low,t:low,t:low,t:low,t:low,t:low,t:low,t:low,t:low,t:low,t:low,t:low,t:low,t:low,t:low,t:low,t:low,t:low,t:low,t:low,t:low,t:low,t:low,t:low,t:low,t:low,t:low,t:low,t:low,t:low,t:low,t:low,t:low,t:low,t:low,t:low,t:low,t:low,t:high,t:high,t:high,t:high,t:high,t:high,t:high,t:high,t:high,t:high,t:high,t:high,t:high,t:high,t:high,t:high,t:high,t:high,t:high,t:high,t:high,t:high,t:high,t:high,t:high,t:high,t:high,t:high,t:high,t:high,t:low,t:low,t:low,t:low,t:low,t:low,t:low,t:low,t:low,t:low,t:low,t:low,t:low,t:low,t:low,t:low,t:low,t:low,t:low,t:low,t:low,t:low,t:low,t:low,t:low,t:low,t:low,t:low,t:low,t:low,t:low",Nominal
"t:low,t:low,t:low,t:low,t:low,t:low,t:low,t:low,t:low,t:low,t:low,t:low,t:low,t:low,t:low,t:low,t:low,t:low,t:low,t:low,t:low,t:low,t:low,t:low,t:low,t:low,t:low,t:low,t:low,t:low,t:low,t:low,t:low,t:low,t:low,t:low,t:low,t:low,t:low,t:low,t:low,t:low,t:low,t:low,t:low,t:low,t:low,t:low,t:low,t:low,t:low,t:low,t:low,t:low,t:low,t:low,t:low,t:low,t:low,t:low,t:low,t:low,t:low,t:low,t:low,t:low,t:low,t:low,t:low,t:low,t:low,t:low,t:low,t:low,t:low,t:low,t:low,t:low,t:low,t:low,t:low,t:low,t:low,t:low,t:low,t:low,t:low,t:low,t:low,t:low,t:low,t:low,t:low,t:low,t:low,t:low,t:high,t:high,t:high,t:high,t:high,t:high,t:high,t:high,t:high,t:high,t:high,t:high,t:high,t:high,t:high,t:high,t:high,t:high,t:high,t:high,t:high,t:high,t:high,t:high,t:high,t:high,t:high,t:high,t:high,t:high,t:low,t:low,t:low,t:low,t:low,t:low,t:low,t:low,t:low,t:low,t:low,t:low,t:low,t:low,t:low,t:low,t:low,t:low,t:low,t:low,t:low,t:low,t:low,t:low,t:low,t:low,t:low,t:low,t:low,t:low,t:low,t:low",Nominal
"t:low,t:low,t:low,t:low,t:low,t:low,t:low,t:low,t:low,t:low,t:low,t:low,t:low,t:low,t:low,t:low,t:low,t:low,t:low,t:low,t:low,t:low,t:low,t:low,t:low,t:low,t:low,t:low,t:low,t:low,t:low,t:low,t:low,t:low,t:low,t:low,t:low,t:low,t:low,t:low,t:low,t:low,t:low,t:low,t:low,t:low,t:low,t:low,t:low,t:low,t:low,t:low,t:low,t:low,t:low,t:low,t:low,t:low,t:low,t:low,t:low,t:low,t:low,t:low,t:low,t:low,t:low,t:low,t:low,t:low,t:low,t:low,t:low,t:low,t:low,t:low,t:low,t:low,t:low,t:low,t:low,t:low,t:low,t:low,t:low,t:low,t:low,t:low,t:low,t:low,t:low,t:low,t:low,t:low,t:low,t:low,t:high,t:high,t:high,t:high,t:high,t:high,t:high,t:high,t:high,t:high,t:high,t:high,t:high,t:high,t:high,t:high,t:high,t:high,t:high,t:high,t:high,t:high,t:high,t:high,t:high,t:high,t:high,t:high,t:high,t:high,t:low,t:low,t:low,t:low,t:low,t:low,t:low,t:low,t:low,t:low,t:low,t:low,t:low,t:low,t:low,t:low,t:low,t:low,t:low,t:low,t:low,t:low,t:low,t:low,t:low,t:low,t:low,t:low,t:low,t:low,t:low,t:low,t:low",Nominal
"t:low,t:low,t:low,t:low,t:low,t:low,t:low,t:low,t:low,t:low,t:low,t:low,t:low,t:low,t:low,t:low,t:low,t:low,t:low,t:low,t:low,t:low,t:low,t:low,t:low,t:low,t:low,t:low,t:low,t:low,t:low,t:low,t:low,t:low,t:low,t:low,t:low,t:low,t:low,t:low,t:low,t:low,t:low,t:low,t:low,t:low,t:low,t:low,t:low,t:low,t:low,t:low,t:low,t:low,t:low,t:low,t:low,t:low,t:low,t:low,t:low,t:low,t:low,t:low,t:low,t:low,t:low,t:low,t:low,t:low,t:low,t:low,t:low,t:low,t:low,t:low,t:low,t:low,t:low,t:low,t:low,t:low,t:low,t:low,t:low,t:low,t:low,t:low,t:low,t:low,t:low,t:low,t:low,t:low,t:low,t:low,t:high,t:high,t:high,t:high,t:high,t:high,t:high,t:high,t:high,t:high,t:high,t:high,t:high,t:high,t:high,t:high,t:high,t:high,t:high,t:high,t:high,t:high,t:high,t:high,t:high,t:high,t:high,t:high,t:high,t:high,t:low,t:low,t:low,t:low,t:low,t:low,t:low,t:low,t:low,t:low,t:low,t:low,t:low,t:low,t:low,t:low,t:low,t:low,t:low,t:low,t:low,t:low,t:low,t:low,t:low,t:low,t:low,t:low,t:low,t:low,t:low,t:low,t:low,t:low",Nominal
"t:low,t:low,t:low,t:low,t:low,t:low,t:low,t:low,t:low,t:low,t:low,t:low,t:low,t:low,t:low,t:low,t:low,t:low,t:low,t:low,t:low,t:low,t:low,t:low,t:low,t:low,t:low,t:low,t:low,t:low,t:low,t:low,t:low,t:low,t:low,t:low,t:low,t:low,t:low,t:low,t:low,t:low,t:low,t:low,t:low,t:low,t:low,t:low,t:low,t:low,t:low,t:low,t:low,t:low,t:low,t:low,t:low,t:low,t:low,t:low,t:low,t:low,t:low,t:low,t:low,t:low,t:low,t:low,t:low,t:low,t:low,t:low,t:low,t:low,t:low,t:low,t:low,t:low,t:low,t:low,t:low,t:low,t:low,t:low,t:low,t:low,t:low,t:low,t:low,t:low,t:low,t:low,t:low,t:low,t:low,t:low,t:high,t:high,t:high,t:high,t:high,t:high,t:high,t:high,t:high,t:high,t:high,t:high,t:high,t:high,t:high,t:high,t:high,t:high,t:high,t:high,t:high,t:high,t:high,t:high,t:high,t:high,t:high,t:high,t:high,t:high,t:low,t:low,t:low,t:low,t:low,t:low,t:low,t:low,t:low,t:low,t:low,t:low,t:low,t:low,t:low,t:low,t:low,t:low,t:low,t:low,t:low,t:low,t:low,t:low,t:low,t:low,t:low,t:low,t:low,t:low,t:low,t:low,t:low,t:low,t:low",Nominal
"t:low,t:low,t:low,t:low,t:low,t:low,t:low,t:low,t:low,t:low,t:low,t:low,t:low,t:low,t:low,t:low,t:low,t:low,t:low,t:low,t:low,t:low,t:low,t:low,t:low,t:low,t:low,t:low,t:low,t:low,t:low,t:low,t:low,t:low,t:low,t:low,t:low,t:low,t:low,t:low,t:low,t:low,t:low,t:low,t:low,t:low,t:low,t:low,t:low,t:low,t:low,t:low,t:low,t:low,t:low,t:low,t:low,t:low,t:low,t:low,t:low,t:low,t:low,t:low,t:low,t:low,t:low,t:low,t:low,t:low,t:low,t:low,t:low,t:low,t:low,t:low,t:low,t:low,t:low,t:low,t:low,t:low,t:low,t:low,t:low,t:low,t:low,t:low,t:low,t:low,t:low,t:low,t:low,t:low,t:low,t:low,t:high,t:high,t:high,t:high,t:high,t:high,t:high,t:high,t:high,t:high,t:high,t:high,t:high,t:high,t:high,t:high,t:high,t:high,t:high,t:high,t:high,t:high,t:high,t:high,t:high,t:high,t:high,t:high,t:high,t:high,t:low,t:low,t:low,t:low,t:low,t:low,t:low,t:low,t:low,t:low,t:low,t:low,t:low,t:low,t:low,t:low,t:low,t:low,t:low,t:low,t:low,t:low,t:low,t:low,t:low,t:low,t:low,t:low,t:low,t:low,t:low,t:low,t:low,t:low,t:low,t:low",Caution
"t:low,t:low,t:low,t:low,t:low,t:low,t:low,t:low,t:low,t:low,t:low,t:low,t:low,t:low,t:low,t:low,t:low,t:low,t:low,t:low,t:low,t:low,t:low,t:low,t:low,t:low,t:low,t:low,t:low,t:low,t:low,t:low,t:low,t:low,t:low,t:low,t:low,t:low,t:low,t:low,t:low,t:low,t:low,t:low,t:low,t:low,t:low,t:low,t:low,t:low,t:low,t:low,t:low,t:low,t:low,t:low,t:low,t:low,t:low,t:low,t:low,t:low,t:low,t:low,t:low,t:low,t:low,t:low,t:low,t:low,t:low,t:low,t:low,t:low,t:low,t:low,t:low,t:low,t:low,t:low,t:low,t:low,t:low,t:low,t:low,t:low,t:low,t:low,t:low,t:low,t:low,t:low,t:low,t:low,t:low,t:low,t:high,t:high,t:high,t:high,t:high,t:high,t:high,t:high,t:high,t:high,t:high,t:high,t:high,t:high,t:high,t:high,t:high,t:high,t:high,t:high,t:high,t:high,t:high,t:high,t:high,t:high,t:high,t:high,t:high,t:high,t:low,t:low,t:low,t:low,t:low,t:low,t:low,t:low,t:low,t:low,t:low,t:low,t:low,t:low,t:low,t:low,t:low,t:low,t:low,t:low,t:low,t:low,t:low,t:low,t:low,t:low,t:low,t:low,t:low,t:low,t:low,t:low,t:low,t:low,t:low,t:low,t:low",Caution
"t:low,t:low,t:low,t:low,t:low,t:low,t:low,t:low,t:low,t:low,t:low,t:low,t:low,t:low,t:low,t:low,t:low,t:low,t:low,t:low,t:low,t:low,t:low,t:low,t:low,t:low,t:low,t:low,t:low,t:low,t:low,t:low,t:low,t:low,t:low,t:low,t:low,t:low,t:low,t:low,t:low,t:low,t:low,t:low,t:low,t:low,t:low,t:low,t:low,t:low,t:low,t:low,t:low,t:low,t:low,t:low,t:low,t:low,t:low,t:low,t:low,t:low,t:low,t:low,t:low,t:low,t:low,t:low,t:low,t:low,t:low,t:low,t:low,t:low,t:low,t:low,t:low,t:low,t:low,t:low,t:low,t:low,t:low,t:low,t:low,t:low,t:low,t:low,t:low,t:low,t:low,t:low,t:low,t:low,t:low,t:low,t:high,t:high,t:high,t:high,t:high,t:high,t:high,t:high,t:high,t:high,t:high,t:high,t:high,t:high,t:high,t:high,t:high,t:high,t:high,t:high,t:high,t:high,t:high,t:high,t:high,t:high,t:high,t:high,t:high,t:high,t:low,t:low,t:low,t:low,t:low,t:low,t:low,t:low,t:low,t:low,t:low,t:low,t:low,t:low,t:low,t:low,t:low,t:low,t:low,t:low,t:low,t:low,t:low,t:low,t:low,t:low,t:low,t:low,t:low,t:low,t:low,t:low,t:low,t:low,t:low,t:low,t:low,t:low",Caution
"t:low,t:low,t:low,t:low,t:low,t:low,t:low,t:low,t:low,t:low,t:low,t:low,t:low,t:low,t:low,t:low,t:low,t:low,t:low,t:low,t:low,t:low,t:low,t:low,t:low,t:low,t:low,t:low,t:low,t:low,t:low,t:low,t:low,t:low,t:low,t:low,t:low,t:low,t:low,t:low,t:low,t:low,t:low,t:low,t:low,t:low,t:low,t:low,t:low,t:low,t:low,t:low,t:low,t:low,t:low,t:low,t:low,t:low,t:low,t:low,t:low,t:low,t:low,t:low,t:low,t:low,t:low,t:low,t:low,t:low,t:low,t:low,t:low,t:low,t:low,t:low,t:low,t:low,t:low,t:low,t:low,t:low,t:low,t:low,t:low,t:low,t:low,t:low,t:low,t:low,t:low,t:low,t:low,t:low,t:low,t:low,t:high,t:high,t:high,t:high,t:high,t:high,t:high,t:high,t:high,t:high,t:high,t:high,t:high,t:high,t:high,t:high,t:high,t:high,t:high,t:high,t:high,t:high,t:high,t:high,t:high,t:high,t:high,t:high,t:high,t:high,t:low,t:low,t:low,t:low,t:low,t:low,t:low,t:low,t:low,t:low,t:low,t:low,t:low,t:low,t:low,t:low,t:low,t:low,t:low,t:low,t:low,t:low,t:low,t:low,t:low,t:low,t:low,t:low,t:low,t:low,t:low,t:low,t:low,t:low,t:low,t:low,t:low,t:low,t:low",Caution
"t:low,t:low,t:low,t:low,t:low,t:low,t:low,t:low,t:low,t:low,t:low,t:low,t:low,t:low,t:low,t:low,t:low,t:low,t:low,t:low,t:low,t:low,t:low,t:low,t:low,t:low,t:low,t:low,t:low,t:low,t:low,t:low,t:low,t:low,t:low,t:low,t:low,t:low,t:low,t:low,t:low,t:low,t:low,t:low,t:low,t:low,t:low,t:low,t:low,t:low,t:low,t:low,t:low,t:low,t:low,t:low,t:low,t:low,t:low,t:low,t:low,t:low,t:low,t:low,t:low,t:low,t:low,t:low,t:low,t:low,t:low,t:low,t:low,t:low,t:low,t:low,t:low,t:low,t:low,t:low,t:low,t:low,t:low,t:low,t:low,t:low,t:low,t:low,t:low,t:low,t:low,t:low,t:low,t:low,t:low,t:low,t:high,t:high,t:high,t:high,t:high,t:high,t:high,t:high,t:high,t:high,t:high,t:high,t:high,t:high,t:high,t:high,t:high,t:high,t:high,t:high,t:high,t:high,t:high,t:high,t:high,t:high,t:high,t:high,t:high,t:high,t:low,t:low,t:low,t:low,t:low,t:low,t:low,t:low,t:low,t:low,t:low,t:low,t:low,t:low,t:low,t:low,t:low,t:low,t:low,t:low,t:low,t:low,t:low,t:low,t:low,t:low,t:low,t:low,t:low,t:low,t:low,t:low,t:low,t:low,t:low,t:low,t:low,t:low,t:low,t:low",Caution
"t:low,t:low,t:low,t:low,t:low,t:low,t:low,t:low,t:low,t:low,t:low,t:low,t:low,t:low,t:low,t:low,t:low,t:low,t:low,t:low,t:low,t:low,t:low,t:low,t:low,t:low,t:low,t:low,t:low,t:low,t:low,t:low,t:low,t:low,t:low,t:low,t:low,t:low,t:low,t:low,t:low,t:low,t:low,t:low,t:low,t:low,t:low,t:low,t:low,t:low,t:low,t:low,t:low,t:low,t:low,t:low,t:low,t:low,t:low,t:low,t:low,t:low,t:low,t:low,t:low,t:low,t:low,t:low,t:low,t:low,t:low,t:low,t:low,t:low,t:low,t:low,t:low,t:low,t:low,t:low,t:low,t:low,t:low,t:low,t:low,t:low,t:low,t:low,t:low,t:low,t:low,t:low,t:low,t:low,t:low,t:low,t:high,t:high,t:high,t:high,t:high,t:high,t:high,t:high,t:high,t:high,t:high,t:high,t:high,t:high,t:high,t:high,t:high,t:high,t:high,t:high,t:high,t:high,t:high,t:high,t:high,t:high,t:high,t:high,t:high,t:high,t:low,t:low,t:low,t:low,t:low,t:low,t:low,t:low,t:low,t:low,t:low,t:low,t:low,t:low,t:low,t:low,t:low,t:low,t:low,t:low,t:low,t:low,t:low,t:low,t:low,t:low,t:low,t:low,t:low,t:low,t:low,t:low,t:low,t:low,t:low,t:low,t:low,t:low,t:low,t:low,t:low",Caution
"t:low,t:low,t:low,t:low,t:low,t:low,t:low,t:low,t:low,t:low,t:low,t:low,t:low,t:low,t:low,t:low,t:low,t:low,t:low,t:low,t:low,t:low,t:low,t:low,t:low,t:low,t:low,t:low,t:low,t:low,t:low,t:low,t:low,t:low,t:low,t:low,t:low,t:low,t:low,t:low,t:low,t:low,t:low,t:low,t:low,t:low,t:low,t:low,t:low,t:low,t:low,t:low,t:low,t:low,t:low,t:low,t:low,t:low,t:low,t:low,t:low,t:low,t:low,t:low,t:low,t:low,t:low,t:low,t:low,t:low,t:low,t:low,t:low,t:low,t:low,t:low,t:low,t:low,t:low,t:low,t:low,t:low,t:low,t:low,t:low,t:low,t:low,t:low,t:low,t:low,t:low,t:low,t:low,t:low,t:low,t:low,t:high,t:high,t:high,t:high,t:high,t:high,t:high,t:high,t:high,t:high,t:high,t:high,t:high,t:high,t:high,t:high,t:high,t:high,t:high,t:high,t:high,t:high,t:high,t:high,t:high,t:high,t:high,t:high,t:high,t:high,t:low,t:low,t:low,t:low,t:low,t:low,t:low,t:low,t:low,t:low,t:low,t:low,t:low,t:low,t:low,t:low,t:low,t:low,t:low,t:low,t:low,t:low,t:low,t:low,t:low,t:low,t:low,t:low,t:low,t:low,t:low,t:low,t:low,t:low,t:low,t:low,t:low,t:low,t:low,t:low,t:low,t:low",Critical
"t:low,t:low,t:low,t:low,t:low,t:low,t:low,t:low,t:low,t:low,t:low,t:low,t:low,t:low,t:low,t:low,t:low,t:low,t:low,t:low,t:low,t:low,t:low,t:low,t:low,t:low,t:low,t:low,t:low,t:low,t:low,t:low,t:low,t:low,t:low,t:low,t:low,t:low,t:low,t:low,t:low,t:low,t:low,t:low,t:low,t:low,t:low,t:low,t:low,t:low,t:low,t:low,t:low,t:low,t:low,t:low,t:low,t:low,t:low,t:low,t:low,t:low,t:low,t:low,t:low,t:low,t:low,t:low,t:low,t:low,t:low,t:low,t:low,t:low,t:low,t:low,t:low,t:low,t:low,t:low,t:low,t:low,t:low,t:low,t:low,t:low,t:low,t:low,t:low,t:low,t:low,t:low,t:low,t:low,t:low,t:low,t:high,t:high,t:high,t:high,t:high,t:high,t:high,t:high,t:high,t:high,t:high,t:high,t:high,t:high,t:high,t:high,t:high,t:high,t:high,t:high,t:high,t:high,t:high,t:high,t:high,t:high,t:high,t:high,t:high,t:high,t:low,t:low,t:low,t:low,t:low,t:low,t:low,t:low,t:low,t:low,t:low,t:low,t:low,t:low,t:low,t:low,t:low,t:low,t:low,t:low,t:low,t:low,t:low,t:low,t:low,t:low,t:low,t:low,t:low,t:low,t:low,t:low,t:low,t:low,t:low,t:low,t:low,t:low,t:low,t:low,t:low,t:low,t:low",Critical
"t:low,t:low,t:low,t:low,t:low,t:low,t:low,t:low,t:low,t:low,t:low,t:low,t:low,t:low,t:low,t:low,t:low,t:low,t:low,t:low,t:low,t:low,t:low,t:low,t:low,t:low,t:low,t:low,t:low,t:low,t:low,t:low,t:low,t:low,t:low,t:low,t:low,t:low,t:low,t:low,t:low,t:low,t:low,t:low,t:low,t:low,t:low,t:low,t:low,t:low,t:low,t:low,t:low,t:low,t:low,t:low,t:low,t:low,t:low,t:low,t:low,t:low,t:low,t:low,t:low,t:low,t:low,t:low,t:low,t:low,t:low,t:low,t:low,t:low,t:low,t:low,t:low,t:low,t:low,t:low,t:low,t:low,t:low,t:low,t:low,t:low,t:low,t:low,t:low,t:low,t:low,t:low,t:low,t:low,t:low,t:low,t:high,t:high,t:high,t:high,t:high,t:high,t:high,t:high,t:high,t:high,t:high,t:high,t:high,t:high,t:high,t:high,t:high,t:high,t:high,t:high,t:high,t:high,t:high,t:high,t:high,t:high,t:high,t:high,t:high,t:high,t:low,t:low,t:low,t:low,t:low,t:low,t:low,t:low,t:low,t:low,t:low,t:low,t:low,t:low,t:low,t:low,t:low,t:low,t:low,t:low,t:low,t:low,t:low,t:low,t:low,t:low,t:low,t:low,t:low,t:low,t:low,t:low,t:low,t:low,t:low,t:low,t:low,t:low,t:low,t:low,t:low,t:low,t:low,t:low",Critical
"t:low,t:low,t:low,t:low,t:low,t:low,t:low,t:low,t:low,t:low,t:low,t:low,t:low,t:low,t:low,t:low,t:low,t:low,t:low,t:low,t:low,t:low,t:low,t:low,t:low,t:low,t:low,t:low,t:low,t:low,t:low,t:low,t:low,t:low,t:low,t:low,t:low,t:low,t:low,t:low,t:low,t:low,t:low,t:low,t:low,t:low,t:low,t:low,t:low,t:low,t:low,t:low,t:low,t:low,t:low,t:low,t:low,t:low,t:low,t:low,t:low,t:low,t:low,t:low,t:low,t:low,t:low,t:low,t:low,t:low,t:low,t:low,t:low,t:low,t:low,t:low,t:low,t:low,t:low,t:low,t:low,t:low,t:low,t:low,t:low,t:low,t:low,t:low,t:low,t:low,t:low,t:low,t:low,t:low,t:low,t:low,t:high,t:high,t:high,t:high,t:high,t:high,t:high,t:high,t:high,t:high,t:high,t:high,t:high,t:high,t:high,t:high,t:high,t:high,t:high,t:high,t:high,t:high,t:high,t:high,t:high,t:high,t:high,t:high,t:high,t:high,t:low,t:low,t:low,t:low,t:low,t:low,t:low,t:low,t:low,t:low,t:low,t:low,t:low,t:low,t:low,t:low,t:low,t:low,t:low,t:low,t:low,t:low,t:low,t:low,t:low,t:low,t:low,t:low,t:low,t:low,t:low,t:low,t:low,t:low,t:low,t:low,t:low,t:low,t:low,t:low,t:low,t:low,t:low,t:low,t:low",Critical
"t:low,t:low,t:low,t:low,t:low,t:low,t:low,t:low,t:low,t:low,t:low,t:low,t:low,t:low,t:low,t:low,t:low,t:low,t:low,t:low,t:low,t:low,t:low,t:low,t:low,t:low,t:low,t:low,t:low,t:low,t:low,t:low,t:low,t:low,t:low,t:low,t:low,t:low,t:low,t:low,t:low,t:low,t:low,t:low,t:low,t:low,t:low,t:low,t:low,t:low,t:low,t:low,t:low,t:low,t:low,t:low,t:low,t:low,t:low,t:low,t:low,t:low,t:low,t:low,t:low,t:low,t:low,t:low,t:low,t:low,t:low,t:low,t:low,t:low,t:low,t:low,t:low,t:low,t:low,t:low,t:low,t:low,t:low,t:low,t:low,t:low,t:low,t:low,t:low,t:low,t:low,t:low,t:low,t:low,t:low,t:low,t:high,t:high,t:high,t:high,t:high,t:high,t:high,t:high,t:high,t:high,t:high,t:high,t:high,t:high,t:high,t:high,t:high,t:high,t:high,t:high,t:high,t:high,t:high,t:high,t:high,t:high,t:high,t:high,t:high,t:high,t:low,t:low,t:low,t:low,t:low,t:low,t:low,t:low,t:low,t:low,t:low,t:low,t:low,t:low,t:low,t:low,t:low,t:low,t:low,t:low,t:low,t:low,t:low,t:low,t:low,t:low,t:low,t:low,t:low,t:low,t:low,t:low,t:low,t:low,t:low,t:low,t:low,t:low,t:low,t:low,t:low,t:low,t:low,t:low,t:low,t:low",Critical
"t:low,t:low,t:low,t:low,t:low,t:low,t:low,t:low,t:low,t:low,t:low,t:low,t:low,t:low,t:low,t:low,t:low,t:low,t:low,t:low,t:low,t:low,t:low,t:low,t:low,t:low,t:low,t:low,t:low,t:low,t:low,t:low,t:low,t:low,t:low,t:low,t:low,t:low,t:low,t:low,t:low,t:low,t:low,t:low,t:low,t:low,t:low,t:low,t:low,t:low,t:low,t:low,t:low,t:low,t:low,t:low,t:low,t:low,t:low,t:low,t:low,t:low,t:low,t:low,t:low,t:low,t:low,t:low,t:low,t:low,t:low,t:low,t:low,t:low,t:low,t:low,t:low,t:low,t:low,t:low,t:low,t:low,t:low,t:low,t:low,t:low,t:low,t:low,t:low,t:low,t:low,t:low,t:low,t:low,t:low,t:low,t:high,t:high,t:high,t:high,t:high,t:high,t:high,t:high,t:high,t:high,t:high,t:high,t:high,t:high,t:high,t:high,t:high,t:high,t:high,t:high,t:high,t:high,t:high,t:high,t:high,t:high,t:high,t:high,t:high,t:high,t:low,t:low,t:low,t:low,t:low,t:low,t:low,t:low,t:low,t:low,t:low,t:low,t:low,t:low,t:low,t:low,t:low,t:low,t:low,t:low,t:low,t:low,t:low,t:low,t:low,t:low,t:low,t:low,t:low,t:low,t:low,t:low,t:low,t:low,t:low,t:low,t:low,t:low,t:low,t:low,t:low,t:low,t:low,t:low,t:low,t:low,t:low",Critical
"t:low,t:low,t:low,t:low,t:low,t:low,t:low,t:low,t:low,t:low,t:low,t:low,t:low,t:low,t:low,t:low,t:low,t:low,t:low,t:low,t:low,t:low,t:low,t:low,t:low,t:low,t:low,t:low,t:low,t:low,t:low,t:low,t:low,t:low,t:low,t:low,t:low,t:low,t:low,t:low,t:low,t:low,t:low,t:low,t:low,t:low,t:low,t:low,t:low,t:low,t:low,t:low,t:low,t:low,t:low,t:low,t:low,t:low,t:low,t:low,t:low,t:low,t:low,t:low,t:low,t:low,t:low,t:low,t:low,t:low,t:low,t:low,t:low,t:low,t:low,t:low,t:low,t:low,t:low,t:low,t:low,t:low,t:low,t:low,t:low,t:low,t:low,t:low,t:low,t:low,t:low,t:low,t:low,t:low,t:low,t:low,t:high,t:high,t:high,t:high,t:high,t:high,t:high,t:high,t:high,t:high,t:high,t:high,t:high,t:high,t:high,t:high,t:high,t:high,t:high,t:high,t:high,t:high,t:high,t:high,t:high,t:high,t:high,t:high,t:high,t:high,t:low,t:low,t:low,t:low,t:low,t:low,t:low,t:low,t:low,t:low,t:low,t:low,t:low,t:low,t:low,t:low,t:low,t:low,t:low,t:low,t:low,t:low,t:low,t:low,t:low,t:low,t:low,t:low,t:low,t:low,t:low,t:low,t:low,t:low,t:low,t:low,t:low,t:low,t:low,t:low,t:low,t:low,t:low,t:low,t:low,t:low,t:low,t:low",Critical
"t:low,t:low,t:low,t:low,t:low,t:low,t:low,t:low,t:low,t:low,t:low,t:low,t:low,t:low,t:low,t:low,t:low,t:low,t:low,t:low,t:low,t:low,t:low,t:low,t:low,t:low,t:low,t:low,t:low,t:low,t:low,t:low,t:low,t:low,t:low,t:low,t:low,t:low,t:low,t:low,t:low,t:low,t:low,t:low,t:low,t:low,t:low,t:low,t:low,t:low,t:low,t:low,t:low,t:low,t:low,t:low,t:low,t:low,t:low,t:low,t:low,t:low,t:low,t:low,t:low,t:low,t:low,t:low,t:low,t:low,t:low,t:low,t:low,t:low,t:low,t:low,t:low,t:low,t:low,t:low,t:low,t:low,t:low,t:low,t:low,t:low,t:low,t:low,t:low,t:low,t:low,t:low,t:low,t:low,t:low,t:low,t:high,t:high,t:high,t:high,t:high,t:high,t:high,t:high,t:high,t:high,t:high,t:high,t:high,t:high,t:high,t:high,t:high,t:high,t:high,t:high,t:high,t:high,t:high,t:high,t:high,t:high,t:high,t:high,t:high,t:high,t:low,t:low,t:low,t:low,t:low,t:low,t:low,t:low,t:low,t:low,t:low,t:low,t:low,t:low,t:low,t:low,t:low,t:low,t:low,t:low,t:low,t:low,t:low,t:low,t:low,t:low,t:low,t:low,t:low,t:low,t:low,t:low,t:low,t:low,t:low,t:low,t:low,t:low,t:low,t:low,t:low,t:low,t:low,t:low,t:low,t:low,t:low,t:low,t:low",Critical
"t:low,t:low,t:low,t:low,t:low,t:low,t:low,t:low,t:low,t:low,t:low,t:low,t:low,t:low,t:low,t:low,t:low,t:low,t:low,t:low,t:low,t:low,t:low,t:low,t:low,t:low,t:low,t:low,t:low,t:low,t:low,t:low,t:low,t:low,t:low,t:low,t:low,t:low,t:low,t:low,t:low,t:low,t:low,t:low,t:low,t:low,t:low,t:low,t:low,t:low,t:low,t:low,t:low,t:low,t:low,t:low,t:low,t:low,t:low,t:low,t:low,t:low,t:low,t:low,t:low,t:low,t:low,t:low,t:low,t:low,t:low,t:low,t:low,t:low,t:low,t:low,t:low,t:low,t:low,t:low,t:low,t:low,t:low,t:low,t:low,t:low,t:low,t:low,t:low,t:low,t:low,t:low,t:low,t:low,t:low,t:low,t:high,t:high,t:high,t:high,t:high,t:high,t:high,t:high,t:high,t:high,t:high,t:high,t:high,t:high,t:high,t:high,t:high,t:high,t:high,t:high,t:high,t:high,t:high,t:high,t:high,t:high,t:high,t:high,t:high,t:high,t:low,t:low,t:low,t:low,t:low,t:low,t:low,t:low,t:low,t:low,t:low,t:low,t:low,t:low,t:low,t:low,t:low,t:low,t:low,t:low,t:low,t:low,t:low,t:low,t:low,t:low,t:low,t:low,t:low,t:low,t:low,t:low,t:low,t:low,t:low,t:low,t:low,t:low,t:low,t:low,t:low,t:low,t:low,t:low,t:low,t:low,t:low,t:low,t:low,t:low",Critical
"t:low,t:low,t:low,t:low,t:low,t:low,t:low,t:low,t:low,t:low,t:low,t:low,t:low,t:low,t:low,t:low,t:low,t:low,t:low,t:low,t:low,t:low,t:low,t:low,t:low,t:low,t:low,t:low,t:low,t:low,t:low,t:low,t:low,t:low,t:low,t:low,t:low,t:low,t:low,t:low,t:low,t:low,t:low,t:low,t:low,t:low,t:low,t:low,t:low,t:low,t:low,t:low,t:low,t:low,t:low,t:low,t:low,t:low,t:low,t:low,t:low,t:low,t:low,t:low,t:low,t:low,t:low,t:low,t:low,t:low,t:low,t:low,t:low,t:low,t:low,t:low,t:low,t:low,t:low,t:low,t:low,t:low,t:low,t:low,t:low,t:low,t:low,t:low,t:low,t:low,t:low,t:low,t:low,t:low,t:low,t:low,t:high,t:high,t:high,t:high,t:high,t:high,t:high,t:high,t:high,t:high,t:high,t:high,t:high,t:high,t:high,t:high,t:high,t:high,t:high,t:high,t:high,t:high,t:high,t:high,t:high,t:high,t:high,t:high,t:high,t:high,t:low,t:low,t:low,t:low,t:low,t:low,t:low,t:low,t:low,t:low,t:low,t:low,t:low,t:low,t:low,t:low,t:low,t:low,t:low,t:low,t:low,t:low,t:low,t:low,t:low,t:low,t:low,t:low,t:low,t:low,t:low,t:low,t:low,t:low,t:low,t:low,t:low,t:low,t:low,t:low,t:low,t:low,t:low,t:low,t:low,t:low,t:low,t:low,t:low,t:low,t:low",Critical
"t:low,t:low,t:low,t:low,t:low,t:low,t:low,t:low,t:low,t:low,t:low,t:low,t:low,t:low,t:low,t:low,t:low,t:low,t:low,t:low,t:low,t:low,t:low,t:low,t:low,t:low,t:low,t:low,t:low,t:low,t:low,t:low,t:low,t:low,t:low,t:low,t:low,t:low,t:low,t:low,t:low,t:low,t:low,t:low,t:low,t:low,t:low,t:low,t:low,t:low,t:low,t:low,t:low,t:low,t:low,t:low,t:low,t:low,t:low,t:low,t:low,t:low,t:low,t:low,t:low,t:low,t:low,t:low,t:low,t:low,t:low,t:low,t:low,t:low,t:low,t:low,t:low,t:low,t:low,t:low,t:low,t:low,t:low,t:low,t:low,t:low,t:low,t:low,t:low,t:low,t:low,t:low,t:low,t:low,t:low,t:low,t:high,t:high,t:high,t:high,t:high,t:high,t:high,t:high,t:high,t:high,t:high,t:high,t:high,t:high,t:high,t:high,t:high,t:high,t:high,t:high,t:high,t:high,t:high,t:high,t:high,t:high,t:high,t:high,t:high,t:high,t:low,t:low,t:low,t:low,t:low,t:low,t:low,t:low,t:low,t:low,t:low,t:low,t:low,t:low,t:low,t:low,t:low,t:low,t:low,t:low,t:low,t:low,t:low,t:low,t:low,t:low,t:low,t:low,t:low,t:low,t:low,t:low,t:low,t:low,t:low,t:low,t:low,t:low,t:low,t:low,t:low,t:low,t:low,t:low,t:low,t:low,t:low,t:low,t:low,t:low,t:low,t:low",Critical
"t:low,t:low,t:low,t:low,t:low,t:low,t:low,t:low,t:low,t:low,t:low,t:low,t:low,t:low,t:low,t:low,t:low,t:low,t:low,t:low,t:low,t:low,t:low,t:low,t:low,t:low,t:low,t:low,t:low,t:low,t:low,t:low,t:low,t:low,t:low,t:low,t:low,t:low,t:low,t:low,t:low,t:low,t:low,t:low,t:low,t:low,t:low,t:low,t:low,t:low,t:low,t:low,t:low,t:low,t:low,t:low,t:low,t:low,t:low,t:low,t:low,t:low,t:low,t:low,t:low,t:low,t:low,t:low,t:low,t:low,t:low,t:low,t:low,t:low,t:low,t:low,t:low,t:low,t:low,t:low,t:low,t:low,t:low,t:low,t:low,t:low,t:low,t:low,t:low,t:low,t:low,t:low,t:low,t:low,t:low,t:low,t:high,t:high,t:high,t:high,t:high,t:high,t:high,t:high,t:high,t:high,t:high,t:high,t:high,t:high,t:high,t:high,t:high,t:high,t:high,t:high,t:high,t:high,t:high,t:high,t:high,t:high,t:high,t:high,t:high,t:high,t:low,t:low,t:low,t:low,t:low,t:low,t:low,t:low,t:low,t:low,t:low,t:low,t:low,t:low,t:low,t:low,t:low,t:low,t:low,t:low,t:low,t:low,t:low,t:low,t:low,t:low,t:low,t:low,t:low,t:low,t:low,t:low,t:low,t:low,t:low,t:low,t:low,t:low,t:low,t:low,t:low,t:low,t:low,t:low,t:low,t:low,t:low,t:low,t:low,t:low,t:low,t:low,t:low",Critical
"t:low,t:low,t:low,t:low,t:low,t:low,t:low,t:low,t:low,t:low,t:low,t:low,t:low,t:low,t:low,t:low,t:low,t:low,t:low,t:low,t:low,t:low,t:low,t:low,t:low,t:low,t:low,t:low,t:low,t:low,t:low,t:low,t:low,t:low,t:low,t:low,t:low,t:low,t:low,t:low,t:low,t:low,t:low,t:low,t:low,t:low,t:low,t:low,t:low,t:low,t:low,t:low,t:low,t:low,t:low,t:low,t:low,t:low,t:low,t:low,t:low,t:low,t:low,t:low,t:low,t:low,t:low,t:low,t:low,t:low,t:low,t:low,t:low,t:low,t:low,t:low,t:low,t:low,t:low,t:low,t:low,t:low,t:low,t:low,t:low,t:low,t:low,t:low,t:low,t:low,t:low,t:low,t:low,t:low,t:low,t:low,t:high,t:high,t:high,t:high,t:high,t:high,t:high,t:high,t:high,t:high,t:high,t:high,t:high,t:high,t:high,t:high,t:high,t:high,t:high,t:high,t:high,t:high,t:high,t:high,t:high,t:high,t:high,t:high,t:high,t:high,t:low,t:low,t:low,t:low,t:low,t:low,t:low,t:low,t:low,t:low,t:low,t:low,t:low,t:low,t:low,t:low,t:low,t:low,t:low,t:low,t:low,t:low,t:low,t:low,t:low,t:low,t:low,t:low,t:low,t:low,t:low,t:low,t:low,t:low,t:low,t:low,t:low,t:low,t:low,t:low,t:low,t:low,t:low,t:low,t:low,t:low,t:low,t:low,t:low,t:low,t:low,t:low,t:low,t:low",Caution
"t:low,t:low,t:low,t:low,t:low,t:low,t:low,t:low,t:low,t:low,t:low,t:low,t:low,t:low,t:low,t:low,t:low,t:low,t:low,t:low,t:low,t:low,t:low,t:low,t:low,t:low,t:low,t:low,t:low,t:low,t:low,t:low,t:low,t:low,t:low,t:low,t:low,t:low,t:low,t:low,t:low,t:low,t:low,t:low,t:low,t:low,t:low,t:low,t:low,t:low,t:low,t:low,t:low,t:low,t:low,t:low,t:low,t:low,t:low,t:low,t:low,t:low,t:low,t:low,t:low,t:low,t:low,t:low,t:low,t:low,t:low,t:low,t:low,t:low,t:low,t:low,t:low,t:low,t:low,t:low,t:low,t:low,t:low,t:low,t:low,t:low,t:low,t:low,t:low,t:low,t:low,t:low,t:low,t:low,t:low,t:low,t:high,t:high,t:high,t:high,t:high,t:high,t:high,t:high,t:high,t:high,t:high,t:high,t:high,t:high,t:high,t:high,t:high,t:high,t:high,t:high,t:high,t:high,t:high,t:high,t:high,t:high,t:high,t:high,t:high,t:high,t:low,t:low,t:low,t:low,t:low,t:low,t:low,t:low,t:low,t:low,t:low,t:low,t:low,t:low,t:low,t:low,t:low,t:low,t:low,t:low,t:low,t:low,t:low,t:low,t:low,t:low,t:low,t:low,t:low,t:low,t:low,t:low,t:low,t:low,t:low,t:low,t:low,t:low,t:low,t:low,t:low,t:low,t:low,t:low,t:low,t:low,t:low,t:low,t:low,t:low,t:low,t:low,t:low,t:low,t:low",Caution
"t:low,t:low,t:low,t:low,t:low,t:low,t:low,t:low,t:low,t:low,t:low,t:low,t:low,t:low,t:low,t:low,t:low,t:low,t:low,t:low,t:low,t:low,t:low,t:low,t:low,t:low,t:low,t:low,t:low,t:low,t:low,t:low,t:low,t:low,t:low,t:low,t:low,t:low,t:low,t:low,t:low,t:low,t:low,t:low,t:low,t:low,t:low,t:low,t:low,t:low,t:low,t:low,t:low,t:low,t:low,t:low,t:low,t:low,t:low,t:low,t:low,t:low,t:low,t:low,t:low,t:low,t:low,t:low,t:low,t:low,t:low,t:low,t:low,t:low,t:low,t:low,t:low,t:low,t:low,t:low,t:low,t:low,t:low,t:low,t:low,t:low,t:low,t:low,t:low,t:low,t:low,t:low,t:low,t:low,t:low,t:low,t:high,t:high,t:high,t:high,t:high,t:high,t:high,t:high,t:high,t:high,t:high,t:high,t:high,t:high,t:high,t:high,t:high,t:high,t:high,t:high,t:high,t:high,t:high,t:high,t:high,t:high,t:high,t:high,t:high,t:high,t:low,t:low,t:low,t:low,t:low,t:low,t:low,t:low,t:low,t:low,t:low,t:low,t:low,t:low,t:low,t:low,t:low,t:low,t:low,t:low,t:low,t:low,t:low,t:low,t:low,t:low,t:low,t:low,t:low,t:low,t:low,t:low,t:low,t:low,t:low,t:low,t:low,t:low,t:low,t:low,t:low,t:low,t:low,t:low,t:low,t:low,t:low,t:low,t:low,t:low,t:low,t:low,t:low,t:low,t:low,t:low",Caution
"t:low,t:low,t:low,t:low,t:low,t:low,t:low,t:low,t:low,t:low,t:low,t:low,t:low,t:low,t:low,t:low,t:low,t:low,t:low,t:low,t:low,t:low,t:low,t:low,t:low,t:low,t:low,t:low,t:low,t:low,t:low,t:low,t:low,t:low,t:low,t:low,t:low,t:low,t:low,t:low,t:low,t:low,t:low,t:low,t:low,t:low,t:low,t:low,t:low,t:low,t:low,t:low,t:low,t:low,t:low,t:low,t:low,t:low,t:low,t:low,t:low,t:low,t:low,t:low,t:low,t:low,t:low,t:low,t:low,t:low,t:low,t:low,t:low,t:low,t:low,t:low,t:low,t:low,t:low,t:low,t:low,t:low,t:low,t:low,t:low,t:low,t:low,t:low,t:low,t:low,t:low,t:low,t:low,t:low,t:low,t:low,t:high,t:high,t:high,t:high,t:high,t:high,t:high,t:high,t:high,t:high,t:high,t:high,t:high,t:high,t:high,t:high,t:high,t:high,t:high,t:high,t:high,t:high,t:high,t:high,t:high,t:high,t:high,t:high,t:high,t:high,t:low,t:low,t:low,t:low,t:low,t:low,t:low,t:low,t:low,t:low,t:low,t:low,t:low,t:low,t:low,t:low,t:low,t:low,t:low,t:low,t:low,t:low,t:low,t:low,t:low,t:low,t:low,t:low,t:low,t:low,t:low,t:low,t:low,t:low,t:low,t:low,t:low,t:low,t:low,t:low,t:low,t:low,t:low,t:low,t:low,t:low,t:low,t:low,t:low,t:low,t:low,t:low,t:low,t:low,t:low,t:low,t:low",Caution
"t:low,t:low,t:low,t:low,t:low,t:low,t:low,t:low,t:low,t:low,t:low,t:low,t:low,t:low,t:low,t:low,t:low,t:low,t:low,t:low,t:low,t:low,t:low,t:low,t:low,t:low,t:low,t:low,t:low,t:low,t:low,t:low,t:low,t:low,t:low,t:low,t:low,t:low,t:low,t:low,t:low,t:low,t:low,t:low,t:low,t:low,t:low,t:low,t:low,t:low,t:low,t:low,t:low,t:low,t:low,t:low,t:low,t:low,t:low,t:low,t:low,t:low,t:low,t:low,t:low,t:low,t:low,t:low,t:low,t:low,t:low,t:low,t:low,t:low,t:low,t:low,t:low,t:low,t:low,t:low,t:low,t:low,t:low,t:low,t:low,t:low,t:low,t:low,t:low,t:low,t:low,t:low,t:low,t:low,t:low,t:low,t:high,t:high,t:high,t:high,t:high,t:high,t:high,t:high,t:high,t:high,t:high,t:high,t:high,t:high,t:high,t:high,t:high,t:high,t:high,t:high,t:high,t:high,t:high,t:high,t:high,t:high,t:high,t:high,t:high,t:high,t:low,t:low,t:low,t:low,t:low,t:low,t:low,t:low,t:low,t:low,t:low,t:low,t:low,t:low,t:low,t:low,t:low,t:low,t:low,t:low,t:low,t:low,t:low,t:low,t:low,t:low,t:low,t:low,t:low,t:low,t:low,t:low,t:low,t:low,t:low,t:low,t:low,t:low,t:low,t:low,t:low,t:low,t:low,t:low,t:low,t:low,t:low,t:low,t:low,t:low,t:low,t:low,t:low,t:low,t:low,t:low,t:low,t:low",Caution
"t:low,t:low,t:low,t:low,t:low,t:low,t:low,t:low,t:low,t:low,t:low,t:low,t:low,t:low,t:low,t:low,t:low,t:low,t:low,t:low,t:low,t:low,t:low,t:low,t:low,t:low,t:low,t:low,t:low,t:low,t:low,t:low,t:low,t:low,t:low,t:low,t:low,t:low,t:low,t:low,t:low,t:low,t:low,t:low,t:low,t:low,t:low,t:low,t:low,t:low,t:low,t:low,t:low,t:low,t:low,t:low,t:low,t:low,t:low,t:low,t:low,t:low,t:low,t:low,t:low,t:low,t:low,t:low,t:low,t:low,t:low,t:low,t:low,t:low,t:low,t:low,t:low,t:low,t:low,t:low,t:low,t:low,t:low,t:low,t:low,t:low,t:low,t:low,t:low,t:low,t:low,t:low,t:low,t:low,t:low,t:low,t:high,t:high,t:high,t:high,t:high,t:high,t:high,t:high,t:high,t:high,t:high,t:high,t:high,t:high,t:high,t:high,t:high,t:high,t:high,t:high,t:high,t:high,t:high,t:high,t:high,t:high,t:high,t:high,t:high,t:high,t:low,t:low,t:low,t:low,t:low,t:low,t:low,t:low,t:low,t:low,t:low,t:low,t:low,t:low,t:low,t:low,t:low,t:low,t:low,t:low,t:low,t:low,t:low,t:low,t:low,t:low,t:low,t:low,t:low,t:low,t:low,t:low,t:low,t:low,t:low,t:low,t:low,t:low,t:low,t:low,t:low,t:low,t:low,t:low,t:low,t:low,t:low,t:low,t:low,t:low,t:low,t:low,t:low,t:low,t:low,t:low,t:low,t:low,t:low",Caution
"t:low,t:low,t:low,t:low,t:low,t:low,t:low,t:low,t:low,t:low,t:low,t:low,t:low,t:low,t:low,t:low,t:low,t:low,t:low,t:low,t:low,t:low,t:low,t:low,t:low,t:low,t:low,t:low,t:low,t:low,t:low,t:low,t:low,t:low,t:low,t:low,t:low,t:low,t:low,t:low,t:low,t:low,t:low,t:low,t:low,t:low,t:low,t:low,t:low,t:low,t:low,t:low,t:low,t:low,t:low,t:low,t:low,t:low,t:low,t:low,t:low,t:low,t:low,t:low,t:low,t:low,t:low,t:low,t:low,t:low,t:low,t:low,t:low,t:low,t:low,t:low,t:low,t:low,t:low,t:low,t:low,t:low,t:low,t:low,t:low,t:low,t:low,t:low,t:low,t:low,t:low,t:low,t:low,t:low,t:low,t:low,t:high,t:high,t:high,t:high,t:high,t:high,t:high,t:high,t:high,t:high,t:high,t:high,t:high,t:high,t:high,t:high,t:high,t:high,t:high,t:high,t:high,t:high,t:high,t:high,t:high,t:high,t:high,t:high,t:high,t:high,t:low,t:low,t:low,t:low,t:low,t:low,t:low,t:low,t:low,t:low,t:low,t:low,t:low,t:low,t:low,t:low,t:low,t:low,t:low,t:low,t:low,t:low,t:low,t:low,t:low,t:low,t:low,t:low,t:low,t:low,t:low,t:low,t:low,t:low,t:low,t:low,t:low,t:low,t:low,t:low,t:low,t:low,t:low,t:low,t:low,t:low,t:low,t:low,t:low,t:low,t:low,t:low,t:low,t:low,t:low,t:low,t:low,t:low,t:low,t:low",Nominal
"t:low,t:low,t:low,t:low,t:low,t:low,t:low,t:low,t:low,t:low,t:low,t:low,t:low,t:low,t:low,t:low,t:low,t:low,t:low,t:low,t:low,t:low,t:low,t:low,t:low,t:low,t:low,t:low,t:low,t:low,t:low,t:low,t:low,t:low,t:low,t:low,t:low,t:low,t:low,t:low,t:low,t:low,t:low,t:low,t:low,t:low,t:low,t:low,t:low,t:low,t:low,t:low,t:low,t:low,t:low,t:low,t:low,t:low,t:low,t:low,t:low,t:low,t:low,t:low,t:low,t:low,t:low,t:low,t:low,t:low,t:low,t:low,t:low,t:low,t:low,t:low,t:low,t:low,t:low,t:low,t:low,t:low,t:low,t:low,t:low,t:low,t:low,t:low,t:low,t:low,t:low,t:low,t:low,t:low,t:low,t:low,t:high,t:high,t:high,t:high,t:high,t:high,t:high,t:high,t:high,t:high,t:high,t:high,t:high,t:high,t:high,t:high,t:high,t:high,t:high,t:high,t:high,t:high,t:high,t:high,t:high,t:high,t:high,t:high,t:high,t:high,t:low,t:low,t:low,t:low,t:low,t:low,t:low,t:low,t:low,t:low,t:low,t:low,t:low,t:low,t:low,t:low,t:low,t:low,t:low,t:low,t:low,t:low,t:low,t:low,t:low,t:low,t:low,t:low,t:low,t:low,t:low,t:low,t:low,t:low,t:low,t:low,t:low,t:low,t:low,t:low,t:low,t:low,t:low,t:low,t:low,t:low,t:low,t:low,t:low,t:low,t:low,t:low,t:low,t:low,t:low,t:low,t:low,t:low,t:low,t:low,t:low",Nominal
"t:low,t:low,t:low,t:low,t:low,t:low,t:low,t:low,t:low,t:low,t:low,t:low,t:low,t:low,t:low,t:low,t:low,t:low,t:low,t:low,t:low,t:low,t:low,t:low,t:low,t:low,t:low,t:low,t:low,t:low,t:low,t:low,t:low,t:low,t:low,t:low,t:low,t:low,t:low,t:low,t:low,t:low,t:low,t:low,t:low,t:low,t:low,t:low,t:low,t:low,t:low,t:low,t:low,t:low,t:low,t:low,t:low,t:low,t:low,t:low,t:low,t:low,t:low,t:low,t:low,t:low,t:low,t:low,t:low,t:low,t:low,t:low,t:low,t:low,t:low,t:low,t:low,t:low,t:low,t:low,t:low,t:low,t:low,t:low,t:low,t:low,t:low,t:low,t:low,t:low,t:low,t:low,t:low,t:low,t:low,t:low,t:high,t:high,t:high,t:high,t:high,t:high,t:high,t:high,t:high,t:high,t:high,t:high,t:high,t:high,t:high,t:high,t:high,t:high,t:high,t:high,t:high,t:high,t:high,t:high,t:high,t:high,t:high,t:high,t:high,t:high,t:low,t:low,t:low,t:low,t:low,t:low,t:low,t:low,t:low,t:low,t:low,t:low,t:low,t:low,t:low,t:low,t:low,t:low,t:low,t:low,t:low,t:low,t:low,t:low,t:low,t:low,t:low,t:low,t:low,t:low,t:low,t:low,t:low,t:low,t:low,t:low,t:low,t:low,t:low,t:low,t:low,t:low,t:low,t:low,t:low,t:low,t:low,t:low,t:low,t:low,t:low,t:low,t:low,t:low,t:low,t:low,t:low,t:low,t:low,t:low,t:low,t:low",Nominal
"t:low,t:low,t:low,t:low,t:low,t:low,t:low,t:low,t:low,t:low,t:low,t:low,t:low,t:low,t:low,t:low,t:low,t:low,t:low,t:low,t:low,t:low,t:low,t:low,t:low,t:low,t:low,t:low,t:low,t:low,t:low,t:low,t:low,t:low,t:low,t:low,t:low,t:low,t:low,t:low,t:low,t:low,t:low,t:low,t:low,t:low,t:low,t:low,t:low,t:low,t:low,t:low,t:low,t:low,t:low,t:low,t:low,t:low,t:low,t:low,t:low,t:low,t:low,t:low,t:low,t:low,t:low,t:low,t:low,t:low,t:low,t:low,t:low,t:low,t:low,t:low,t:low,t:low,t:low,t:low,t:low,t:low,t:low,t:low,t:low,t:low,t:low,t:low,t:low,t:low,t:low,t:low,t:low,t:low,t:low,t:low,t:high,t:high,t:high,t:high,t:high,t:high,t:high,t:high,t:high,t:high,t:high,t:high,t:high,t:high,t:high,t:high,t:high,t:high,t:high,t:high,t:high,t:high,t:high,t:high,t:high,t:high,t:high,t:high,t:high,t:high,t:low,t:low,t:low,t:low,t:low,t:low,t:low,t:low,t:low,t:low,t:low,t:low,t:low,t:low,t:low,t:low,t:low,t:low,t:low,t:low,t:low,t:low,t:low,t:low,t:low,t:low,t:low,t:low,t:low,t:low,t:low,t:low,t:low,t:low,t:low,t:low,t:low,t:low,t:low,t:low,t:low,t:low,t:low,t:low,t:low,t:low,t:low,t:low,t:low,t:low,t:low,t:low,t:low,t:low,t:low,t:low,t:low,t:low,t:low,t:low,t:low,t:low,t:low",Nominal
"t:low,t:low,t:low,t:low,t:low,t:low,t:low,t:low,t:low,t:low,t:low,t:low,t:low,t:low,t:low,t:low,t:low,t:low,t:low,t:low,t:low,t:low,t:low,t:low,t:low,t:low,t:low,t:low,t:low,t:low,t:low,t:low,t:low,t:low,t:low,t:low,t:low,t:low,t:low,t:low,t:low,t:low,t:low,t:low,t:low,t:low,t:low,t:low,t:low,t:low,t:low,t:low,t:low,t:low,t:low,t:low,t:low,t:low,t:low,t:low,t:low,t:low,t:low,t:low,t:low,t:low,t:low,t:low,t:low,t:low,t:low,t:low,t:low,t:low,t:low,t:low,t:low,t:low,t:low,t:low,t:low,t:low,t:low,t:low,t:low,t:low,t:low,t:low,t:low,t:low,t:low,t:low,t:low,t:low,t:low,t:low,t:high,t:high,t:high,t:high,t:high,t:high,t:high,t:high,t:high,t:high,t:high,t:high,t:high,t:high,t:high,t:high,t:high,t:high,t:high,t:high,t:high,t:high,t:high,t:high,t:high,t:high,t:high,t:high,t:high,t:high,t:low,t:low,t:low,t:low,t:low,t:low,t:low,t:low,t:low,t:low,t:low,t:low,t:low,t:low,t:low,t:low,t:low,t:low,t:low,t:low,t:low,t:low,t:low,t:low,t:low,t:low,t:low,t:low,t:low,t:low,t:low,t:low,t:low,t:low,t:low,t:low,t:low,t:low,t:low,t:low,t:low,t:low,t:low,t:low,t:low,t:low,t:low,t:low,t:low,t:low,t:low,t:low,t:low,t:low,t:low,t:low,t:low,t:low,t:low,t:low,t:low,t:low,t:low,t:low",Nominal
"t:low,t:low,t:low,t:low,t:low,t:low,t:low,t:low,t:low,t:low,t:low,t:low,t:low,t:low,t:low,t:low,t:low,t:low,t:low,t:low,t:low,t:low,t:low,t:low,t:low,t:low,t:low,t:low,t:low,t:low,t:low,t:low,t:low,t:low,t:low,t:low,t:low,t:low,t:low,t:low,t:low,t:low,t:low,t:low,t:low,t:low,t:low,t:low,t:low,t:low,t:low,t:low,t:low,t:low,t:low,t:low,t:low,t:low,t:low,t:low,t:low,t:low,t:low,t:low,t:low,t:low,t:low,t:low,t:low,t:low,t:low,t:low,t:low,t:low,t:low,t:low,t:low,t:low,t:low,t:low,t:low,t:low,t:low,t:low,t:low,t:low,t:low,t:low,t:low,t:low,t:low,t:low,t:low,t:low,t:low,t:low,t:high,t:high,t:high,t:high,t:high,t:high,t:high,t:high,t:high,t:high,t:high,t:high,t:high,t:high,t:high,t:high,t:high,t:high,t:high,t:high,t:high,t:high,t:high,t:high,t:high,t:high,t:high,t:high,t:high,t:high,t:low,t:low,t:low,t:low,t:low,t:low,t:low,t:low,t:low,t:low,t:low,t:low,t:low,t:low,t:low,t:low,t:low,t:low,t:low,t:low,t:low,t:low,t:low,t:low,t:low,t:low,t:low,t:low,t:low,t:low,t:low,t:low,t:low,t:low,t:low,t:low,t:low,t:low,t:low,t:low,t:low,t:low,t:low,t:low,t:low,t:low,t:low,t:low,t:low,t:low,t:low,t:low,t:low,t:low,t:low,t:low,t:low,t:low,t:low,t:low,t:low,t:low,t:low,t:low,t:low",Nominal
