input,State
p:low t:low,Critical
"p:low t:low,p:low t:low",Critical
"p:low t:low,p:low t:low,p:low t:low",Critical
"p:low t:low,p:low t:low,p:low t:low,p:low t:low",Critical
"p:low t:low,p:low t:low,p:low t:low,p:low t:low,p:low t:low",Critical
"p:low t:low,p:low t:low,p:low t:low,p:low t:low,p:low t:low,p:low t:low",Critical
"p:low t:low,p:low t:low,p:low t:low,p:low t:low,p:low t:low,p:low t:low,p:low t:low",Critical
"p:low t:low,p:low t:low,p:low t:low,p:low t:low,p:low t:low,p:low t:low,p:low t:low,p:low t:low",Caution
"p:low t:low,p:low t:low,p:low t:low,p:low t:low,p:low t:low,p:low t:low,p:low t:low,p:low t:low,p:low t:low",Caution
"p:low t:low,p:low t:low,p:low t:low,p:low t:low,p:low t:low,p:low t:low,p:low t:low,p:low t:low,p:low t:low,p:low t:low",Caution
"p:low t:low,p:low t:low,p:low t:low,p:low t:low,p:low t:low,p:low t:low,p:low t:low,p:low t:low,p:low t:low,p:low t:low,p:low t:low",Caution
"p:low t:low,p:low t:low,p:low t:low,p:low t:low,p:low t:low,p:low t:low,p:low t:low,p:low t:low,p:low t:low,p:low t:low,p:low t:low,p:low t:low",Caution
"p:low t:low,p:low t:low,p:low t:low,p:low t:low,p:low t:low,p:low t:low,p:low t:low,p:low t:low,p:low t:low,p:low t:low,p:low t:low,p:low t:low,p:low t:low",Caution
"p:low t:low,p:low t:low,p:low t:low,p:low t:low,p:low t:low,p:low t:low,p:low t:low,p:low t:low,p:low t:low,p:low t:low,p:low t:low,p:low t:low,p:low t:low,p:low t:low",Caution
"p:low t:low,p:low t:low,p:low t:low,p:low t:low,p:low t:low,p:low t:low,p:low t:low,p:low t:low,p:low t:low,p:low t:low,p:low t:low,p:low t:low,p:low t:low,p:low t:low,p:low t:low",Caution
"p:low t:low,p:low t:low,p:low t:low,p:low t:low,p:low t:low,p:low t:low,p:low t:low,p:low t:low,p:low t:low,p:low t:low,p:low t:low,p:low t:low,p:low t:low,p:low t:low,p:low t:low,p:low t:low",Caution
"p:low t:low,p:low t:low,p:low t:low,p:low t:low,p:low t:low,p:low t:low,p:low t:low,p:low t:low,p:low t:low,p:low t:low,p:low t:low,p:low t:low,p:low t:low,p:low t:low,p:low t:low,p:low t:low,p:low t:low",Caution
"p:low t:low,p:low t:low,p:low t:low,p:low t:low,p:low t:low,p:low t:low,p:low t:low,p:low t:low,p:low t:low,p:low t:low,p:low t:low,p:low t:low,p:low t:low,p:low t:low,p:low t:low,p:low t:low,p:low t:low,p:low t:low",Caution
"p:low t:low,p:low t:low,p:low t:low,p:low t:low,p:low t:low,p:low t:low,p:low t:low,p:low t:low,p:low t:low,p:low t:low,p:low t:low,p:low t:low,p:low t:low,p:low t:low,p:low t:low,p:low t:low,p:low t:low,p:low t:low,p:low t:low",Caution
"p:low t:low,p:low t:low,p:low t:low,p:low t:low,p:low t:low,p:low t:low,p:low t:low,p:low t:low,p:low t:low,p:low t:low,p:low t:low,p:low t:low,p:low t:low,p:low t:low,p:low t:low,p:low t:low,p:low t:low,p:low t:low,p:low t:low,p:low t:low",Caution
"p:low t:low,p:low t:low,p:low t:low,p:low t:low,p:low t:low,p:low t:low,p:low t:low,p:low t:low,p:low t:low,p:low t:low,p:low t:low,p:low t:low,p:low t:low,p:low t:low,p:low t:low,p:low t:low,p:low t:low,p:low t:low,p:low t:low,p:low t:low,p:low t:low",Caution
"p:low t:low,p:low t:low,p:low t:low,p:low t:low,p:low t:low,p:low t:low,p:low t:low,p:low t:low,p:low t:low,p:low t:low,p:low t:low,p:low t:low,p:low t:low,p:low t:low,p:low t:low,p:low t:low,p:low t:low,p:low t:low,p:low t:low,p:low t:low,p:low t:low,p:med t:low",Caution
"p:low t:low,p:low t:low,p:low t:low,p:low t:low,p:low t:low,p:low t:low,p:low t:low,p:low t:low,p:low t:low,p:low t:low,p:low t:low,p:low t:low,p:low t:low,p:low t:low,p:low t:low,p:low t:low,p:low t:low,p:low t:low,p:low t:low,p:low t:low,p:low t:low,p:med t:low,p:med t:low",Caution
"p:low t:low,p:low t:low,p:low t:low,p:low t:low,p:low t:low,p:low t:low,p:low t:low,p:low t:low,p:low t:low,p:low t:low,p:low t:low,p:low t:low,p:low t:low,p:low t:low,p:low t:low,p:low t:low,p:low t:low,p:low t:low,p:low t:low,p:low t:low,p:low t:low,p:med t:low,p:med t:low,p:med t:low",Caution
"p:low t:low,p:low t:low,p:low t:low,p:low t:low,p:low t:low,p:low t:low,p:low t:low,p:low t:low,p:low t:low,p:low t:low,p:low t:low,p:low t:low,p:low t:low,p:low t:low,p:low t:low,p:low t:low,p:low t:low,p:low t:low,p:low t:low,p:low t:low,p:low t:low,p:med t:low,p:med t:low,p:med t:low,p:med t:low",Caution
"p:low t:low,p:low t:low,p:low t:low,p:low t:low,p:low t:low,p:low t:low,p:low t:low,p:low t:low,p:low t:low,p:low t:low,p:low t:low,p:low t:low,p:low t:low,p:low t:low,p:low t:low,p:low t:low,p:low t:low,p:low t:low,p:low t:low,p:low t:low,p:low t:low,p:med t:low,p:med t:low,p:med t:low,p:med t:low,p:med t:low",Caution
"p:low t:low,p:low t:low,p:low t:low,p:low t:low,p:low t:low,p:low t:low,p:low t:low,p:low t:low,p:low t:low,p:low t:low,p:low t:low,p:low t:low,p:low t:low,p:low t:low,p:low t:low,p:low t:low,p:low t:low,p:low t:low,p:low t:low,p:low t:low,p:low t:low,p:med t:low,p:med t:low,p:med t:low,p:med t:low,p:med t:low,p:med t:low",Caution
"p:low t:low,p:low t:low,p:low t:low,p:low t:low,p:low t:low,p:low t:low,p:low t:low,p:low t:low,p:low t:low,p:low t:low,p:low t:low,p:low t:low,p:low t:low,p:low t:low,p:low t:low,p:low t:low,p:low t:low,p:low t:low,p:low t:low,p:low t:low,p:low t:low,p:med t:low,p:med t:low,p:med t:low,p:med t:low,p:med t:low,p:med t:low,p:med t:low",Caution
"p:low t:low,p:low t:low,p:low t:low,p:low t:low,p:low t:low,p:low t:low,p:low t:low,p:low t:low,p:low t:low,p:low t:low,p:low t:low,p:low t:low,p:low t:low,p:low t:low,p:low t:low,p:low t:low,p:low t:low,p:low t:low,p:low t:low,p:low t:low,p:low t:low,p:med t:low,p:med t:low,p:med t:low,p:med t:low,p:med t:low,p:med t:low,p:med t:low,p:med t:low",Critical
"p:low t:low,p:low t:low,p:low t:low,p:low t:low,p:low t:low,p:low t:low,p:low t:low,p:low t:low,p:low t:low,p:low t:low,p:low t:low,p:low t:low,p:low t:low,p:low t:low,p:low t:low,p:low t:low,p:low t:low,p:low t:low,p:low t:low,p:low t:low,p:low t:low,p:med t:low,p:med t:low,p:med t:low,p:med t:low,p:med t:low,p:med t:low,p:med t:low,p:med t:low,p:med t:low",Critical
"p:low t:low,p:low t:low,p:low t:low,p:low t:low,p:low t:low,p:low t:low,p:low t:low,p:low t:low,p:low t:low,p:low t:low,p:low t:low,p:low t:low,p:low t:low,p:low t:low,p:low t:low,p:low t:low,p:low t:low,p:low t:low,p:low t:low,p:low t:low,p:low t:low,p:med t:low,p:med t:low,p:med t:low,p:med t:low,p:med t:low,p:med t:low,p:med t:low,p:med t:low,p:med t:low,p:med t:low",Critical
"p:low t:low,p:low t:low,p:low t:low,p:low t:low,p:low t:low,p:low t:low,p:low t:low,p:low t:low,p:low t:low,p:low t:low,p:low t:low,p:low t:low,p:low t:low,p:low t:low,p:low t:low,p:low t:low,p:low t:low,p:low t:low,p:low t:low,p:low t:low,p:low t:low,p:med t:low,p:med t:low,p:med t:low,p:med t:low,p:med t:low,p:med t:low,p:med t:low,p:med t:low,p:med t:low,p:med t:low,p:med t:low",Critical
"p:low t:low,p:low t:low,p:low t:low,p:low t:low,p:low t:low,p:low t:low,p:low t:low,p:low t:low,p:low t:low,p:low t:low,p:low t:low,p:low t:low,p:low t:low,p:low t:low,p:low t:low,p:low t:low,p:low t:low,p:low t:low,p:low t:low,p:low t:low,p:low t:low,p:med t:low,p:med t:low,p:med t:low,p:med t:low,p:med t:low,p:med t:low,p:med t:low,p:med t:low,p:med t:low,p:med t:low,p:med t:low,p:med t:low",Critical
"p:low t:low,p:low t:low,p:low t:low,p:low t:low,p:low t:low,p:low t:low,p:low t:low,p:low t:low,p:low t:low,p:low t:low,p:low t:low,p:low t:low,p:low t:low,p:low t:low,p:low t:low,p:low t:low,p:low t:low,p:low t:low,p:low t:low,p:low t:low,p:low t:low,p:med t:low,p:med t:low,p:med t:low,p:med t:low,p:med t:low,p:med t:low,p:med t:low,p:med t:low,p:med t:low,p:med t:low,p:med t:low,p:med t:low,p:med t:low",Critical
"p:low t:low,p:low t:low,p:low t:low,p:low t:low,p:low t:low,p:low t:low,p:low t:low,p:low t:low,p:low t:low,p:low t:low,p:low t:low,p:low t:low,p:low t:low,p:low t:low,p:low t:low,p:low t:low,p:low t:low,p:low t:low,p:low t:low,p:low t:low,p:low t:low,p:med t:low,p:med t:low,p:med t:low,p:med t:low,p:med t:low,p:med t:low,p:med t:low,p:med t:low,p:med t:low,p:med t:low,p:med t:low,p:med t:low,p:med t:low,p:med t:low",Critical
"p:low t:low,p:low t:low,p:low t:low,p:low t:low,p:low t:low,p:low t:low,p:low t:low,p:low t:low,p:low t:low,p:low t:low,p:low t:low,p:low t:low,p:low t:low,p:low t:low,p:low t:low,p:low t:low,p:low t:low,p:low t:low,p:low t:low,p:low t:low,p:low t:low,p:med t:low,p:med t:low,p:med t:low,p:med t:low,p:med t:low,p:med t:low,p:med t:low,p:med t:low,p:med t:low,p:med t:low,p:med t:low,p:med t:low,p:med t:low,p:med t:low,p:low t:low",Critical
"p:low t:low,p:low t:low,p:low t:low,p:low t:low,p:low t:low,p:low t:low,p:low t:low,p:low t:low,p:low t:low,p:low t:low,p:low t:low,p:low t:low,p:low t:low,p:low t:low,p:low t:low,p:low t:low,p:low t:low,p:low t:low,p:low t:low,p:low t:low,p:low t:low,p:med t:low,p:med t:low,p:med t:low,p:med t:low,p:med t:low,p:med t:low,p:med t:low,p:med t:low,p:med t:low,p:med t:low,p:med t:low,p:med t:low,p:med t:low,p:med t:low,p:low t:low,p:low t:low",Critical
"p:low t:low,p:low t:low,p:low t:low,p:low t:low,p:low t:low,p:low t:low,p:low t:low,p:low t:low,p:low t:low,p:low t:low,p:low t:low,p:low t:low,p:low t:low,p:low t:low,p:low t:low,p:low t:low,p:low t:low,p:low t:low,p:low t:low,p:low t:low,p:low t:low,p:med t:low,p:med t:low,p:med t:low,p:med t:low,p:med t:low,p:med t:low,p:med t:low,p:med t:low,p:med t:low,p:med t:low,p:med t:low,p:med t:low,p:med t:low,p:med t:low,p:low t:low,p:low t:low,p:low t:low",Critical
"p:low t:low,p:low t:low,p:low t:low,p:low t:low,p:low t:low,p:low t:low,p:low t:low,p:low t:low,p:low t:low,p:low t:low,p:low t:low,p:low t:low,p:low t:low,p:low t:low,p:low t:low,p:low t:low,p:low t:low,p:low t:low,p:low t:low,p:low t:low,p:low t:low,p:med t:low,p:med t:low,p:med t:low,p:med t:low,p:med t:low,p:med t:low,p:med t:low,p:med t:low,p:med t:low,p:med t:low,p:med t:low,p:med t:low,p:med t:low,p:med t:low,p:low t:low,p:low t:low,p:low t:low,p:low t:low",Critical
"p:low t:low,p:low t:low,p:low t:low,p:low t:low,p:low t:low,p:low t:low,p:low t:low,p:low t:low,p:low t:low,p:low t:low,p:low t:low,p:low t:low,p:low t:low,p:low t:low,p:low t:low,p:low t:low,p:low t:low,p:low t:low,p:low t:low,p:low t:low,p:low t:low,p:med t:low,p:med t:low,p:med t:low,p:med t:low,p:med t:low,p:med t:low,p:med t:low,p:med t:low,p:med t:low,p:med t:low,p:med t:low,p:med t:low,p:med t:low,p:med t:low,p:low t:low,p:low t:low,p:low t:low,p:low t:low,p:low t:low",Critical
"p:low t:low,p:low t:low,p:low t:low,p:low t:low,p:low t:low,p:low t:low,p:low t:low,p:low t:low,p:low t:low,p:low t:low,p:low t:low,p:low t:low,p:low t:low,p:low t:low,p:low t:low,p:low t:low,p:low t:low,p:low t:low,p:low t:low,p:low t:low,p:low t:low,p:med t:low,p:med t:low,p:med t:low,p:med t:low,p:med t:low,p:med t:low,p:med t:low,p:med t:low,p:med t:low,p:med t:low,p:med t:low,p:med t:low,p:med t:low,p:med t:low,p:low t:low,p:low t:low,p:low t:low,p:low t:low,p:low t:low,p:low t:low",Critical
"p:low t:low,p:low t:low,p:low t:low,p:low t:low,p:low t:low,p:low t:low,p:low t:low,p:low t:low,p:low t:low,p:low t:low,p:low t:low,p:low t:low,p:low t:low,p:low t:low,p:low t:low,p:low t:low,p:low t:low,p:low t:low,p:low t:low,p:low t:low,p:low t:low,p:med t:low,p:med t:low,p:med t:low,p:med t:low,p:med t:low,p:med t:low,p:med t:low,p:med t:low,p:med t:low,p:med t:low,p:med t:low,p:med t:low,p:med t:low,p:med t:low,p:low t:low,p:low t:low,p:low t:low,p:low t:low,p:low t:low,p:low t:low,p:low t:low",Critical
"p:low t:low,p:low t:low,p:low t:low,p:low t:low,p:low t:low,p:low t:low,p:low t:low,p:low t:low,p:low t:low,p:low t:low,p:low t:low,p:low t:low,p:low t:low,p:low t:low,p:low t:low,p:low t:low,p:low t:low,p:low t:low,p:low t:low,p:low t:low,p:low t:low,p:med t:low,p:med t:low,p:med t:low,p:med t:low,p:med t:low,p:med t:low,p:med t:low,p:med t:low,p:med t:low,p:med t:low,p:med t:low,p:med t:low,p:med t:low,p:med t:low,p:low t:low,p:low t:low,p:low t:low,p:low t:low,p:low t:low,p:low t:low,p:low t:low,p:low t:low",Caution
"p:low t:low,p:low t:low,p:low t:low,p:low t:low,p:low t:low,p:low t:low,p:low t:low,p:low t:low,p:low t:low,p:low t:low,p:low t:low,p:low t:low,p:low t:low,p:low t:low,p:low t:low,p:low t:low,p:low t:low,p:low t:low,p:low t:low,p:low t:low,p:low t:low,p:med t:low,p:med t:low,p:med t:low,p:med t:low,p:med t:low,p:med t:low,p:med t:low,p:med t:low,p:med t:low,p:med t:low,p:med t:low,p:med t:low,p:med t:low,p:med t:low,p:low t:low,p:low t:low,p:low t:low,p:low t:low,p:low t:low,p:low t:low,p:low t:low,p:low t:low,p:low t:low",Caution
"p:low t:low,p:low t:low,p:low t:low,p:low t:low,p:low t:low,p:low t:low,p:low t:low,p:low t:low,p:low t:low,p:low t:low,p:low t:low,p:low t:low,p:low t:low,p:low t:low,p:low t:low,p:low t:low,p:low t:low,p:low t:low,p:low t:low,p:low t:low,p:low t:low,p:med t:low,p:med t:low,p:med t:low,p:med t:low,p:med t:low,p:med t:low,p:med t:low,p:med t:low,p:med t:low,p:med t:low,p:med t:low,p:med t:low,p:med t:low,p:med t:low,p:low t:low,p:low t:low,p:low t:low,p:low t:low,p:low t:low,p:low t:low,p:low t:low,p:low t:low,p:low t:low,p:low t:low",Caution
"p:low t:low,p:low t:low,p:low t:low,p:low t:low,p:low t:low,p:low t:low,p:low t:low,p:low t:low,p:low t:low,p:low t:low,p:low t:low,p:low t:low,p:low t:low,p:low t:low,p:low t:low,p:low t:low,p:low t:low,p:low t:low,p:low t:low,p:low t:low,p:low t:low,p:med t:low,p:med t:low,p:med t:low,p:med t:low,p:med t:low,p:med t:low,p:med t:low,p:med t:low,p:med t:low,p:med t:low,p:med t:low,p:med t:low,p:med t:low,p:med t:low,p:low t:low,p:low t:low,p:low t:low,p:low t:low,p:low t:low,p:low t:low,p:low t:low,p:low t:low,p:low t:low,p:low t:low,p:low t:low",Caution
"p:low t:low,p:low t:low,p:low t:low,p:low t:low,p:low t:low,p:low t:low,p:low t:low,p:low t:low,p:low t:low,p:low t:low,p:low t:low,p:low t:low,p:low t:low,p:low t:low,p:low t:low,p:low t:low,p:low t:low,p:low t:low,p:low t:low,p:low t:low,p:low t:low,p:med t:low,p:med t:low,p:med t:low,p:med t:low,p:med t:low,p:med t:low,p:med t:low,p:med t:low,p:med t:low,p:med t:low,p:med t:low,p:med t:low,p:med t:low,p:med t:low,p:low t:low,p:low t:low,p:low t:low,p:low t:low,p:low t:low,p:low t:low,p:low t:low,p:low t:low,p:low t:low,p:low t:low,p:low t:low,p:low t:low",Caution
"p:low t:low,p:low t:low,p:low t:low,p:low t:low,p:low t:low,p:low t:low,p:low t:low,p:low t:low,p:low t:low,p:low t:low,p:low t:low,p:low t:low,p:low t:low,p:low t:low,p:low t:low,p:low t:low,p:low t:low,p:low t:low,p:low t:low,p:low t:low,p:low t:low,p:med t:low,p:med t:low,p:med t:low,p:med t:low,p:med t:low,p:med t:low,p:med t:low,p:med t:low,p:med t:low,p:med t:low,p:med t:low,p:med t:low,p:med t:low,p:med t:low,p:low t:low,p:low t:low,p:low t:low,p:low t:low,p:low t:low,p:low t:low,p:low t:low,p:low t:low,p:low t:low,p:low t:low,p:low t:low,p:low t:low,p:low t:low",Caution
"p:low t:low,p:low t:low,p:low t:low,p:low t:low,p:low t:low,p:low t:low,p:low t:low,p:low t:low,p:low t:low,p:low t:low,p:low t:low,p:low t:low,p:low t:low,p:low t:low,p:low t:low,p:low t:low,p:low t:low,p:low t:low,p:low t:low,p:low t:low,p:low t:low,p:med t:low,p:med t:low,p:med t:low,p:med t:low,p:med t:low,p:med t:low,p:med t:low,p:med t:low,p:med t:low,p:med t:low,p:med t:low,p:med t:low,p:med t:low,p:med t:low,p:low t:low,p:low t:low,p:low t:low,p:low t:low,p:low t:low,p:low t:low,p:low t:low,p:low t:low,p:low t:low,p:low t:low,p:low t:low,p:low t:low,p:low t:low,p:low t:low",Caution
"p:low t:low,p:low t:low,p:low t:low,p:low t:low,p:low t:low,p:low t:low,p:low t:low,p:low t:low,p:low t:low,p:low t:low,p:low t:low,p:low t:low,p:low t:low,p:low t:low,p:low t:low,p:low t:low,p:low t:low,p:low t:low,p:low t:low,p:low t:low,p:low t:low,p:med t:low,p:med t:low,p:med t:low,p:med t:low,p:med t:low,p:med t:low,p:med t:low,p:med t:low,p:med t:low,p:med t:low,p:med t:low,p:med t:low,p:med t:low,p:med t:low,p:low t:low,p:low t:low,p:low t:low,p:low t:low,p:low t:low,p:low t:low,p:low t:low,p:low t:low,p:low t:low,p:low t:low,p:low t:low,p:low t:low,p:low t:low,p:low t:low,p:low t:low",Caution
"p:low t:low,p:low t:low,p:low t:low,p:low t:low,p:low t:low,p:low t:low,p:low t:low,p:low t:low,p:low t:low,p:low t:low,p:low t:low,p:low t:low,p:low t:low,p:low t:low,p:low t:low,p:low t:low,p:low t:low,p:low t:low,p:low t:low,p:low t:low,p:low t:low,p:med t:low,p:med t:low,p:med t:low,p:med t:low,p:med t:low,p:med t:low,p:med t:low,p:med t:low,p:med t:low,p:med t:low,p:med t:low,p:med t:low,p:med t:low,p:med t:low,p:low t:low,p:low t:low,p:low t:low,p:low t:low,p:low t:low,p:low t:low,p:low t:low,p:low t:low,p:low t:low,p:low t:low,p:low t:low,p:low t:low,p:low t:low,p:low t:low,p:low t:low,p:low t:low",Caution
"p:low t:low,p:low t:low,p:low t:low,p:low t:low,p:low t:low,p:low t:low,p:low t:low,p:low t:low,p:low t:low,p:low t:low,p:low t:low,p:low t:low,p:low t:low,p:low t:low,p:low t:low,p:low t:low,p:low t:low,p:low t:low,p:low t:low,p:low t:low,p:low t:low,p:med t:low,p:med t:low,p:med t:low,p:med t:low,p:med t:low,p:med t:low,p:med t:low,p:med t:low,p:med t:low,p:med t:low,p:med t:low,p:med t:low,p:med t:low,p:med t:low,p:low t:low,p:low t:low,p:low t:low,p:low t:low,p:low t:low,p:low t:low,p:low t:low,p:low t:low,p:low t:low,p:low t:low,p:low t:low,p:low t:low,p:low t:low,p:low t:low,p:low t:low,p:low t:low,p:low t:low",Caution
"p:low t:low,p:low t:low,p:low t:low,p:low t:low,p:low t:low,p:low t:low,p:low t:low,p:low t:low,p:low t:low,p:low t:low,p:low t:low,p:low t:low,p:low t:low,p:low t:low,p:low t:low,p:low t:low,p:low t:low,p:low t:low,p:low t:low,p:low t:low,p:low t:low,p:med t:low,p:med t:low,p:med t:low,p:med t:low,p:med t:low,p:med t:low,p:med t:low,p:med t:low,p:med t:low,p:med t:low,p:med t:low,p:med t:low,p:med t:low,p:med t:low,p:low t:low,p:low t:low,p:low t:low,p:low t:low,p:low t:low,p:low t:low,p:low t:low,p:low t:low,p:low t:low,p:low t:low,p:low t:low,p:low t:low,p:low t:low,p:low t:low,p:low t:low,p:low t:low,p:low t:low,p:low t:low",Caution
"p:low t:low,p:low t:low,p:low t:low,p:low t:low,p:low t:low,p:low t:low,p:low t:low,p:low t:low,p:low t:low,p:low t:low,p:low t:low,p:low t:low,p:low t:low,p:low t:low,p:low t:low,p:low t:low,p:low t:low,p:low t:low,p:low t:low,p:low t:low,p:low t:low,p:med t:low,p:med t:low,p:med t:low,p:med t:low,p:med t:low,p:med t:low,p:med t:low,p:med t:low,p:med t:low,p:med t:low,p:med t:low,p:med t:low,p:med t:low,p:med t:low,p:low t:low,p:low t:low,p:low t:low,p:low t:low,p:low t:low,p:low t:low,p:low t:low,p:low t:low,p:low t:low,p:low t:low,p:low t:low,p:low t:low,p:low t:low,p:low t:low,p:low t:low,p:low t:low,p:low t:low,p:low t:low,p:low t:low",Caution
"p:low t:low,p:low t:low,p:low t:low,p:low t:low,p:low t:low,p:low t:low,p:low t:low,p:low t:low,p:low t:low,p:low t:low,p:low t:low,p:low t:low,p:low t:low,p:low t:low,p:low t:low,p:low t:low,p:low t:low,p:low t:low,p:low t:low,p:low t:low,p:low t:low,p:med t:low,p:med t:low,p:med t:low,p:med t:low,p:med t:low,p:med t:low,p:med t:low,p:med t:low,p:med t:low,p:med t:low,p:med t:low,p:med t:low,p:med t:low,p:med t:low,p:low t:low,p:low t:low,p:low t:low,p:low t:low,p:low t:low,p:low t:low,p:low t:low,p:low t:low,p:low t:low,p:low t:low,p:low t:low,p:low t:low,p:low t:low,p:low t:low,p:low t:low,p:low t:low,p:low t:low,p:low t:low,p:low t:low,p:low t:low",Caution
"p:low t:low,p:low t:low,p:low t:low,p:low t:low,p:low t:low,p:low t:low,p:low t:low,p:low t:low,p:low t:low,p:low t:low,p:low t:low,p:low t:low,p:low t:low,p:low t:low,p:low t:low,p:low t:low,p:low t:low,p:low t:low,p:low t:low,p:low t:low,p:low t:low,p:med t:low,p:med t:low,p:med t:low,p:med t:low,p:med t:low,p:med t:low,p:med t:low,p:med t:low,p:med t:low,p:med t:low,p:med t:low,p:med t:low,p:med t:low,p:med t:low,p:low t:low,p:low t:low,p:low t:low,p:low t:low,p:low t:low,p:low t:low,p:low t:low,p:low t:low,p:low t:low,p:low t:low,p:low t:low,p:low t:low,p:low t:low,p:low t:low,p:low t:low,p:low t:low,p:low t:low,p:low t:low,p:low t:low,p:low t:low,p:low t:low",Caution
"p:low t:low,p:low t:low,p:low t:low,p:low t:low,p:low t:low,p:low t:low,p:low t:low,p:low t:low,p:low t:low,p:low t:low,p:low t:low,p:low t:low,p:low t:low,p:low t:low,p:low t:low,p:low t:low,p:low t:low,p:low t:low,p:low t:low,p:low t:low,p:low t:low,p:med t:low,p:med t:low,p:med t:low,p:med t:low,p:med t:low,p:med t:low,p:med t:low,p:med t:low,p:med t:low,p:med t:low,p:med t:low,p:med t:low,p:med t:low,p:med t:low,p:low t:low,p:low t:low,p:low t:low,p:low t:low,p:low t:low,p:low t:low,p:low t:low,p:low t:low,p:low t:low,p:low t:low,p:low t:low,p:low t:low,p:low t:low,p:low t:low,p:low t:low,p:low t:low,p:low t:low,p:low t:low,p:low t:low,p:low t:low,p:low t:low,p:low t:low",Nominal
"p:low t:low,p:low t:low,p:low t:low,p:low t:low,p:low t:low,p:low t:low,p:low t:low,p:low t:low,p:low t:low,p:low t:low,p:low t:low,p:low t:low,p:low t:low,p:low t:low,p:low t:low,p:low t:low,p:low t:low,p:low t:low,p:low t:low,p:low t:low,p:low t:low,p:med t:low,p:med t:low,p:med t:low,p:med t:low,p:med t:low,p:med t:low,p:med t:low,p:med t:low,p:med t:low,p:med t:low,p:med t:low,p:med t:low,p:med t:low,p:med t:low,p:low t:low,p:low t:low,p:low t:low,p:low t:low,p:low t:low,p:low t:low,p:low t:low,p:low t:low,p:low t:low,p:low t:low,p:low t:low,p:low t:low,p:low t:low,p:low t:low,p:low t:low,p:low t:low,p:low t:low,p:low t:low,p:low t:low,p:low t:low,p:low t:low,p:low t:low,p:low t:low",Nominal
"p:low t:low,p:low t:low,p:low t:low,p:low t:low,p:low t:low,p:low t:low,p:low t:low,p:low t:low,p:low t:low,p:low t:low,p:low t:low,p:low t:low,p:low t:low,p:low t:low,p:low t:low,p:low t:low,p:low t:low,p:low t:low,p:low t:low,p:low t:low,p:low t:low,p:med t:low,p:med t:low,p:med t:low,p:med t:low,p:med t:low,p:med t:low,p:med t:low,p:med t:low,p:med t:low,p:med t:low,p:med t:low,p:med t:low,p:med t:low,p:med t:low,p:low t:low,p:low t:low,p:low t:low,p:low t:low,p:low t:low,p:low t:low,p:low t:low,p:low t:low,p:low t:low,p:low t:low,p:low t:low,p:low t:low,p:low t:low,p:low t:low,p:low t:low,p:low t:low,p:low t:low,p:low t:low,p:low t:low,p:low t:low,p:low t:low,p:low t:low,p:low t:low,p:low t:low",Nominal
"p:low t:low,p:low t:low,p:low t:low,p:low t:low,p:low t:low,p:low t:low,p:low t:low,p:low t:low,p:low t:low,p:low t:low,p:low t:low,p:low t:low,p:low t:low,p:low t:low,p:low t:low,p:low t:low,p:low t:low,p:low t:low,p:low t:low,p:low t:low,p:low t:low,p:med t:low,p:med t:low,p:med t:low,p:med t:low,p:med t:low,p:med t:low,p:med t:low,p:med t:low,p:med t:low,p:med t:low,p:med t:low,p:med t:low,p:med t:low,p:med t:low,p:low t:low,p:low t:low,p:low t:low,p:low t:low,p:low t:low,p:low t:low,p:low t:low,p:low t:low,p:low t:low,p:low t:low,p:low t:low,p:low t:low,p:low t:low,p:low t:low,p:low t:low,p:low t:low,p:low t:low,p:low t:low,p:low t:low,p:low t:low,p:low t:low,p:low t:low,p:low t:low,p:low t:low,p:low t:low",Nominal
"p:low t:low,p:low t:low,p:low t:low,p:low t:low,p:low t:low,p:low t:low,p:low t:low,p:low t:low,p:low t:low,p:low t:low,p:low t:low,p:low t:low,p:low t:low,p:low t:low,p:low t:low,p:low t:low,p:low t:low,p:low t:low,p:low t:low,p:low t:low,p:low t:low,p:med t:low,p:med t:low,p:med t:low,p:med t:low,p:med t:low,p:med t:low,p:med t:low,p:med t:low,p:med t:low,p:med t:low,p:med t:low,p:med t:low,p:med t:low,p:med t:low,p:low t:low,p:low t:low,p:low t:low,p:low t:low,p:low t:low,p:low t:low,p:low t:low,p:low t:low,p:low t:low,p:low t:low,p:low t:low,p:low t:low,p:low t:low,p:low t:low,p:low t:low,p:low t:low,p:low t:low,p:low t:low,p:low t:low,p:low t:low,p:low t:low,p:low t:low,p:low t:low,p:low t:low,p:low t:low,p:low t:low",Nominal
"p:low t:low,p:low t:low,p:low t:low,p:low t:low,p:low t:low,p:low t:low,p:low t:low,p:low t:low,p:low t:low,p:low t:low,p:low t:low,p:low t:low,p:low t:low,p:low t:low,p:low t:low,p:low t:low,p:low t:low,p:low t:low,p:low t:low,p:low t:low,p:low t:low,p:med t:low,p:med t:low,p:med t:low,p:med t:low,p:med t:low,p:med t:low,p:med t:low,p:med t:low,p:med t:low,p:med t:low,p:med t:low,p:med t:low,p:med t:low,p:med t:low,p:low t:low,p:low t:low,p:low t:low,p:low t:low,p:low t:low,p:low t:low,p:low t:low,p:low t:low,p:low t:low,p:low t:low,p:low t:low,p:low t:low,p:low t:low,p:low t:low,p:low t:low,p:low t:low,p:low t:low,p:low t:low,p:low t:low,p:low t:low,p:low t:low,p:low t:low,p:low t:low,p:low t:low,p:low t:low,p:low t:low,p:low t:low",Nominal
"p:low t:low,p:low t:low,p:low t:low,p:low t:low,p:low t:low,p:low t:low,p:low t:low,p:low t:low,p:low t:low,p:low t:low,p:low t:low,p:low t:low,p:low t:low,p:low t:low,p:low t:low,p:low t:low,p:low t:low,p:low t:low,p:low t:low,p:low t:low,p:low t:low,p:med t:low,p:med t:low,p:med t:low,p:med t:low,p:med t:low,p:med t:low,p:med t:low,p:med t:low,p:med t:low,p:med t:low,p:med t:low,p:med t:low,p:med t:low,p:med t:low,p:low t:low,p:low t:low,p:low t:low,p:low t:low,p:low t:low,p:low t:low,p:low t:low,p:low t:low,p:low t:low,p:low t:low,p:low t:low,p:low t:low,p:low t:low,p:low t:low,p:low t:low,p:low t:low,p:low t:low,p:low t:low,p:low t:low,p:low t:low,p:low t:low,p:low t:low,p:low t:low,p:low t:low,p:low t:low,p:low t:low,p:low t:low,p:low t:low",Nominal
"p:low t:low,p:low t:low,p:low t:low,p:low t:low,p:low t:low,p:low t:low,p:low t:low,p:low t:low,p:low t:low,p:low t:low,p:low t:low,p:low t:low,p:low t:low,p:low t:low,p:low t:low,p:low t:low,p:low t:low,p:low t:low,p:low t:low,p:low t:low,p:low t:low,p:med t:low,p:med t:low,p:med t:low,p:med t:low,p:med t:low,p:med t:low,p:med t:low,p:med t:low,p:med t:low,p:med t:low,p:med t:low,p:med t:low,p:med t:low,p:med t:low,p:low t:low,p:low t:low,p:low t:low,p:low t:low,p:low t:low,p:low t:low,p:low t:low,p:low t:low,p:low t:low,p:low t:low,p:low t:low,p:low t:low,p:low t:low,p:low t:low,p:low t:low,p:low t:low,p:low t:low,p:low t:low,p:low t:low,p:low t:low,p:low t:low,p:low t:low,p:low t:low,p:low t:low,p:low t:low,p:low t:low,p:low t:low,p:low t:low,p:low t:low",Nominal
"p:low t:low,p:low t:low,p:low t:low,p:low t:low,p:low t:low,p:low t:low,p:low t:low,p:low t:low,p:low t:low,p:low t:low,p:low t:low,p:low t:low,p:low t:low,p:low t:low,p:low t:low,p:low t:low,p:low t:low,p:low t:low,p:low t:low,p:low t:low,p:low t:low,p:med t:low,p:med t:low,p:med t:low,p:med t:low,p:med t:low,p:med t:low,p:med t:low,p:med t:low,p:med t:low,p:med t:low,p:med t:low,p:med t:low,p:med t:low,p:med t:low,p:low t:low,p:low t:low,p:low t:low,p:low t:low,p:low t:low,p:low t:low,p:low t:low,p:low t:low,p:low t:low,p:low t:low,p:low t:low,p:low t:low,p:low t:low,p:low t:low,p:low t:low,p:low t:low,p:low t:low,p:low t:low,p:low t:low,p:low t:low,p:low t:low,p:low t:low,p:low t:low,p:low t:low,p:low t:low,p:low t:low,p:low t:low,p:low t:low,p:low t:low,p:low t:low",Nominal
"p:low t:low,p:low t:low,p:low t:low,p:low t:low,p:low t:low,p:low t:low,p:low t:low,p:low t:low,p:low t:low,p:low t:low,p:low t:low,p:low t:low,p:low t:low,p:low t:low,p:low t:low,p:low t:low,p:low t:low,p:low t:low,p:low t:low,p:low t:low,p:low t:low,p:med t:low,p:med t:low,p:med t:low,p:med t:low,p:med t:low,p:med t:low,p:med t:low,p:med t:low,p:med t:low,p:med t:low,p:med t:low,p:med t:low,p:med t:low,p:med t:low,p:low t:low,p:low t:low,p:low t:low,p:low t:low,p:low t:low,p:low t:low,p:low t:low,p:low t:low,p:low t:low,p:low t:low,p:low t:low,p:low t:low,p:low t:low,p:low t:low,p:low t:low,p:low t:low,p:low t:low,p:low t:low,p:low t:low,p:low t:low,p:low t:low,p:low t:low,p:low t:low,p:low t:low,p:low t:low,p:low t:low,p:low t:low,p:low t:low,p:low t:low,p:low t:low,p:low t:low",Nominal
"p:low t:low,p:low t:low,p:low t:low,p:low t:low,p:low t:low,p:low t:low,p:low t:low,p:low t:low,p:low t:low,p:low t:low,p:low t:low,p:low t:low,p:low t:low,p:low t:low,p:low t:low,p:low t:low,p:low t:low,p:low t:low,p:low t:low,p:low t:low,p:low t:low,p:med t:low,p:med t:low,p:med t:low,p:med t:low,p:med t:low,p:med t:low,p:med t:low,p:med t:low,p:med t:low,p:med t:low,p:med t:low,p:med t:low,p:med t:low,p:med t:low,p:low t:low,p:low t:low,p:low t:low,p:low t:low,p:low t:low,p:low t:low,p:low t:low,p:low t:low,p:low t:low,p:low t:low,p:low t:low,p:low t:low,p:low t:low,p:low t:low,p:low t:low,p:low t:low,p:low t:low,p:low t:low,p:low t:low,p:low t:low,p:low t:low,p:low t:low,p:low t:low,p:low t:low,p:low t:low,p:low t:low,p:low t:low,p:low t:low,p:low t:low,p:low t:low,p:low t:low,p:low t:low",Nominal
"p:low t:low,p:low t:low,p:low t:low,p:low t:low,p:low t:low,p:low t:low,p:low t:low,p:low t:low,p:low t:low,p:low t:low,p:low t:low,p:low t:low,p:low t:low,p:low t:low,p:low t:low,p:low t:low,p:low t:low,p:low t:low,p:low t:low,p:low t:low,p:low t:low,p:med t:low,p:med t:low,p:med t:low,p:med t:low,p:med t:low,p:med t:low,p:med t:low,p:med t:low,p:med t:low,p:med t:low,p:med t:low,p:med t:low,p:med t:low,p:med t:low,p:low t:low,p:low t:low,p:low t:low,p:low t:low,p:low t:low,p:low t:low,p:low t:low,p:low t:low,p:low t:low,p:low t:low,p:low t:low,p:low t:low,p:low t:low,p:low t:low,p:low t:low,p:low t:low,p:low t:low,p:low t:low,p:low t:low,p:low t:low,p:low t:low,p:low t:low,p:low t:low,p:low t:low,p:low t:low,p:low t:low,p:low t:low,p:low t:low,p:low t:low,p:low t:low,p:low t:low,p:low t:low,p:low t:low",Nominal
"p:low t:low,p:low t:low,p:low t:low,p:low t:low,p:low t:low,p:low t:low,p:low t:low,p:low t:low,p:low t:low,p:low t:low,p:low t:low,p:low t:low,p:low t:low,p:low t:low,p:low t:low,p:low t:low,p:low t:low,p:low t:low,p:low t:low,p:low t:low,p:low t:low,p:med t:low,p:med t:low,p:med t:low,p:med t:low,p:med t:low,p:med t:low,p:med t:low,p:med t:low,p:med t:low,p:med t:low,p:med t:low,p:med t:low,p:med t:low,p:med t:low,p:low t:low,p:low t:low,p:low t:low,p:low t:low,p:low t:low,p:low t:low,p:low t:low,p:low t:low,p:low t:low,p:low t:low,p:low t:low,p:low t:low,p:low t:low,p:low t:low,p:low t:low,p:low t:low,p:low t:low,p:low t:low,p:low t:low,p:low t:low,p:low t:low,p:low t:low,p:low t:low,p:low t:low,p:low t:low,p:low t:low,p:low t:low,p:low t:low,p:low t:low,p:low t:low,p:low t:low,p:low t:low,p:low t:low,p:low t:low",Nominal
"p:low t:low,p:low t:low,p:low t:low,p:low t:low,p:low t:low,p:low t:low,p:low t:low,p:low t:low,p:low t:low,p:low t:low,p:low t:low,p:low t:low,p:low t:low,p:low t:low,p:low t:low,p:low t:low,p:low t:low,p:low t:low,p:low t:low,p:low t:low,p:low t:low,p:med t:low,p:med t:low,p:med t:low,p:med t:low,p:med t:low,p:med t:low,p:med t:low,p:med t:low,p:med t:low,p:med t:low,p:med t:low,p:med t:low,p:med t:low,p:med t:low,p:low t:low,p:low t:low,p:low t:low,p:low t:low,p:low t:low,p:low t:low,p:low t:low,p:low t:low,p:low t:low,p:low t:low,p:low t:low,p:low t:low,p:low t:low,p:low t:low,p:low t:low,p:low t:low,p:low t:low,p:low t:low,p:low t:low,p:low t:low,p:low t:low,p:low t:low,p:low t:low,p:low t:low,p:low t:low,p:low t:low,p:low t:low,p:low t:low,p:low t:low,p:low t:low,p:low t:low,p:low t:low,p:low t:low,p:low t:low,p:low t:low",Nominal
"p:low t:low,p:low t:low,p:low t:low,p:low t:low,p:low t:low,p:low t:low,p:low t:low,p:low t:low,p:low t:low,p:low t:low,p:low t:low,p:low t:low,p:low t:low,p:low t:low,p:low t:low,p:low t:low,p:low t:low,p:low t:low,p:low t:low,p:low t:low,p:low t:low,p:med t:low,p:med t:low,p:med t:low,p:med t:low,p:med t:low,p:med t:low,p:med t:low,p:med t:low,p:med t:low,p:med t:low,p:med t:low,p:med t:low,p:med t:low,p:med t:low,p:low t:low,p:low t:low,p:low t:low,p:low t:low,p:low t:low,p:low t:low,p:low t:low,p:low t:low,p:low t:low,p:low t:low,p:low t:low,p:low t:low,p:low t:low,p:low t:low,p:low t:low,p:low t:low,p:low t:low,p:low t:low,p:low t:low,p:low t:low,p:low t:low,p:low t:low,p:low t:low,p:low t:low,p:low t:low,p:low t:low,p:low t:low,p:low t:low,p:low t:low,p:low t:low,p:low t:low,p:low t:low,p:low t:low,p:low t:low,p:low t:low,p:low t:low",Nominal
"p:low t:low,p:low t:low,p:low t:low,p:low t:low,p:low t:low,p:low t:low,p:low t:low,p:low t:low,p:low t:low,p:low t:low,p:low t:low,p:low t:low,p:low t:low,p:low t:low,p:low t:low,p:low t:low,p:low t:low,p:low t:low,p:low t:low,p:low t:low,p:low t:low,p:med t:low,p:med t:low,p:med t:low,p:med t:low,p:med t:low,p:med t:low,p:med t:low,p:med t:low,p:med t:low,p:med t:low,p:med t:low,p:med t:low,p:med t:low,p:med t:low,p:low t:low,p:low t:low,p:low t:low,p:low t:low,p:low t:low,p:low t:low,p:low t:low,p:low t:low,p:low t:low,p:low t:low,p:low t:low,p:low t:low,p:low t:low,p:low t:low,p:low t:low,p:low t:low,p:low t:low,p:low t:low,p:low t:low,p:low t:low,p:low t:low,p:low t:low,p:low t:low,p:low t:low,p:low t:low,p:low t:low,p:low t:low,p:low t:low,p:low t:low,p:low t:low,p:low t:low,p:low t:low,p:low t:low,p:low t:low,p:low t:low,p:low t:low,p:low t:low",Nominal
"p:low t:low,p:low t:low,p:low t:low,p:low t:low,p:low t:low,p:low t:low,p:low t:low,p:low t:low,p:low t:low,p:low t:low,p:low t:low,p:low t:low,p:low t:low,p:low t:low,p:low t:low,p:low t:low,p:low t:low,p:low t:low,p:low t:low,p:low t:low,p:low t:low,p:med t:low,p:med t:low,p:med t:low,p:med t:low,p:med t:low,p:med t:low,p:med t:low,p:med t:low,p:med t:low,p:med t:low,p:med t:low,p:med t:low,p:med t:low,p:med t:low,p:low t:low,p:low t:low,p:low t:low,p:low t:low,p:low t:low,p:low t:low,p:low t:low,p:low t:low,p:low t:low,p:low t:low,p:low t:low,p:low t:low,p:low t:low,p:low t:low,p:low t:low,p:low t:low,p:low t:low,p:low t:low,p:low t:low,p:low t:low,p:low t:low,p:low t:low,p:low t:low,p:low t:low,p:low t:low,p:low t:low,p:low t:low,p:low t:low,p:low t:low,p:low t:low,p:low t:low,p:low t:low,p:low t:low,p:low t:low,p:low t:low,p:low t:low,p:low t:low,p:med t:high",Nominal
"p:low t:low,p:low t:low,p:low t:low,p:low t:low,p:low t:low,p:low t:low,p:low t:low,p:low t:low,p:low t:low,p:low t:low,p:low t:low,p:low t:low,p:low t:low,p:low t:low,p:low t:low,p:low t:low,p:low t:low,p:low t:low,p:low t:low,p:low t:low,p:low t:low,p:med t:low,p:med t:low,p:med t:low,p:med t:low,p:med t:low,p:med t:low,p:med t:low,p:med t:low,p:med t:low,p:med t:low,p:med t:low,p:med t:low,p:med t:low,p:med t:low,p:low t:low,p:low t:low,p:low t:low,p:low t:low,p:low t:low,p:low t:low,p:low t:low,p:low t:low,p:low t:low,p:low t:low,p:low t:low,p:low t:low,p:low t:low,p:low t:low,p:low t:low,p:low t:low,p:low t:low,p:low t:low,p:low t:low,p:low t:low,p:low t:low,p:low t:low,p:low t:low,p:low t:low,p:low t:low,p:low t:low,p:low t:low,p:low t:low,p:low t:low,p:low t:low,p:low t:low,p:low t:low,p:low t:low,p:low t:low,p:low t:low,p:low t:low,p:low t:low,p:med t:high,p:med t:high",Nominal
"p:low t:low,p:low t:low,p:low t:low,p:low t:low,p:low t:low,p:low t:low,p:low t:low,p:low t:low,p:low t:low,p:low t:low,p:low t:low,p:low t:low,p:low t:low,p:low t:low,p:low t:low,p:low t:low,p:low t:low,p:low t:low,p:low t:low,p:low t:low,p:low t:low,p:med t:low,p:med t:low,p:med t:low,p:med t:low,p:med t:low,p:med t:low,p:med t:low,p:med t:low,p:med t:low,p:med t:low,p:med t:low,p:med t:low,p:med t:low,p:med t:low,p:low t:low,p:low t:low,p:low t:low,p:low t:low,p:low t:low,p:low t:low,p:low t:low,p:low t:low,p:low t:low,p:low t:low,p:low t:low,p:low t:low,p:low t:low,p:low t:low,p:low t:low,p:low t:low,p:low t:low,p:low t:low,p:low t:low,p:low t:low,p:low t:low,p:low t:low,p:low t:low,p:low t:low,p:low t:low,p:low t:low,p:low t:low,p:low t:low,p:low t:low,p:low t:low,p:low t:low,p:low t:low,p:low t:low,p:low t:low,p:low t:low,p:low t:low,p:low t:low,p:med t:high,p:med t:high,p:med t:high",Nominal
"p:low t:low,p:low t:low,p:low t:low,p:low t:low,p:low t:low,p:low t:low,p:low t:low,p:low t:low,p:low t:low,p:low t:low,p:low t:low,p:low t:low,p:low t:low,p:low t:low,p:low t:low,p:low t:low,p:low t:low,p:low t:low,p:low t:low,p:low t:low,p:low t:low,p:med t:low,p:med t:low,p:med t:low,p:med t:low,p:med t:low,p:med t:low,p:med t:low,p:med t:low,p:med t:low,p:med t:low,p:med t:low,p:med t:low,p:med t:low,p:med t:low,p:low t:low,p:low t:low,p:low t:low,p:low t:low,p:low t:low,p:low t:low,p:low t:low,p:low t:low,p:low t:low,p:low t:low,p:low t:low,p:low t:low,p:low t:low,p:low t:low,p:low t:low,p:low t:low,p:low t:low,p:low t:low,p:low t:low,p:low t:low,p:low t:low,p:low t:low,p:low t:low,p:low t:low,p:low t:low,p:low t:low,p:low t:low,p:low t:low,p:low t:low,p:low t:low,p:low t:low,p:low t:low,p:low t:low,p:low t:low,p:low t:low,p:low t:low,p:low t:low,p:med t:high,p:med t:high,p:med t:high,p:med t:high",Nominal
"p:low t:low,p:low t:low,p:low t:low,p:low t:low,p:low t:low,p:low t:low,p:low t:low,p:low t:low,p:low t:low,p:low t:low,p:low t:low,p:low t:low,p:low t:low,p:low t:low,p:low t:low,p:low t:low,p:low t:low,p:low t:low,p:low t:low,p:low t:low,p:low t:low,p:med t:low,p:med t:low,p:med t:low,p:med t:low,p:med t:low,p:med t:low,p:med t:low,p:med t:low,p:med t:low,p:med t:low,p:med t:low,p:med t:low,p:med t:low,p:med t:low,p:low t:low,p:low t:low,p:low t:low,p:low t:low,p:low t:low,p:low t:low,p:low t:low,p:low t:low,p:low t:low,p:low t:low,p:low t:low,p:low t:low,p:low t:low,p:low t:low,p:low t:low,p:low t:low,p:low t:low,p:low t:low,p:low t:low,p:low t:low,p:low t:low,p:low t:low,p:low t:low,p:low t:low,p:low t:low,p:low t:low,p:low t:low,p:low t:low,p:low t:low,p:low t:low,p:low t:low,p:low t:low,p:low t:low,p:low t:low,p:low t:low,p:low t:low,p:low t:low,p:med t:high,p:med t:high,p:med t:high,p:med t:high,p:med t:high",Nominal
"p:low t:low,p:low t:low,p:low t:low,p:low t:low,p:low t:low,p:low t:low,p:low t:low,p:low t:low,p:low t:low,p:low t:low,p:low t:low,p:low t:low,p:low t:low,p:low t:low,p:low t:low,p:low t:low,p:low t:low,p:low t:low,p:low t:low,p:low t:low,p:low t:low,p:med t:low,p:med t:low,p:med t:low,p:med t:low,p:med t:low,p:med t:low,p:med t:low,p:med t:low,p:med t:low,p:med t:low,p:med t:low,p:med t:low,p:med t:low,p:med t:low,p:low t:low,p:low t:low,p:low t:low,p:low t:low,p:low t:low,p:low t:low,p:low t:low,p:low t:low,p:low t:low,p:low t:low,p:low t:low,p:low t:low,p:low t:low,p:low t:low,p:low t:low,p:low t:low,p:low t:low,p:low t:low,p:low t:low,p:low t:low,p:low t:low,p:low t:low,p:low t:low,p:low t:low,p:low t:low,p:low t:low,p:low t:low,p:low t:low,p:low t:low,p:low t:low,p:low t:low,p:low t:low,p:low t:low,p:low t:low,p:low t:low,p:low t:low,p:low t:low,p:med t:high,p:med t:high,p:med t:high,p:med t:high,p:med t:high,p:med t:high",Nominal
"p:low t:low,p:low t:low,p:low t:low,p:low t:low,p:low t:low,p:low t:low,p:low t:low,p:low t:low,p:low t:low,p:low t:low,p:low t:low,p:low t:low,p:low t:low,p:low t:low,p:low t:low,p:low t:low,p:low t:low,p:low t:low,p:low t:low,p:low t:low,p:low t:low,p:med t:low,p:med t:low,p:med t:low,p:med t:low,p:med t:low,p:med t:low,p:med t:low,p:med t:low,p:med t:low,p:med t:low,p:med t:low,p:med t:low,p:med t:low,p:med t:low,p:low t:low,p:low t:low,p:low t:low,p:low t:low,p:low t:low,p:low t:low,p:low t:low,p:low t:low,p:low t:low,p:low t:low,p:low t:low,p:low t:low,p:low t:low,p:low t:low,p:low t:low,p:low t:low,p:low t:low,p:low t:low,p:low t:low,p:low t:low,p:low t:low,p:low t:low,p:low t:low,p:low t:low,p:low t:low,p:low t:low,p:low t:low,p:low t:low,p:low t:low,p:low t:low,p:low t:low,p:low t:low,p:low t:low,p:low t:low,p:low t:low,p:low t:low,p:low t:low,p:med t:high,p:med t:high,p:med t:high,p:med t:high,p:med t:high,p:med t:high,p:med t:high",Nominal
"p:low t:low,p:low t:low,p:low t:low,p:low t:low,p:low t:low,p:low t:low,p:low t:low,p:low t:low,p:low t:low,p:low t:low,p:low t:low,p:low t:low,p:low t:low,p:low t:low,p:low t:low,p:low t:low,p:low t:low,p:low t:low,p:low t:low,p:low t:low,p:low t:low,p:med t:low,p:med t:low,p:med t:low,p:med t:low,p:med t:low,p:med t:low,p:med t:low,p:med t:low,p:med t:low,p:med t:low,p:med t:low,p:med t:low,p:med t:low,p:med t:low,p:low t:low,p:low t:low,p:low t:low,p:low t:low,p:low t:low,p:low t:low,p:low t:low,p:low t:low,p:low t:low,p:low t:low,p:low t:low,p:low t:low,p:low t:low,p:low t:low,p:low t:low,p:low t:low,p:low t:low,p:low t:low,p:low t:low,p:low t:low,p:low t:low,p:low t:low,p:low t:low,p:low t:low,p:low t:low,p:low t:low,p:low t:low,p:low t:low,p:low t:low,p:low t:low,p:low t:low,p:low t:low,p:low t:low,p:low t:low,p:low t:low,p:low t:low,p:low t:low,p:med t:high,p:med t:high,p:med t:high,p:med t:high,p:med t:high,p:med t:high,p:med t:high,p:med t:high",Nominal
"p:low t:low,p:low t:low,p:low t:low,p:low t:low,p:low t:low,p:low t:low,p:low t:low,p:low t:low,p:low t:low,p:low t:low,p:low t:low,p:low t:low,p:low t:low,p:low t:low,p:low t:low,p:low t:low,p:low t:low,p:low t:low,p:low t:low,p:low t:low,p:low t:low,p:med t:low,p:med t:low,p:med t:low,p:med t:low,p:med t:low,p:med t:low,p:med t:low,p:med t:low,p:med t:low,p:med t:low,p:med t:low,p:med t:low,p:med t:low,p:med t:low,p:low t:low,p:low t:low,p:low t:low,p:low t:low,p:low t:low,p:low t:low,p:low t:low,p:low t:low,p:low t:low,p:low t:low,p:low t:low,p:low t:low,p:low t:low,p:low t:low,p:low t:low,p:low t:low,p:low t:low,p:low t:low,p:low t:low,p:low t:low,p:low t:low,p:low t:low,p:low t:low,p:low t:low,p:low t:low,p:low t:low,p:low t:low,p:low t:low,p:low t:low,p:low t:low,p:low t:low,p:low t:low,p:low t:low,p:low t:low,p:low t:low,p:low t:low,p:low t:low,p:med t:high,p:med t:high,p:med t:high,p:med t:high,p:med t:high,p:med t:high,p:med t:high,p:med t:high,p:med t:high",Caution
"p:low t:low,p:low t:low,p:low t:low,p:low t:low,p:low t:low,p:low t:low,p:low t:low,p:low t:low,p:low t:low,p:low t:low,p:low t:low,p:low t:low,p:low t:low,p:low t:low,p:low t:low,p:low t:low,p:low t:low,p:low t:low,p:low t:low,p:low t:low,p:low t:low,p:med t:low,p:med t:low,p:med t:low,p:med t:low,p:med t:low,p:med t:low,p:med t:low,p:med t:low,p:med t:low,p:med t:low,p:med t:low,p:med t:low,p:med t:low,p:med t:low,p:low t:low,p:low t:low,p:low t:low,p:low t:low,p:low t:low,p:low t:low,p:low t:low,p:low t:low,p:low t:low,p:low t:low,p:low t:low,p:low t:low,p:low t:low,p:low t:low,p:low t:low,p:low t:low,p:low t:low,p:low t:low,p:low t:low,p:low t:low,p:low t:low,p:low t:low,p:low t:low,p:low t:low,p:low t:low,p:low t:low,p:low t:low,p:low t:low,p:low t:low,p:low t:low,p:low t:low,p:low t:low,p:low t:low,p:low t:low,p:low t:low,p:low t:low,p:low t:low,p:med t:high,p:med t:high,p:med t:high,p:med t:high,p:med t:high,p:med t:high,p:med t:high,p:med t:high,p:med t:high,p:med t:high",Caution
"p:low t:low,p:low t:low,p:low t:low,p:low t:low,p:low t:low,p:low t:low,p:low t:low,p:low t:low,p:low t:low,p:low t:low,p:low t:low,p:low t:low,p:low t:low,p:low t:low,p:low t:low,p:low t:low,p:low t:low,p:low t:low,p:low t:low,p:low t:low,p:low t:low,p:med t:low,p:med t:low,p:med t:low,p:med t:low,p:med t:low,p:med t:low,p:med t:low,p:med t:low,p:med t:low,p:med t:low,p:med t:low,p:med t:low,p:med t:low,p:med t:low,p:low t:low,p:low t:low,p:low t:low,p:low t:low,p:low t:low,p:low t:low,p:low t:low,p:low t:low,p:low t:low,p:low t:low,p:low t:low,p:low t:low,p:low t:low,p:low t:low,p:low t:low,p:low t:low,p:low t:low,p:low t:low,p:low t:low,p:low t:low,p:low t:low,p:low t:low,p:low t:low,p:low t:low,p:low t:low,p:low t:low,p:low t:low,p:low t:low,p:low t:low,p:low t:low,p:low t:low,p:low t:low,p:low t:low,p:low t:low,p:low t:low,p:low t:low,p:low t:low,p:med t:high,p:med t:high,p:med t:high,p:med t:high,p:med t:high,p:med t:high,p:med t:high,p:med t:high,p:med t:high,p:med t:high,p:med t:high",Caution
"p:low t:low,p:low t:low,p:low t:low,p:low t:low,p:low t:low,p:low t:low,p:low t:low,p:low t:low,p:low t:low,p:low t:low,p:low t:low,p:low t:low,p:low t:low,p:low t:low,p:low t:low,p:low t:low,p:low t:low,p:low t:low,p:low t:low,p:low t:low,p:low t:low,p:med t:low,p:med t:low,p:med t:low,p:med t:low,p:med t:low,p:med t:low,p:med t:low,p:med t:low,p:med t:low,p:med t:low,p:med t:low,p:med t:low,p:med t:low,p:med t:low,p:low t:low,p:low t:low,p:low t:low,p:low t:low,p:low t:low,p:low t:low,p:low t:low,p:low t:low,p:low t:low,p:low t:low,p:low t:low,p:low t:low,p:low t:low,p:low t:low,p:low t:low,p:low t:low,p:low t:low,p:low t:low,p:low t:low,p:low t:low,p:low t:low,p:low t:low,p:low t:low,p:low t:low,p:low t:low,p:low t:low,p:low t:low,p:low t:low,p:low t:low,p:low t:low,p:low t:low,p:low t:low,p:low t:low,p:low t:low,p:low t:low,p:low t:low,p:low t:low,p:med t:high,p:med t:high,p:med t:high,p:med t:high,p:med t:high,p:med t:high,p:med t:high,p:med t:high,p:med t:high,p:med t:high,p:med t:high,p:med t:high",Caution
"p:low t:low,p:low t:low,p:low t:low,p:low t:low,p:low t:low,p:low t:low,p:low t:low,p:low t:low,p:low t:low,p:low t:low,p:low t:low,p:low t:low,p:low t:low,p:low t:low,p:low t:low,p:low t:low,p:low t:low,p:low t:low,p:low t:low,p:low t:low,p:low t:low,p:med t:low,p:med t:low,p:med t:low,p:med t:low,p:med t:low,p:med t:low,p:med t:low,p:med t:low,p:med t:low,p:med t:low,p:med t:low,p:med t:low,p:med t:low,p:med t:low,p:low t:low,p:low t:low,p:low t:low,p:low t:low,p:low t:low,p:low t:low,p:low t:low,p:low t:low,p:low t:low,p:low t:low,p:low t:low,p:low t:low,p:low t:low,p:low t:low,p:low t:low,p:low t:low,p:low t:low,p:low t:low,p:low t:low,p:low t:low,p:low t:low,p:low t:low,p:low t:low,p:low t:low,p:low t:low,p:low t:low,p:low t:low,p:low t:low,p:low t:low,p:low t:low,p:low t:low,p:low t:low,p:low t:low,p:low t:low,p:low t:low,p:low t:low,p:low t:low,p:med t:high,p:med t:high,p:med t:high,p:med t:high,p:med t:high,p:med t:high,p:med t:high,p:med t:high,p:med t:high,p:med t:high,p:med t:high,p:med t:high,p:med t:high",Caution
"p:low t:low,p:low t:low,p:low t:low,p:low t:low,p:low t:low,p:low t:low,p:low t:low,p:low t:low,p:low t:low,p:low t:low,p:low t:low,p:low t:low,p:low t:low,p:low t:low,p:low t:low,p:low t:low,p:low t:low,p:low t:low,p:low t:low,p:low t:low,p:low t:low,p:med t:low,p:med t:low,p:med t:low,p:med t:low,p:med t:low,p:med t:low,p:med t:low,p:med t:low,p:med t:low,p:med t:low,p:med t:low,p:med t:low,p:med t:low,p:med t:low,p:low t:low,p:low t:low,p:low t:low,p:low t:low,p:low t:low,p:low t:low,p:low t:low,p:low t:low,p:low t:low,p:low t:low,p:low t:low,p:low t:low,p:low t:low,p:low t:low,p:low t:low,p:low t:low,p:low t:low,p:low t:low,p:low t:low,p:low t:low,p:low t:low,p:low t:low,p:low t:low,p:low t:low,p:low t:low,p:low t:low,p:low t:low,p:low t:low,p:low t:low,p:low t:low,p:low t:low,p:low t:low,p:low t:low,p:low t:low,p:low t:low,p:low t:low,p:low t:low,p:med t:high,p:med t:high,p:med t:high,p:med t:high,p:med t:high,p:med t:high,p:med t:high,p:med t:high,p:med t:high,p:med t:high,p:med t:high,p:med t:high,p:med t:high,p:med t:high",Caution
"p:low t:low,p:low t:low,p:low t:low,p:low t:low,p:low t:low,p:low t:low,p:low t:low,p:low t:low,p:low t:low,p:low t:low,p:low t:low,p:low t:low,p:low t:low,p:low t:low,p:low t:low,p:low t:low,p:low t:low,p:low t:low,p:low t:low,p:low t:low,p:low t:low,p:med t:low,p:med t:low,p:med t:low,p:med t:low,p:med t:low,p:med t:low,p:med t:low,p:med t:low,p:med t:low,p:med t:low,p:med t:low,p:med t:low,p:med t:low,p:med t:low,p:low t:low,p:low t:low,p:low t:low,p:low t:low,p:low t:low,p:low t:low,p:low t:low,p:low t:low,p:low t:low,p:low t:low,p:low t:low,p:low t:low,p:low t:low,p:low t:low,p:low t:low,p:low t:low,p:low t:low,p:low t:low,p:low t:low,p:low t:low,p:low t:low,p:low t:low,p:low t:low,p:low t:low,p:low t:low,p:low t:low,p:low t:low,p:low t:low,p:low t:low,p:low t:low,p:low t:low,p:low t:low,p:low t:low,p:low t:low,p:low t:low,p:low t:low,p:low t:low,p:med t:high,p:med t:high,p:med t:high,p:med t:high,p:med t:high,p:med t:high,p:med t:high,p:med t:high,p:med t:high,p:med t:high,p:med t:high,p:med t:high,p:med t:high,p:med t:high,p:med t:high",Caution
"p:low t:low,p:low t:low,p:low t:low,p:low t:low,p:low t:low,p:low t:low,p:low t:low,p:low t:low,p:low t:low,p:low t:low,p:low t:low,p:low t:low,p:low t:low,p:low t:low,p:low t:low,p:low t:low,p:low t:low,p:low t:low,p:low t:low,p:low t:low,p:low t:low,p:med t:low,p:med t:low,p:med t:low,p:med t:low,p:med t:low,p:med t:low,p:med t:low,p:med t:low,p:med t:low,p:med t:low,p:med t:low,p:med t:low,p:med t:low,p:med t:low,p:low t:low,p:low t:low,p:low t:low,p:low t:low,p:low t:low,p:low t:low,p:low t:low,p:low t:low,p:low t:low,p:low t:low,p:low t:low,p:low t:low,p:low t:low,p:low t:low,p:low t:low,p:low t:low,p:low t:low,p:low t:low,p:low t:low,p:low t:low,p:low t:low,p:low t:low,p:low t:low,p:low t:low,p:low t:low,p:low t:low,p:low t:low,p:low t:low,p:low t:low,p:low t:low,p:low t:low,p:low t:low,p:low t:low,p:low t:low,p:low t:low,p:low t:low,p:low t:low,p:med t:high,p:med t:high,p:med t:high,p:med t:high,p:med t:high,p:med t:high,p:med t:high,p:med t:high,p:med t:high,p:med t:high,p:med t:high,p:med t:high,p:med t:high,p:med t:high,p:med t:high,p:low t:high",Caution
"p:low t:low,p:low t:low,p:low t:low,p:low t:low,p:low t:low,p:low t:low,p:low t:low,p:low t:low,p:low t:low,p:low t:low,p:low t:low,p:low t:low,p:low t:low,p:low t:low,p:low t:low,p:low t:low,p:low t:low,p:low t:low,p:low t:low,p:low t:low,p:low t:low,p:med t:low,p:med t:low,p:med t:low,p:med t:low,p:med t:low,p:med t:low,p:med t:low,p:med t:low,p:med t:low,p:med t:low,p:med t:low,p:med t:low,p:med t:low,p:med t:low,p:low t:low,p:low t:low,p:low t:low,p:low t:low,p:low t:low,p:low t:low,p:low t:low,p:low t:low,p:low t:low,p:low t:low,p:low t:low,p:low t:low,p:low t:low,p:low t:low,p:low t:low,p:low t:low,p:low t:low,p:low t:low,p:low t:low,p:low t:low,p:low t:low,p:low t:low,p:low t:low,p:low t:low,p:low t:low,p:low t:low,p:low t:low,p:low t:low,p:low t:low,p:low t:low,p:low t:low,p:low t:low,p:low t:low,p:low t:low,p:low t:low,p:low t:low,p:low t:low,p:med t:high,p:med t:high,p:med t:high,p:med t:high,p:med t:high,p:med t:high,p:med t:high,p:med t:high,p:med t:high,p:med t:high,p:med t:high,p:med t:high,p:med t:high,p:med t:high,p:med t:high,p:low t:high,p:low t:high",Caution
"p:low t:low,p:low t:low,p:low t:low,p:low t:low,p:low t:low,p:low t:low,p:low t:low,p:low t:low,p:low t:low,p:low t:low,p:low t:low,p:low t:low,p:low t:low,p:low t:low,p:low t:low,p:low t:low,p:low t:low,p:low t:low,p:low t:low,p:low t:low,p:low t:low,p:med t:low,p:med t:low,p:med t:low,p:med t:low,p:med t:low,p:med t:low,p:med t:low,p:med t:low,p:med t:low,p:med t:low,p:med t:low,p:med t:low,p:med t:low,p:med t:low,p:low t:low,p:low t:low,p:low t:low,p:low t:low,p:low t:low,p:low t:low,p:low t:low,p:low t:low,p:low t:low,p:low t:low,p:low t:low,p:low t:low,p:low t:low,p:low t:low,p:low t:low,p:low t:low,p:low t:low,p:low t:low,p:low t:low,p:low t:low,p:low t:low,p:low t:low,p:low t:low,p:low t:low,p:low t:low,p:low t:low,p:low t:low,p:low t:low,p:low t:low,p:low t:low,p:low t:low,p:low t:low,p:low t:low,p:low t:low,p:low t:low,p:low t:low,p:low t:low,p:med t:high,p:med t:high,p:med t:high,p:med t:high,p:med t:high,p:med t:high,p:med t:high,p:med t:high,p:med t:high,p:med t:high,p:med t:high,p:med t:high,p:med t:high,p:med t:high,p:med t:high,p:low t:high,p:low t:high,p:low t:high",Caution
"p:low t:low,p:low t:low,p:low t:low,p:low t:low,p:low t:low,p:low t:low,p:low t:low,p:low t:low,p:low t:low,p:low t:low,p:low t:low,p:low t:low,p:low t:low,p:low t:low,p:low t:low,p:low t:low,p:low t:low,p:low t:low,p:low t:low,p:low t:low,p:low t:low,p:med t:low,p:med t:low,p:med t:low,p:med t:low,p:med t:low,p:med t:low,p:med t:low,p:med t:low,p:med t:low,p:med t:low,p:med t:low,p:med t:low,p:med t:low,p:med t:low,p:low t:low,p:low t:low,p:low t:low,p:low t:low,p:low t:low,p:low t:low,p:low t:low,p:low t:low,p:low t:low,p:low t:low,p:low t:low,p:low t:low,p:low t:low,p:low t:low,p:low t:low,p:low t:low,p:low t:low,p:low t:low,p:low t:low,p:low t:low,p:low t:low,p:low t:low,p:low t:low,p:low t:low,p:low t:low,p:low t:low,p:low t:low,p:low t:low,p:low t:low,p:low t:low,p:low t:low,p:low t:low,p:low t:low,p:low t:low,p:low t:low,p:low t:low,p:low t:low,p:med t:high,p:med t:high,p:med t:high,p:med t:high,p:med t:high,p:med t:high,p:med t:high,p:med t:high,p:med t:high,p:med t:high,p:med t:high,p:med t:high,p:med t:high,p:med t:high,p:med t:high,p:low t:high,p:low t:high,p:low t:high,p:low t:high",Caution
"p:low t:low,p:low t:low,p:low t:low,p:low t:low,p:low t:low,p:low t:low,p:low t:low,p:low t:low,p:low t:low,p:low t:low,p:low t:low,p:low t:low,p:low t:low,p:low t:low,p:low t:low,p:low t:low,p:low t:low,p:low t:low,p:low t:low,p:low t:low,p:low t:low,p:med t:low,p:med t:low,p:med t:low,p:med t:low,p:med t:low,p:med t:low,p:med t:low,p:med t:low,p:med t:low,p:med t:low,p:med t:low,p:med t:low,p:med t:low,p:med t:low,p:low t:low,p:low t:low,p:low t:low,p:low t:low,p:low t:low,p:low t:low,p:low t:low,p:low t:low,p:low t:low,p:low t:low,p:low t:low,p:low t:low,p:low t:low,p:low t:low,p:low t:low,p:low t:low,p:low t:low,p:low t:low,p:low t:low,p:low t:low,p:low t:low,p:low t:low,p:low t:low,p:low t:low,p:low t:low,p:low t:low,p:low t:low,p:low t:low,p:low t:low,p:low t:low,p:low t:low,p:low t:low,p:low t:low,p:low t:low,p:low t:low,p:low t:low,p:low t:low,p:med t:high,p:med t:high,p:med t:high,p:med t:high,p:med t:high,p:med t:high,p:med t:high,p:med t:high,p:med t:high,p:med t:high,p:med t:high,p:med t:high,p:med t:high,p:med t:high,p:med t:high,p:low t:high,p:low t:high,p:low t:high,p:low t:high,p:low t:high",Caution
"p:low t:low,p:low t:low,p:low t:low,p:low t:low,p:low t:low,p:low t:low,p:low t:low,p:low t:low,p:low t:low,p:low t:low,p:low t:low,p:low t:low,p:low t:low,p:low t:low,p:low t:low,p:low t:low,p:low t:low,p:low t:low,p:low t:low,p:low t:low,p:low t:low,p:med t:low,p:med t:low,p:med t:low,p:med t:low,p:med t:low,p:med t:low,p:med t:low,p:med t:low,p:med t:low,p:med t:low,p:med t:low,p:med t:low,p:med t:low,p:med t:low,p:low t:low,p:low t:low,p:low t:low,p:low t:low,p:low t:low,p:low t:low,p:low t:low,p:low t:low,p:low t:low,p:low t:low,p:low t:low,p:low t:low,p:low t:low,p:low t:low,p:low t:low,p:low t:low,p:low t:low,p:low t:low,p:low t:low,p:low t:low,p:low t:low,p:low t:low,p:low t:low,p:low t:low,p:low t:low,p:low t:low,p:low t:low,p:low t:low,p:low t:low,p:low t:low,p:low t:low,p:low t:low,p:low t:low,p:low t:low,p:low t:low,p:low t:low,p:low t:low,p:med t:high,p:med t:high,p:med t:high,p:med t:high,p:med t:high,p:med t:high,p:med t:high,p:med t:high,p:med t:high,p:med t:high,p:med t:high,p:med t:high,p:med t:high,p:med t:high,p:med t:high,p:low t:high,p:low t:high,p:low t:high,p:low t:high,p:low t:high,p:low t:high",Caution
"p:low t:low,p:low t:low,p:low t:low,p:low t:low,p:low t:low,p:low t:low,p:low t:low,p:low t:low,p:low t:low,p:low t:low,p:low t:low,p:low t:low,p:low t:low,p:low t:low,p:low t:low,p:low t:low,p:low t:low,p:low t:low,p:low t:low,p:low t:low,p:low t:low,p:med t:low,p:med t:low,p:med t:low,p:med t:low,p:med t:low,p:med t:low,p:med t:low,p:med t:low,p:med t:low,p:med t:low,p:med t:low,p:med t:low,p:med t:low,p:med t:low,p:low t:low,p:low t:low,p:low t:low,p:low t:low,p:low t:low,p:low t:low,p:low t:low,p:low t:low,p:low t:low,p:low t:low,p:low t:low,p:low t:low,p:low t:low,p:low t:low,p:low t:low,p:low t:low,p:low t:low,p:low t:low,p:low t:low,p:low t:low,p:low t:low,p:low t:low,p:low t:low,p:low t:low,p:low t:low,p:low t:low,p:low t:low,p:low t:low,p:low t:low,p:low t:low,p:low t:low,p:low t:low,p:low t:low,p:low t:low,p:low t:low,p:low t:low,p:low t:low,p:med t:high,p:med t:high,p:med t:high,p:med t:high,p:med t:high,p:med t:high,p:med t:high,p:med t:high,p:med t:high,p:med t:high,p:med t:high,p:med t:high,p:med t:high,p:med t:high,p:med t:high,p:low t:high,p:low t:high,p:low t:high,p:low t:high,p:low t:high,p:low t:high,p:low t:high",Caution
"p:low t:low,p:low t:low,p:low t:low,p:low t:low,p:low t:low,p:low t:low,p:low t:low,p:low t:low,p:low t:low,p:low t:low,p:low t:low,p:low t:low,p:low t:low,p:low t:low,p:low t:low,p:low t:low,p:low t:low,p:low t:low,p:low t:low,p:low t:low,p:low t:low,p:med t:low,p:med t:low,p:med t:low,p:med t:low,p:med t:low,p:med t:low,p:med t:low,p:med t:low,p:med t:low,p:med t:low,p:med t:low,p:med t:low,p:med t:low,p:med t:low,p:low t:low,p:low t:low,p:low t:low,p:low t:low,p:low t:low,p:low t:low,p:low t:low,p:low t:low,p:low t:low,p:low t:low,p:low t:low,p:low t:low,p:low t:low,p:low t:low,p:low t:low,p:low t:low,p:low t:low,p:low t:low,p:low t:low,p:low t:low,p:low t:low,p:low t:low,p:low t:low,p:low t:low,p:low t:low,p:low t:low,p:low t:low,p:low t:low,p:low t:low,p:low t:low,p:low t:low,p:low t:low,p:low t:low,p:low t:low,p:low t:low,p:low t:low,p:low t:low,p:med t:high,p:med t:high,p:med t:high,p:med t:high,p:med t:high,p:med t:high,p:med t:high,p:med t:high,p:med t:high,p:med t:high,p:med t:high,p:med t:high,p:med t:high,p:med t:high,p:med t:high,p:low t:high,p:low t:high,p:low t:high,p:low t:high,p:low t:high,p:low t:high,p:low t:high,p:low t:high",Nominal
"p:low t:low,p:low t:low,p:low t:low,p:low t:low,p:low t:low,p:low t:low,p:low t:low,p:low t:low,p:low t:low,p:low t:low,p:low t:low,p:low t:low,p:low t:low,p:low t:low,p:low t:low,p:low t:low,p:low t:low,p:low t:low,p:low t:low,p:low t:low,p:low t:low,p:med t:low,p:med t:low,p:med t:low,p:med t:low,p:med t:low,p:med t:low,p:med t:low,p:med t:low,p:med t:low,p:med t:low,p:med t:low,p:med t:low,p:med t:low,p:med t:low,p:low t:low,p:low t:low,p:low t:low,p:low t:low,p:low t:low,p:low t:low,p:low t:low,p:low t:low,p:low t:low,p:low t:low,p:low t:low,p:low t:low,p:low t:low,p:low t:low,p:low t:low,p:low t:low,p:low t:low,p:low t:low,p:low t:low,p:low t:low,p:low t:low,p:low t:low,p:low t:low,p:low t:low,p:low t:low,p:low t:low,p:low t:low,p:low t:low,p:low t:low,p:low t:low,p:low t:low,p:low t:low,p:low t:low,p:low t:low,p:low t:low,p:low t:low,p:low t:low,p:med t:high,p:med t:high,p:med t:high,p:med t:high,p:med t:high,p:med t:high,p:med t:high,p:med t:high,p:med t:high,p:med t:high,p:med t:high,p:med t:high,p:med t:high,p:med t:high,p:med t:high,p:low t:high,p:low t:high,p:low t:high,p:low t:high,p:low t:high,p:low t:high,p:low t:high,p:low t:high,p:low t:high",Nominal
"p:low t:low,p:low t:low,p:low t:low,p:low t:low,p:low t:low,p:low t:low,p:low t:low,p:low t:low,p:low t:low,p:low t:low,p:low t:low,p:low t:low,p:low t:low,p:low t:low,p:low t:low,p:low t:low,p:low t:low,p:low t:low,p:low t:low,p:low t:low,p:low t:low,p:med t:low,p:med t:low,p:med t:low,p:med t:low,p:med t:low,p:med t:low,p:med t:low,p:med t:low,p:med t:low,p:med t:low,p:med t:low,p:med t:low,p:med t:low,p:med t:low,p:low t:low,p:low t:low,p:low t:low,p:low t:low,p:low t:low,p:low t:low,p:low t:low,p:low t:low,p:low t:low,p:low t:low,p:low t:low,p:low t:low,p:low t:low,p:low t:low,p:low t:low,p:low t:low,p:low t:low,p:low t:low,p:low t:low,p:low t:low,p:low t:low,p:low t:low,p:low t:low,p:low t:low,p:low t:low,p:low t:low,p:low t:low,p:low t:low,p:low t:low,p:low t:low,p:low t:low,p:low t:low,p:low t:low,p:low t:low,p:low t:low,p:low t:low,p:low t:low,p:med t:high,p:med t:high,p:med t:high,p:med t:high,p:med t:high,p:med t:high,p:med t:high,p:med t:high,p:med t:high,p:med t:high,p:med t:high,p:med t:high,p:med t:high,p:med t:high,p:med t:high,p:low t:high,p:low t:high,p:low t:high,p:low t:high,p:low t:high,p:low t:high,p:low t:high,p:low t:high,p:low t:high,p:low t:high",Nominal
"p:low t:low,p:low t:low,p:low t:low,p:low t:low,p:low t:low,p:low t:low,p:low t:low,p:low t:low,p:low t:low,p:low t:low,p:low t:low,p:low t:low,p:low t:low,p:low t:low,p:low t:low,p:low t:low,p:low t:low,p:low t:low,p:low t:low,p:low t:low,p:low t:low,p:med t:low,p:med t:low,p:med t:low,p:med t:low,p:med t:low,p:med t:low,p:med t:low,p:med t:low,p:med t:low,p:med t:low,p:med t:low,p:med t:low,p:med t:low,p:med t:low,p:low t:low,p:low t:low,p:low t:low,p:low t:low,p:low t:low,p:low t:low,p:low t:low,p:low t:low,p:low t:low,p:low t:low,p:low t:low,p:low t:low,p:low t:low,p:low t:low,p:low t:low,p:low t:low,p:low t:low,p:low t:low,p:low t:low,p:low t:low,p:low t:low,p:low t:low,p:low t:low,p:low t:low,p:low t:low,p:low t:low,p:low t:low,p:low t:low,p:low t:low,p:low t:low,p:low t:low,p:low t:low,p:low t:low,p:low t:low,p:low t:low,p:low t:low,p:low t:low,p:med t:high,p:med t:high,p:med t:high,p:med t:high,p:med t:high,p:med t:high,p:med t:high,p:med t:high,p:med t:high,p:med t:high,p:med t:high,p:med t:high,p:med t:high,p:med t:high,p:med t:high,p:low t:high,p:low t:high,p:low t:high,p:low t:high,p:low t:high,p:low t:high,p:low t:high,p:low t:high,p:low t:high,p:low t:high,p:low t:high",Nominal
"p:low t:low,p:low t:low,p:low t:low,p:low t:low,p:low t:low,p:low t:low,p:low t:low,p:low t:low,p:low t:low,p:low t:low,p:low t:low,p:low t:low,p:low t:low,p:low t:low,p:low t:low,p:low t:low,p:low t:low,p:low t:low,p:low t:low,p:low t:low,p:low t:low,p:med t:low,p:med t:low,p:med t:low,p:med t:low,p:med t:low,p:med t:low,p:med t:low,p:med t:low,p:med t:low,p:med t:low,p:med t:low,p:med t:low,p:med t:low,p:med t:low,p:low t:low,p:low t:low,p:low t:low,p:low t:low,p:low t:low,p:low t:low,p:low t:low,p:low t:low,p:low t:low,p:low t:low,p:low t:low,p:low t:low,p:low t:low,p:low t:low,p:low t:low,p:low t:low,p:low t:low,p:low t:low,p:low t:low,p:low t:low,p:low t:low,p:low t:low,p:low t:low,p:low t:low,p:low t:low,p:low t:low,p:low t:low,p:low t:low,p:low t:low,p:low t:low,p:low t:low,p:low t:low,p:low t:low,p:low t:low,p:low t:low,p:low t:low,p:low t:low,p:med t:high,p:med t:high,p:med t:high,p:med t:high,p:med t:high,p:med t:high,p:med t:high,p:med t:high,p:med t:high,p:med t:high,p:med t:high,p:med t:high,p:med t:high,p:med t:high,p:med t:high,p:low t:high,p:low t:high,p:low t:high,p:low t:high,p:low t:high,p:low t:high,p:low t:high,p:low t:high,p:low t:high,p:low t:high,p:low t:high,p:low t:high",Nominal
"p:low t:low,p:low t:low,p:low t:low,p:low t:low,p:low t:low,p:low t:low,p:low t:low,p:low t:low,p:low t:low,p:low t:low,p:low t:low,p:low t:low,p:low t:low,p:low t:low,p:low t:low,p:low t:low,p:low t:low,p:low t:low,p:low t:low,p:low t:low,p:low t:low,p:med t:low,p:med t:low,p:med t:low,p:med t:low,p:med t:low,p:med t:low,p:med t:low,p:med t:low,p:med t:low,p:med t:low,p:med t:low,p:med t:low,p:med t:low,p:med t:low,p:low t:low,p:low t:low,p:low t:low,p:low t:low,p:low t:low,p:low t:low,p:low t:low,p:low t:low,p:low t:low,p:low t:low,p:low t:low,p:low t:low,p:low t:low,p:low t:low,p:low t:low,p:low t:low,p:low t:low,p:low t:low,p:low t:low,p:low t:low,p:low t:low,p:low t:low,p:low t:low,p:low t:low,p:low t:low,p:low t:low,p:low t:low,p:low t:low,p:low t:low,p:low t:low,p:low t:low,p:low t:low,p:low t:low,p:low t:low,p:low t:low,p:low t:low,p:low t:low,p:med t:high,p:med t:high,p:med t:high,p:med t:high,p:med t:high,p:med t:high,p:med t:high,p:med t:high,p:med t:high,p:med t:high,p:med t:high,p:med t:high,p:med t:high,p:med t:high,p:med t:high,p:low t:high,p:low t:high,p:low t:high,p:low t:high,p:low t:high,p:low t:high,p:low t:high,p:low t:high,p:low t:high,p:low t:high,p:low t:high,p:low t:high,p:low t:high",Nominal
"p:low t:low,p:low t:low,p:low t:low,p:low t:low,p:low t:low,p:low t:low,p:low t:low,p:low t:low,p:low t:low,p:low t:low,p:low t:low,p:low t:low,p:low t:low,p:low t:low,p:low t:low,p:low t:low,p:low t:low,p:low t:low,p:low t:low,p:low t:low,p:low t:low,p:med t:low,p:med t:low,p:med t:low,p:med t:low,p:med t:low,p:med t:low,p:med t:low,p:med t:low,p:med t:low,p:med t:low,p:med t:low,p:med t:low,p:med t:low,p:med t:low,p:low t:low,p:low t:low,p:low t:low,p:low t:low,p:low t:low,p:low t:low,p:low t:low,p:low t:low,p:low t:low,p:low t:low,p:low t:low,p:low t:low,p:low t:low,p:low t:low,p:low t:low,p:low t:low,p:low t:low,p:low t:low,p:low t:low,p:low t:low,p:low t:low,p:low t:low,p:low t:low,p:low t:low,p:low t:low,p:low t:low,p:low t:low,p:low t:low,p:low t:low,p:low t:low,p:low t:low,p:low t:low,p:low t:low,p:low t:low,p:low t:low,p:low t:low,p:low t:low,p:med t:high,p:med t:high,p:med t:high,p:med t:high,p:med t:high,p:med t:high,p:med t:high,p:med t:high,p:med t:high,p:med t:high,p:med t:high,p:med t:high,p:med t:high,p:med t:high,p:med t:high,p:low t:high,p:low t:high,p:low t:high,p:low t:high,p:low t:high,p:low t:high,p:low t:high,p:low t:high,p:low t:high,p:low t:high,p:low t:high,p:low t:high,p:low t:high,p:low t:high",Nominal
"p:low t:low,p:low t:low,p:low t:low,p:low t:low,p:low t:low,p:low t:low,p:low t:low,p:low t:low,p:low t:low,p:low t:low,p:low t:low,p:low t:low,p:low t:low,p:low t:low,p:low t:low,p:low t:low,p:low t:low,p:low t:low,p:low t:low,p:low t:low,p:low t:low,p:med t:low,p:med t:low,p:med t:low,p:med t:low,p:med t:low,p:med t:low,p:med t:low,p:med t:low,p:med t:low,p:med t:low,p:med t:low,p:med t:low,p:med t:low,p:med t:low,p:low t:low,p:low t:low,p:low t:low,p:low t:low,p:low t:low,p:low t:low,p:low t:low,p:low t:low,p:low t:low,p:low t:low,p:low t:low,p:low t:low,p:low t:low,p:low t:low,p:low t:low,p:low t:low,p:low t:low,p:low t:low,p:low t:low,p:low t:low,p:low t:low,p:low t:low,p:low t:low,p:low t:low,p:low t:low,p:low t:low,p:low t:low,p:low t:low,p:low t:low,p:low t:low,p:low t:low,p:low t:low,p:low t:low,p:low t:low,p:low t:low,p:low t:low,p:low t:low,p:med t:high,p:med t:high,p:med t:high,p:med t:high,p:med t:high,p:med t:high,p:med t:high,p:med t:high,p:med t:high,p:med t:high,p:med t:high,p:med t:high,p:med t:high,p:med t:high,p:med t:high,p:low t:high,p:low t:high,p:low t:high,p:low t:high,p:low t:high,p:low t:high,p:low t:high,p:low t:high,p:low t:high,p:low t:high,p:low t:high,p:low t:high,p:low t:high,p:low t:high,p:low t:high",Nominal
"p:low t:low,p:low t:low,p:low t:low,p:low t:low,p:low t:low,p:low t:low,p:low t:low,p:low t:low,p:low t:low,p:low t:low,p:low t:low,p:low t:low,p:low t:low,p:low t:low,p:low t:low,p:low t:low,p:low t:low,p:low t:low,p:low t:low,p:low t:low,p:low t:low,p:med t:low,p:med t:low,p:med t:low,p:med t:low,p:med t:low,p:med t:low,p:med t:low,p:med t:low,p:med t:low,p:med t:low,p:med t:low,p:med t:low,p:med t:low,p:med t:low,p:low t:low,p:low t:low,p:low t:low,p:low t:low,p:low t:low,p:low t:low,p:low t:low,p:low t:low,p:low t:low,p:low t:low,p:low t:low,p:low t:low,p:low t:low,p:low t:low,p:low t:low,p:low t:low,p:low t:low,p:low t:low,p:low t:low,p:low t:low,p:low t:low,p:low t:low,p:low t:low,p:low t:low,p:low t:low,p:low t:low,p:low t:low,p:low t:low,p:low t:low,p:low t:low,p:low t:low,p:low t:low,p:low t:low,p:low t:low,p:low t:low,p:low t:low,p:low t:low,p:med t:high,p:med t:high,p:med t:high,p:med t:high,p:med t:high,p:med t:high,p:med t:high,p:med t:high,p:med t:high,p:med t:high,p:med t:high,p:med t:high,p:med t:high,p:med t:high,p:med t:high,p:low t:high,p:low t:high,p:low t:high,p:low t:high,p:low t:high,p:low t:high,p:low t:high,p:low t:high,p:low t:high,p:low t:high,p:low t:high,p:low t:high,p:low t:high,p:low t:high,p:low t:high,p:low t:high",Nominal
"p:low t:low,p:low t:low,p:low t:low,p:low t:low,p:low t:low,p:low t:low,p:low t:low,p:low t:low,p:low t:low,p:low t:low,p:low t:low,p:low t:low,p:low t:low,p:low t:low,p:low t:low,p:low t:low,p:low t:low,p:low t:low,p:low t:low,p:low t:low,p:low t:low,p:med t:low,p:med t:low,p:med t:low,p:med t:low,p:med t:low,p:med t:low,p:med t:low,p:med t:low,p:med t:low,p:med t:low,p:med t:low,p:med t:low,p:med t:low,p:med t:low,p:low t:low,p:low t:low,p:low t:low,p:low t:low,p:low t:low,p:low t:low,p:low t:low,p:low t:low,p:low t:low,p:low t:low,p:low t:low,p:low t:low,p:low t:low,p:low t:low,p:low t:low,p:low t:low,p:low t:low,p:low t:low,p:low t:low,p:low t:low,p:low t:low,p:low t:low,p:low t:low,p:low t:low,p:low t:low,p:low t:low,p:low t:low,p:low t:low,p:low t:low,p:low t:low,p:low t:low,p:low t:low,p:low t:low,p:low t:low,p:low t:low,p:low t:low,p:low t:low,p:med t:high,p:med t:high,p:med t:high,p:med t:high,p:med t:high,p:med t:high,p:med t:high,p:med t:high,p:med t:high,p:med t:high,p:med t:high,p:med t:high,p:med t:high,p:med t:high,p:med t:high,p:low t:high,p:low t:high,p:low t:high,p:low t:high,p:low t:high,p:low t:high,p:low t:high,p:low t:high,p:low t:high,p:low t:high,p:low t:high,p:low t:high,p:low t:high,p:low t:high,p:low t:high,p:low t:high,p:low t:high",Nominal
"p:low t:low,p:low t:low,p:low t:low,p:low t:low,p:low t:low,p:low t:low,p:low t:low,p:low t:low,p:low t:low,p:low t:low,p:low t:low,p:low t:low,p:low t:low,p:low t:low,p:low t:low,p:low t:low,p:low t:low,p:low t:low,p:low t:low,p:low t:low,p:low t:low,p:med t:low,p:med t:low,p:med t:low,p:med t:low,p:med t:low,p:med t:low,p:med t:low,p:med t:low,p:med t:low,p:med t:low,p:med t:low,p:med t:low,p:med t:low,p:med t:low,p:low t:low,p:low t:low,p:low t:low,p:low t:low,p:low t:low,p:low t:low,p:low t:low,p:low t:low,p:low t:low,p:low t:low,p:low t:low,p:low t:low,p:low t:low,p:low t:low,p:low t:low,p:low t:low,p:low t:low,p:low t:low,p:low t:low,p:low t:low,p:low t:low,p:low t:low,p:low t:low,p:low t:low,p:low t:low,p:low t:low,p:low t:low,p:low t:low,p:low t:low,p:low t:low,p:low t:low,p:low t:low,p:low t:low,p:low t:low,p:low t:low,p:low t:low,p:low t:low,p:med t:high,p:med t:high,p:med t:high,p:med t:high,p:med t:high,p:med t:high,p:med t:high,p:med t:high,p:med t:high,p:med t:high,p:med t:high,p:med t:high,p:med t:high,p:med t:high,p:med t:high,p:low t:high,p:low t:high,p:low t:high,p:low t:high,p:low t:high,p:low t:high,p:low t:high,p:low t:high,p:low t:high,p:low t:high,p:low t:high,p:low t:high,p:low t:high,p:low t:high,p:low t:high,p:low t:high,p:low t:high,p:low t:high",Nominal
"p:low t:low,p:low t:low,p:low t:low,p:low t:low,p:low t:low,p:low t:low,p:low t:low,p:low t:low,p:low t:low,p:low t:low,p:low t:low,p:low t:low,p:low t:low,p:low t:low,p:low t:low,p:low t:low,p:low t:low,p:low t:low,p:low t:low,p:low t:low,p:low t:low,p:med t:low,p:med t:low,p:med t:low,p:med t:low,p:med t:low,p:med t:low,p:med t:low,p:med t:low,p:med t:low,p:med t:low,p:med t:low,p:med t:low,p:med t:low,p:med t:low,p:low t:low,p:low t:low,p:low t:low,p:low t:low,p:low t:low,p:low t:low,p:low t:low,p:low t:low,p:low t:low,p:low t:low,p:low t:low,p:low t:low,p:low t:low,p:low t:low,p:low t:low,p:low t:low,p:low t:low,p:low t:low,p:low t:low,p:low t:low,p:low t:low,p:low t:low,p:low t:low,p:low t:low,p:low t:low,p:low t:low,p:low t:low,p:low t:low,p:low t:low,p:low t:low,p:low t:low,p:low t:low,p:low t:low,p:low t:low,p:low t:low,p:low t:low,p:low t:low,p:med t:high,p:med t:high,p:med t:high,p:med t:high,p:med t:high,p:med t:high,p:med t:high,p:med t:high,p:med t:high,p:med t:high,p:med t:high,p:med t:high,p:med t:high,p:med t:high,p:med t:high,p:low t:high,p:low t:high,p:low t:high,p:low t:high,p:low t:high,p:low t:high,p:low t:high,p:low t:high,p:low t:high,p:low t:high,p:low t:high,p:low t:high,p:low t:high,p:low t:high,p:low t:high,p:low t:high,p:low t:high,p:low t:high,p:low t:high",Nominal
"p:low t:low,p:low t:low,p:low t:low,p:low t:low,p:low t:low,p:low t:low,p:low t:low,p:low t:low,p:low t:low,p:low t:low,p:low t:low,p:low t:low,p:low t:low,p:low t:low,p:low t:low,p:low t:low,p:low t:low,p:low t:low,p:low t:low,p:low t:low,p:low t:low,p:med t:low,p:med t:low,p:med t:low,p:med t:low,p:med t:low,p:med t:low,p:med t:low,p:med t:low,p:med t:low,p:med t:low,p:med t:low,p:med t:low,p:med t:low,p:med t:low,p:low t:low,p:low t:low,p:low t:low,p:low t:low,p:low t:low,p:low t:low,p:low t:low,p:low t:low,p:low t:low,p:low t:low,p:low t:low,p:low t:low,p:low t:low,p:low t:low,p:low t:low,p:low t:low,p:low t:low,p:low t:low,p:low t:low,p:low t:low,p:low t:low,p:low t:low,p:low t:low,p:low t:low,p:low t:low,p:low t:low,p:low t:low,p:low t:low,p:low t:low,p:low t:low,p:low t:low,p:low t:low,p:low t:low,p:low t:low,p:low t:low,p:low t:low,p:low t:low,p:med t:high,p:med t:high,p:med t:high,p:med t:high,p:med t:high,p:med t:high,p:med t:high,p:med t:high,p:med t:high,p:med t:high,p:med t:high,p:med t:high,p:med t:high,p:med t:high,p:med t:high,p:low t:high,p:low t:high,p:low t:high,p:low t:high,p:low t:high,p:low t:high,p:low t:high,p:low t:high,p:low t:high,p:low t:high,p:low t:high,p:low t:high,p:low t:high,p:low t:high,p:low t:high,p:low t:high,p:low t:high,p:low t:high,p:low t:high,p:low t:high",Nominal
"p:low t:low,p:low t:low,p:low t:low,p:low t:low,p:low t:low,p:low t:low,p:low t:low,p:low t:low,p:low t:low,p:low t:low,p:low t:low,p:low t:low,p:low t:low,p:low t:low,p:low t:low,p:low t:low,p:low t:low,p:low t:low,p:low t:low,p:low t:low,p:low t:low,p:med t:low,p:med t:low,p:med t:low,p:med t:low,p:med t:low,p:med t:low,p:med t:low,p:med t:low,p:med t:low,p:med t:low,p:med t:low,p:med t:low,p:med t:low,p:med t:low,p:low t:low,p:low t:low,p:low t:low,p:low t:low,p:low t:low,p:low t:low,p:low t:low,p:low t:low,p:low t:low,p:low t:low,p:low t:low,p:low t:low,p:low t:low,p:low t:low,p:low t:low,p:low t:low,p:low t:low,p:low t:low,p:low t:low,p:low t:low,p:low t:low,p:low t:low,p:low t:low,p:low t:low,p:low t:low,p:low t:low,p:low t:low,p:low t:low,p:low t:low,p:low t:low,p:low t:low,p:low t:low,p:low t:low,p:low t:low,p:low t:low,p:low t:low,p:low t:low,p:med t:high,p:med t:high,p:med t:high,p:med t:high,p:med t:high,p:med t:high,p:med t:high,p:med t:high,p:med t:high,p:med t:high,p:med t:high,p:med t:high,p:med t:high,p:med t:high,p:med t:high,p:low t:high,p:low t:high,p:low t:high,p:low t:high,p:low t:high,p:low t:high,p:low t:high,p:low t:high,p:low t:high,p:low t:high,p:low t:high,p:low t:high,p:low t:high,p:low t:high,p:low t:high,p:low t:high,p:low t:high,p:low t:high,p:low t:high,p:low t:high,p:low t:high",Nominal
"p:low t:low,p:low t:low,p:low t:low,p:low t:low,p:low t:low,p:low t:low,p:low t:low,p:low t:low,p:low t:low,p:low t:low,p:low t:low,p:low t:low,p:low t:low,p:low t:low,p:low t:low,p:low t:low,p:low t:low,p:low t:low,p:low t:low,p:low t:low,p:low t:low,p:med t:low,p:med t:low,p:med t:low,p:med t:low,p:med t:low,p:med t:low,p:med t:low,p:med t:low,p:med t:low,p:med t:low,p:med t:low,p:med t:low,p:med t:low,p:med t:low,p:low t:low,p:low t:low,p:low t:low,p:low t:low,p:low t:low,p:low t:low,p:low t:low,p:low t:low,p:low t:low,p:low t:low,p:low t:low,p:low t:low,p:low t:low,p:low t:low,p:low t:low,p:low t:low,p:low t:low,p:low t:low,p:low t:low,p:low t:low,p:low t:low,p:low t:low,p:low t:low,p:low t:low,p:low t:low,p:low t:low,p:low t:low,p:low t:low,p:low t:low,p:low t:low,p:low t:low,p:low t:low,p:low t:low,p:low t:low,p:low t:low,p:low t:low,p:low t:low,p:med t:high,p:med t:high,p:med t:high,p:med t:high,p:med t:high,p:med t:high,p:med t:high,p:med t:high,p:med t:high,p:med t:high,p:med t:high,p:med t:high,p:med t:high,p:med t:high,p:med t:high,p:low t:high,p:low t:high,p:low t:high,p:low t:high,p:low t:high,p:low t:high,p:low t:high,p:low t:high,p:low t:high,p:low t:high,p:low t:high,p:low t:high,p:low t:high,p:low t:high,p:low t:high,p:low t:high,p:low t:high,p:low t:high,p:low t:high,p:low t:high,p:low t:high,p:low t:high",Nominal
"p:low t:low,p:low t:low,p:low t:low,p:low t:low,p:low t:low,p:low t:low,p:low t:low,p:low t:low,p:low t:low,p:low t:low,p:low t:low,p:low t:low,p:low t:low,p:low t:low,p:low t:low,p:low t:low,p:low t:low,p:low t:low,p:low t:low,p:low t:low,p:low t:low,p:med t:low,p:med t:low,p:med t:low,p:med t:low,p:med t:low,p:med t:low,p:med t:low,p:med t:low,p:med t:low,p:med t:low,p:med t:low,p:med t:low,p:med t:low,p:med t:low,p:low t:low,p:low t:low,p:low t:low,p:low t:low,p:low t:low,p:low t:low,p:low t:low,p:low t:low,p:low t:low,p:low t:low,p:low t:low,p:low t:low,p:low t:low,p:low t:low,p:low t:low,p:low t:low,p:low t:low,p:low t:low,p:low t:low,p:low t:low,p:low t:low,p:low t:low,p:low t:low,p:low t:low,p:low t:low,p:low t:low,p:low t:low,p:low t:low,p:low t:low,p:low t:low,p:low t:low,p:low t:low,p:low t:low,p:low t:low,p:low t:low,p:low t:low,p:low t:low,p:med t:high,p:med t:high,p:med t:high,p:med t:high,p:med t:high,p:med t:high,p:med t:high,p:med t:high,p:med t:high,p:med t:high,p:med t:high,p:med t:high,p:med t:high,p:med t:high,p:med t:high,p:low t:high,p:low t:high,p:low t:high,p:low t:high,p:low t:high,p:low t:high,p:low t:high,p:low t:high,p:low t:high,p:low t:high,p:low t:high,p:low t:high,p:low t:high,p:low t:high,p:low t:high,p:low t:high,p:low t:high,p:low t:high,p:low t:high,p:low t:high,p:low t:high,p:low t:high,p:med t:high",Nominal
"p:low t:low,p:low t:low,p:low t:low,p:low t:low,p:low t:low,p:low t:low,p:low t:low,p:low t:low,p:low t:low,p:low t:low,p:low t:low,p:low t:low,p:low t:low,p:low t:low,p:low t:low,p:low t:low,p:low t:low,p:low t:low,p:low t:low,p:low t:low,p:low t:low,p:med t:low,p:med t:low,p:med t:low,p:med t:low,p:med t:low,p:med t:low,p:med t:low,p:med t:low,p:med t:low,p:med t:low,p:med t:low,p:med t:low,p:med t:low,p:med t:low,p:low t:low,p:low t:low,p:low t:low,p:low t:low,p:low t:low,p:low t:low,p:low t:low,p:low t:low,p:low t:low,p:low t:low,p:low t:low,p:low t:low,p:low t:low,p:low t:low,p:low t:low,p:low t:low,p:low t:low,p:low t:low,p:low t:low,p:low t:low,p:low t:low,p:low t:low,p:low t:low,p:low t:low,p:low t:low,p:low t:low,p:low t:low,p:low t:low,p:low t:low,p:low t:low,p:low t:low,p:low t:low,p:low t:low,p:low t:low,p:low t:low,p:low t:low,p:low t:low,p:med t:high,p:med t:high,p:med t:high,p:med t:high,p:med t:high,p:med t:high,p:med t:high,p:med t:high,p:med t:high,p:med t:high,p:med t:high,p:med t:high,p:med t:high,p:med t:high,p:med t:high,p:low t:high,p:low t:high,p:low t:high,p:low t:high,p:low t:high,p:low t:high,p:low t:high,p:low t:high,p:low t:high,p:low t:high,p:low t:high,p:low t:high,p:low t:high,p:low t:high,p:low t:high,p:low t:high,p:low t:high,p:low t:high,p:low t:high,p:low t:high,p:low t:high,p:low t:high,p:med t:high,p:med t:high",Nominal
"p:low t:low,p:low t:low,p:low t:low,p:low t:low,p:low t:low,p:low t:low,p:low t:low,p:low t:low,p:low t:low,p:low t:low,p:low t:low,p:low t:low,p:low t:low,p:low t:low,p:low t:low,p:low t:low,p:low t:low,p:low t:low,p:low t:low,p:low t:low,p:low t:low,p:med t:low,p:med t:low,p:med t:low,p:med t:low,p:med t:low,p:med t:low,p:med t:low,p:med t:low,p:med t:low,p:med t:low,p:med t:low,p:med t:low,p:med t:low,p:med t:low,p:low t:low,p:low t:low,p:low t:low,p:low t:low,p:low t:low,p:low t:low,p:low t:low,p:low t:low,p:low t:low,p:low t:low,p:low t:low,p:low t:low,p:low t:low,p:low t:low,p:low t:low,p:low t:low,p:low t:low,p:low t:low,p:low t:low,p:low t:low,p:low t:low,p:low t:low,p:low t:low,p:low t:low,p:low t:low,p:low t:low,p:low t:low,p:low t:low,p:low t:low,p:low t:low,p:low t:low,p:low t:low,p:low t:low,p:low t:low,p:low t:low,p:low t:low,p:low t:low,p:med t:high,p:med t:high,p:med t:high,p:med t:high,p:med t:high,p:med t:high,p:med t:high,p:med t:high,p:med t:high,p:med t:high,p:med t:high,p:med t:high,p:med t:high,p:med t:high,p:med t:high,p:low t:high,p:low t:high,p:low t:high,p:low t:high,p:low t:high,p:low t:high,p:low t:high,p:low t:high,p:low t:high,p:low t:high,p:low t:high,p:low t:high,p:low t:high,p:low t:high,p:low t:high,p:low t:high,p:low t:high,p:low t:high,p:low t:high,p:low t:high,p:low t:high,p:low t:high,p:med t:high,p:med t:high,p:med t:high",Nominal
"p:low t:low,p:low t:low,p:low t:low,p:low t:low,p:low t:low,p:low t:low,p:low t:low,p:low t:low,p:low t:low,p:low t:low,p:low t:low,p:low t:low,p:low t:low,p:low t:low,p:low t:low,p:low t:low,p:low t:low,p:low t:low,p:low t:low,p:low t:low,p:low t:low,p:med t:low,p:med t:low,p:med t:low,p:med t:low,p:med t:low,p:med t:low,p:med t:low,p:med t:low,p:med t:low,p:med t:low,p:med t:low,p:med t:low,p:med t:low,p:med t:low,p:low t:low,p:low t:low,p:low t:low,p:low t:low,p:low t:low,p:low t:low,p:low t:low,p:low t:low,p:low t:low,p:low t:low,p:low t:low,p:low t:low,p:low t:low,p:low t:low,p:low t:low,p:low t:low,p:low t:low,p:low t:low,p:low t:low,p:low t:low,p:low t:low,p:low t:low,p:low t:low,p:low t:low,p:low t:low,p:low t:low,p:low t:low,p:low t:low,p:low t:low,p:low t:low,p:low t:low,p:low t:low,p:low t:low,p:low t:low,p:low t:low,p:low t:low,p:low t:low,p:med t:high,p:med t:high,p:med t:high,p:med t:high,p:med t:high,p:med t:high,p:med t:high,p:med t:high,p:med t:high,p:med t:high,p:med t:high,p:med t:high,p:med t:high,p:med t:high,p:med t:high,p:low t:high,p:low t:high,p:low t:high,p:low t:high,p:low t:high,p:low t:high,p:low t:high,p:low t:high,p:low t:high,p:low t:high,p:low t:high,p:low t:high,p:low t:high,p:low t:high,p:low t:high,p:low t:high,p:low t:high,p:low t:high,p:low t:high,p:low t:high,p:low t:high,p:low t:high,p:med t:high,p:med t:high,p:med t:high,p:med t:high",Nominal
"p:low t:low,p:low t:low,p:low t:low,p:low t:low,p:low t:low,p:low t:low,p:low t:low,p:low t:low,p:low t:low,p:low t:low,p:low t:low,p:low t:low,p:low t:low,p:low t:low,p:low t:low,p:low t:low,p:low t:low,p:low t:low,p:low t:low,p:low t:low,p:low t:low,p:med t:low,p:med t:low,p:med t:low,p:med t:low,p:med t:low,p:med t:low,p:med t:low,p:med t:low,p:med t:low,p:med t:low,p:med t:low,p:med t:low,p:med t:low,p:med t:low,p:low t:low,p:low t:low,p:low t:low,p:low t:low,p:low t:low,p:low t:low,p:low t:low,p:low t:low,p:low t:low,p:low t:low,p:low t:low,p:low t:low,p:low t:low,p:low t:low,p:low t:low,p:low t:low,p:low t:low,p:low t:low,p:low t:low,p:low t:low,p:low t:low,p:low t:low,p:low t:low,p:low t:low,p:low t:low,p:low t:low,p:low t:low,p:low t:low,p:low t:low,p:low t:low,p:low t:low,p:low t:low,p:low t:low,p:low t:low,p:low t:low,p:low t:low,p:low t:low,p:med t:high,p:med t:high,p:med t:high,p:med t:high,p:med t:high,p:med t:high,p:med t:high,p:med t:high,p:med t:high,p:med t:high,p:med t:high,p:med t:high,p:med t:high,p:med t:high,p:med t:high,p:low t:high,p:low t:high,p:low t:high,p:low t:high,p:low t:high,p:low t:high,p:low t:high,p:low t:high,p:low t:high,p:low t:high,p:low t:high,p:low t:high,p:low t:high,p:low t:high,p:low t:high,p:low t:high,p:low t:high,p:low t:high,p:low t:high,p:low t:high,p:low t:high,p:low t:high,p:med t:high,p:med t:high,p:med t:high,p:med t:high,p:med t:high",Nominal
"p:low t:low,p:low t:low,p:low t:low,p:low t:low,p:low t:low,p:low t:low,p:low t:low,p:low t:low,p:low t:low,p:low t:low,p:low t:low,p:low t:low,p:low t:low,p:low t:low,p:low t:low,p:low t:low,p:low t:low,p:low t:low,p:low t:low,p:low t:low,p:low t:low,p:med t:low,p:med t:low,p:med t:low,p:med t:low,p:med t:low,p:med t:low,p:med t:low,p:med t:low,p:med t:low,p:med t:low,p:med t:low,p:med t:low,p:med t:low,p:med t:low,p:low t:low,p:low t:low,p:low t:low,p:low t:low,p:low t:low,p:low t:low,p:low t:low,p:low t:low,p:low t:low,p:low t:low,p:low t:low,p:low t:low,p:low t:low,p:low t:low,p:low t:low,p:low t:low,p:low t:low,p:low t:low,p:low t:low,p:low t:low,p:low t:low,p:low t:low,p:low t:low,p:low t:low,p:low t:low,p:low t:low,p:low t:low,p:low t:low,p:low t:low,p:low t:low,p:low t:low,p:low t:low,p:low t:low,p:low t:low,p:low t:low,p:low t:low,p:low t:low,p:med t:high,p:med t:high,p:med t:high,p:med t:high,p:med t:high,p:med t:high,p:med t:high,p:med t:high,p:med t:high,p:med t:high,p:med t:high,p:med t:high,p:med t:high,p:med t:high,p:med t:high,p:low t:high,p:low t:high,p:low t:high,p:low t:high,p:low t:high,p:low t:high,p:low t:high,p:low t:high,p:low t:high,p:low t:high,p:low t:high,p:low t:high,p:low t:high,p:low t:high,p:low t:high,p:low t:high,p:low t:high,p:low t:high,p:low t:high,p:low t:high,p:low t:high,p:low t:high,p:med t:high,p:med t:high,p:med t:high,p:med t:high,p:med t:high,p:med t:high",Nominal
"p:low t:low,p:low t:low,p:low t:low,p:low t:low,p:low t:low,p:low t:low,p:low t:low,p:low t:low,p:low t:low,p:low t:low,p:low t:low,p:low t:low,p:low t:low,p:low t:low,p:low t:low,p:low t:low,p:low t:low,p:low t:low,p:low t:low,p:low t:low,p:low t:low,p:med t:low,p:med t:low,p:med t:low,p:med t:low,p:med t:low,p:med t:low,p:med t:low,p:med t:low,p:med t:low,p:med t:low,p:med t:low,p:med t:low,p:med t:low,p:med t:low,p:low t:low,p:low t:low,p:low t:low,p:low t:low,p:low t:low,p:low t:low,p:low t:low,p:low t:low,p:low t:low,p:low t:low,p:low t:low,p:low t:low,p:low t:low,p:low t:low,p:low t:low,p:low t:low,p:low t:low,p:low t:low,p:low t:low,p:low t:low,p:low t:low,p:low t:low,p:low t:low,p:low t:low,p:low t:low,p:low t:low,p:low t:low,p:low t:low,p:low t:low,p:low t:low,p:low t:low,p:low t:low,p:low t:low,p:low t:low,p:low t:low,p:low t:low,p:low t:low,p:med t:high,p:med t:high,p:med t:high,p:med t:high,p:med t:high,p:med t:high,p:med t:high,p:med t:high,p:med t:high,p:med t:high,p:med t:high,p:med t:high,p:med t:high,p:med t:high,p:med t:high,p:low t:high,p:low t:high,p:low t:high,p:low t:high,p:low t:high,p:low t:high,p:low t:high,p:low t:high,p:low t:high,p:low t:high,p:low t:high,p:low t:high,p:low t:high,p:low t:high,p:low t:high,p:low t:high,p:low t:high,p:low t:high,p:low t:high,p:low t:high,p:low t:high,p:low t:high,p:med t:high,p:med t:high,p:med t:high,p:med t:high,p:med t:high,p:med t:high,p:med t:high",Nominal
"p:low t:low,p:low t:low,p:low t:low,p:low t:low,p:low t:low,p:low t:low,p:low t:low,p:low t:low,p:low t:low,p:low t:low,p:low t:low,p:low t:low,p:low t:low,p:low t:low,p:low t:low,p:low t:low,p:low t:low,p:low t:low,p:low t:low,p:low t:low,p:low t:low,p:med t:low,p:med t:low,p:med t:low,p:med t:low,p:med t:low,p:med t:low,p:med t:low,p:med t:low,p:med t:low,p:med t:low,p:med t:low,p:med t:low,p:med t:low,p:med t:low,p:low t:low,p:low t:low,p:low t:low,p:low t:low,p:low t:low,p:low t:low,p:low t:low,p:low t:low,p:low t:low,p:low t:low,p:low t:low,p:low t:low,p:low t:low,p:low t:low,p:low t:low,p:low t:low,p:low t:low,p:low t:low,p:low t:low,p:low t:low,p:low t:low,p:low t:low,p:low t:low,p:low t:low,p:low t:low,p:low t:low,p:low t:low,p:low t:low,p:low t:low,p:low t:low,p:low t:low,p:low t:low,p:low t:low,p:low t:low,p:low t:low,p:low t:low,p:low t:low,p:med t:high,p:med t:high,p:med t:high,p:med t:high,p:med t:high,p:med t:high,p:med t:high,p:med t:high,p:med t:high,p:med t:high,p:med t:high,p:med t:high,p:med t:high,p:med t:high,p:med t:high,p:low t:high,p:low t:high,p:low t:high,p:low t:high,p:low t:high,p:low t:high,p:low t:high,p:low t:high,p:low t:high,p:low t:high,p:low t:high,p:low t:high,p:low t:high,p:low t:high,p:low t:high,p:low t:high,p:low t:high,p:low t:high,p:low t:high,p:low t:high,p:low t:high,p:low t:high,p:med t:high,p:med t:high,p:med t:high,p:med t:high,p:med t:high,p:med t:high,p:med t:high,p:med t:high",Nominal
"p:low t:low,p:low t:low,p:low t:low,p:low t:low,p:low t:low,p:low t:low,p:low t:low,p:low t:low,p:low t:low,p:low t:low,p:low t:low,p:low t:low,p:low t:low,p:low t:low,p:low t:low,p:low t:low,p:low t:low,p:low t:low,p:low t:low,p:low t:low,p:low t:low,p:med t:low,p:med t:low,p:med t:low,p:med t:low,p:med t:low,p:med t:low,p:med t:low,p:med t:low,p:med t:low,p:med t:low,p:med t:low,p:med t:low,p:med t:low,p:med t:low,p:low t:low,p:low t:low,p:low t:low,p:low t:low,p:low t:low,p:low t:low,p:low t:low,p:low t:low,p:low t:low,p:low t:low,p:low t:low,p:low t:low,p:low t:low,p:low t:low,p:low t:low,p:low t:low,p:low t:low,p:low t:low,p:low t:low,p:low t:low,p:low t:low,p:low t:low,p:low t:low,p:low t:low,p:low t:low,p:low t:low,p:low t:low,p:low t:low,p:low t:low,p:low t:low,p:low t:low,p:low t:low,p:low t:low,p:low t:low,p:low t:low,p:low t:low,p:low t:low,p:med t:high,p:med t:high,p:med t:high,p:med t:high,p:med t:high,p:med t:high,p:med t:high,p:med t:high,p:med t:high,p:med t:high,p:med t:high,p:med t:high,p:med t:high,p:med t:high,p:med t:high,p:low t:high,p:low t:high,p:low t:high,p:low t:high,p:low t:high,p:low t:high,p:low t:high,p:low t:high,p:low t:high,p:low t:high,p:low t:high,p:low t:high,p:low t:high,p:low t:high,p:low t:high,p:low t:high,p:low t:high,p:low t:high,p:low t:high,p:low t:high,p:low t:high,p:low t:high,p:med t:high,p:med t:high,p:med t:high,p:med t:high,p:med t:high,p:med t:high,p:med t:high,p:med t:high,p:med t:high",Caution
"p:low t:low,p:low t:low,p:low t:low,p:low t:low,p:low t:low,p:low t:low,p:low t:low,p:low t:low,p:low t:low,p:low t:low,p:low t:low,p:low t:low,p:low t:low,p:low t:low,p:low t:low,p:low t:low,p:low t:low,p:low t:low,p:low t:low,p:low t:low,p:low t:low,p:med t:low,p:med t:low,p:med t:low,p:med t:low,p:med t:low,p:med t:low,p:med t:low,p:med t:low,p:med t:low,p:med t:low,p:med t:low,p:med t:low,p:med t:low,p:med t:low,p:low t:low,p:low t:low,p:low t:low,p:low t:low,p:low t:low,p:low t:low,p:low t:low,p:low t:low,p:low t:low,p:low t:low,p:low t:low,p:low t:low,p:low t:low,p:low t:low,p:low t:low,p:low t:low,p:low t:low,p:low t:low,p:low t:low,p:low t:low,p:low t:low,p:low t:low,p:low t:low,p:low t:low,p:low t:low,p:low t:low,p:low t:low,p:low t:low,p:low t:low,p:low t:low,p:low t:low,p:low t:low,p:low t:low,p:low t:low,p:low t:low,p:low t:low,p:low t:low,p:med t:high,p:med t:high,p:med t:high,p:med t:high,p:med t:high,p:med t:high,p:med t:high,p:med t:high,p:med t:high,p:med t:high,p:med t:high,p:med t:high,p:med t:high,p:med t:high,p:med t:high,p:low t:high,p:low t:high,p:low t:high,p:low t:high,p:low t:high,p:low t:high,p:low t:high,p:low t:high,p:low t:high,p:low t:high,p:low t:high,p:low t:high,p:low t:high,p:low t:high,p:low t:high,p:low t:high,p:low t:high,p:low t:high,p:low t:high,p:low t:high,p:low t:high,p:low t:high,p:med t:high,p:med t:high,p:med t:high,p:med t:high,p:med t:high,p:med t:high,p:med t:high,p:med t:high,p:med t:high,p:med t:high",Caution
"p:low t:low,p:low t:low,p:low t:low,p:low t:low,p:low t:low,p:low t:low,p:low t:low,p:low t:low,p:low t:low,p:low t:low,p:low t:low,p:low t:low,p:low t:low,p:low t:low,p:low t:low,p:low t:low,p:low t:low,p:low t:low,p:low t:low,p:low t:low,p:low t:low,p:med t:low,p:med t:low,p:med t:low,p:med t:low,p:med t:low,p:med t:low,p:med t:low,p:med t:low,p:med t:low,p:med t:low,p:med t:low,p:med t:low,p:med t:low,p:med t:low,p:low t:low,p:low t:low,p:low t:low,p:low t:low,p:low t:low,p:low t:low,p:low t:low,p:low t:low,p:low t:low,p:low t:low,p:low t:low,p:low t:low,p:low t:low,p:low t:low,p:low t:low,p:low t:low,p:low t:low,p:low t:low,p:low t:low,p:low t:low,p:low t:low,p:low t:low,p:low t:low,p:low t:low,p:low t:low,p:low t:low,p:low t:low,p:low t:low,p:low t:low,p:low t:low,p:low t:low,p:low t:low,p:low t:low,p:low t:low,p:low t:low,p:low t:low,p:low t:low,p:med t:high,p:med t:high,p:med t:high,p:med t:high,p:med t:high,p:med t:high,p:med t:high,p:med t:high,p:med t:high,p:med t:high,p:med t:high,p:med t:high,p:med t:high,p:med t:high,p:med t:high,p:low t:high,p:low t:high,p:low t:high,p:low t:high,p:low t:high,p:low t:high,p:low t:high,p:low t:high,p:low t:high,p:low t:high,p:low t:high,p:low t:high,p:low t:high,p:low t:high,p:low t:high,p:low t:high,p:low t:high,p:low t:high,p:low t:high,p:low t:high,p:low t:high,p:low t:high,p:med t:high,p:med t:high,p:med t:high,p:med t:high,p:med t:high,p:med t:high,p:med t:high,p:med t:high,p:med t:high,p:med t:high,p:med t:high",Caution
"p:low t:low,p:low t:low,p:low t:low,p:low t:low,p:low t:low,p:low t:low,p:low t:low,p:low t:low,p:low t:low,p:low t:low,p:low t:low,p:low t:low,p:low t:low,p:low t:low,p:low t:low,p:low t:low,p:low t:low,p:low t:low,p:low t:low,p:low t:low,p:low t:low,p:med t:low,p:med t:low,p:med t:low,p:med t:low,p:med t:low,p:med t:low,p:med t:low,p:med t:low,p:med t:low,p:med t:low,p:med t:low,p:med t:low,p:med t:low,p:med t:low,p:low t:low,p:low t:low,p:low t:low,p:low t:low,p:low t:low,p:low t:low,p:low t:low,p:low t:low,p:low t:low,p:low t:low,p:low t:low,p:low t:low,p:low t:low,p:low t:low,p:low t:low,p:low t:low,p:low t:low,p:low t:low,p:low t:low,p:low t:low,p:low t:low,p:low t:low,p:low t:low,p:low t:low,p:low t:low,p:low t:low,p:low t:low,p:low t:low,p:low t:low,p:low t:low,p:low t:low,p:low t:low,p:low t:low,p:low t:low,p:low t:low,p:low t:low,p:low t:low,p:med t:high,p:med t:high,p:med t:high,p:med t:high,p:med t:high,p:med t:high,p:med t:high,p:med t:high,p:med t:high,p:med t:high,p:med t:high,p:med t:high,p:med t:high,p:med t:high,p:med t:high,p:low t:high,p:low t:high,p:low t:high,p:low t:high,p:low t:high,p:low t:high,p:low t:high,p:low t:high,p:low t:high,p:low t:high,p:low t:high,p:low t:high,p:low t:high,p:low t:high,p:low t:high,p:low t:high,p:low t:high,p:low t:high,p:low t:high,p:low t:high,p:low t:high,p:low t:high,p:med t:high,p:med t:high,p:med t:high,p:med t:high,p:med t:high,p:med t:high,p:med t:high,p:med t:high,p:med t:high,p:med t:high,p:med t:high,p:med t:high",Caution
"p:low t:low,p:low t:low,p:low t:low,p:low t:low,p:low t:low,p:low t:low,p:low t:low,p:low t:low,p:low t:low,p:low t:low,p:low t:low,p:low t:low,p:low t:low,p:low t:low,p:low t:low,p:low t:low,p:low t:low,p:low t:low,p:low t:low,p:low t:low,p:low t:low,p:med t:low,p:med t:low,p:med t:low,p:med t:low,p:med t:low,p:med t:low,p:med t:low,p:med t:low,p:med t:low,p:med t:low,p:med t:low,p:med t:low,p:med t:low,p:med t:low,p:low t:low,p:low t:low,p:low t:low,p:low t:low,p:low t:low,p:low t:low,p:low t:low,p:low t:low,p:low t:low,p:low t:low,p:low t:low,p:low t:low,p:low t:low,p:low t:low,p:low t:low,p:low t:low,p:low t:low,p:low t:low,p:low t:low,p:low t:low,p:low t:low,p:low t:low,p:low t:low,p:low t:low,p:low t:low,p:low t:low,p:low t:low,p:low t:low,p:low t:low,p:low t:low,p:low t:low,p:low t:low,p:low t:low,p:low t:low,p:low t:low,p:low t:low,p:low t:low,p:med t:high,p:med t:high,p:med t:high,p:med t:high,p:med t:high,p:med t:high,p:med t:high,p:med t:high,p:med t:high,p:med t:high,p:med t:high,p:med t:high,p:med t:high,p:med t:high,p:med t:high,p:low t:high,p:low t:high,p:low t:high,p:low t:high,p:low t:high,p:low t:high,p:low t:high,p:low t:high,p:low t:high,p:low t:high,p:low t:high,p:low t:high,p:low t:high,p:low t:high,p:low t:high,p:low t:high,p:low t:high,p:low t:high,p:low t:high,p:low t:high,p:low t:high,p:low t:high,p:med t:high,p:med t:high,p:med t:high,p:med t:high,p:med t:high,p:med t:high,p:med t:high,p:med t:high,p:med t:high,p:med t:high,p:med t:high,p:med t:high,p:med t:high",Caution
"p:low t:low,p:low t:low,p:low t:low,p:low t:low,p:low t:low,p:low t:low,p:low t:low,p:low t:low,p:low t:low,p:low t:low,p:low t:low,p:low t:low,p:low t:low,p:low t:low,p:low t:low,p:low t:low,p:low t:low,p:low t:low,p:low t:low,p:low t:low,p:low t:low,p:med t:low,p:med t:low,p:med t:low,p:med t:low,p:med t:low,p:med t:low,p:med t:low,p:med t:low,p:med t:low,p:med t:low,p:med t:low,p:med t:low,p:med t:low,p:med t:low,p:low t:low,p:low t:low,p:low t:low,p:low t:low,p:low t:low,p:low t:low,p:low t:low,p:low t:low,p:low t:low,p:low t:low,p:low t:low,p:low t:low,p:low t:low,p:low t:low,p:low t:low,p:low t:low,p:low t:low,p:low t:low,p:low t:low,p:low t:low,p:low t:low,p:low t:low,p:low t:low,p:low t:low,p:low t:low,p:low t:low,p:low t:low,p:low t:low,p:low t:low,p:low t:low,p:low t:low,p:low t:low,p:low t:low,p:low t:low,p:low t:low,p:low t:low,p:low t:low,p:med t:high,p:med t:high,p:med t:high,p:med t:high,p:med t:high,p:med t:high,p:med t:high,p:med t:high,p:med t:high,p:med t:high,p:med t:high,p:med t:high,p:med t:high,p:med t:high,p:med t:high,p:low t:high,p:low t:high,p:low t:high,p:low t:high,p:low t:high,p:low t:high,p:low t:high,p:low t:high,p:low t:high,p:low t:high,p:low t:high,p:low t:high,p:low t:high,p:low t:high,p:low t:high,p:low t:high,p:low t:high,p:low t:high,p:low t:high,p:low t:high,p:low t:high,p:low t:high,p:med t:high,p:med t:high,p:med t:high,p:med t:high,p:med t:high,p:med t:high,p:med t:high,p:med t:high,p:med t:high,p:med t:high,p:med t:high,p:med t:high,p:med t:high,p:med t:high",Caution
"p:low t:low,p:low t:low,p:low t:low,p:low t:low,p:low t:low,p:low t:low,p:low t:low,p:low t:low,p:low t:low,p:low t:low,p:low t:low,p:low t:low,p:low t:low,p:low t:low,p:low t:low,p:low t:low,p:low t:low,p:low t:low,p:low t:low,p:low t:low,p:low t:low,p:med t:low,p:med t:low,p:med t:low,p:med t:low,p:med t:low,p:med t:low,p:med t:low,p:med t:low,p:med t:low,p:med t:low,p:med t:low,p:med t:low,p:med t:low,p:med t:low,p:low t:low,p:low t:low,p:low t:low,p:low t:low,p:low t:low,p:low t:low,p:low t:low,p:low t:low,p:low t:low,p:low t:low,p:low t:low,p:low t:low,p:low t:low,p:low t:low,p:low t:low,p:low t:low,p:low t:low,p:low t:low,p:low t:low,p:low t:low,p:low t:low,p:low t:low,p:low t:low,p:low t:low,p:low t:low,p:low t:low,p:low t:low,p:low t:low,p:low t:low,p:low t:low,p:low t:low,p:low t:low,p:low t:low,p:low t:low,p:low t:low,p:low t:low,p:low t:low,p:med t:high,p:med t:high,p:med t:high,p:med t:high,p:med t:high,p:med t:high,p:med t:high,p:med t:high,p:med t:high,p:med t:high,p:med t:high,p:med t:high,p:med t:high,p:med t:high,p:med t:high,p:low t:high,p:low t:high,p:low t:high,p:low t:high,p:low t:high,p:low t:high,p:low t:high,p:low t:high,p:low t:high,p:low t:high,p:low t:high,p:low t:high,p:low t:high,p:low t:high,p:low t:high,p:low t:high,p:low t:high,p:low t:high,p:low t:high,p:low t:high,p:low t:high,p:low t:high,p:med t:high,p:med t:high,p:med t:high,p:med t:high,p:med t:high,p:med t:high,p:med t:high,p:med t:high,p:med t:high,p:med t:high,p:med t:high,p:med t:high,p:med t:high,p:med t:high,p:med t:high",Caution
"p:low t:low,p:low t:low,p:low t:low,p:low t:low,p:low t:low,p:low t:low,p:low t:low,p:low t:low,p:low t:low,p:low t:low,p:low t:low,p:low t:low,p:low t:low,p:low t:low,p:low t:low,p:low t:low,p:low t:low,p:low t:low,p:low t:low,p:low t:low,p:low t:low,p:med t:low,p:med t:low,p:med t:low,p:med t:low,p:med t:low,p:med t:low,p:med t:low,p:med t:low,p:med t:low,p:med t:low,p:med t:low,p:med t:low,p:med t:low,p:med t:low,p:low t:low,p:low t:low,p:low t:low,p:low t:low,p:low t:low,p:low t:low,p:low t:low,p:low t:low,p:low t:low,p:low t:low,p:low t:low,p:low t:low,p:low t:low,p:low t:low,p:low t:low,p:low t:low,p:low t:low,p:low t:low,p:low t:low,p:low t:low,p:low t:low,p:low t:low,p:low t:low,p:low t:low,p:low t:low,p:low t:low,p:low t:low,p:low t:low,p:low t:low,p:low t:low,p:low t:low,p:low t:low,p:low t:low,p:low t:low,p:low t:low,p:low t:low,p:low t:low,p:med t:high,p:med t:high,p:med t:high,p:med t:high,p:med t:high,p:med t:high,p:med t:high,p:med t:high,p:med t:high,p:med t:high,p:med t:high,p:med t:high,p:med t:high,p:med t:high,p:med t:high,p:low t:high,p:low t:high,p:low t:high,p:low t:high,p:low t:high,p:low t:high,p:low t:high,p:low t:high,p:low t:high,p:low t:high,p:low t:high,p:low t:high,p:low t:high,p:low t:high,p:low t:high,p:low t:high,p:low t:high,p:low t:high,p:low t:high,p:low t:high,p:low t:high,p:low t:high,p:med t:high,p:med t:high,p:med t:high,p:med t:high,p:med t:high,p:med t:high,p:med t:high,p:med t:high,p:med t:high,p:med t:high,p:med t:high,p:med t:high,p:med t:high,p:med t:high,p:med t:high,p:low t:high",Caution
"p:low t:low,p:low t:low,p:low t:low,p:low t:low,p:low t:low,p:low t:low,p:low t:low,p:low t:low,p:low t:low,p:low t:low,p:low t:low,p:low t:low,p:low t:low,p:low t:low,p:low t:low,p:low t:low,p:low t:low,p:low t:low,p:low t:low,p:low t:low,p:low t:low,p:med t:low,p:med t:low,p:med t:low,p:med t:low,p:med t:low,p:med t:low,p:med t:low,p:med t:low,p:med t:low,p:med t:low,p:med t:low,p:med t:low,p:med t:low,p:med t:low,p:low t:low,p:low t:low,p:low t:low,p:low t:low,p:low t:low,p:low t:low,p:low t:low,p:low t:low,p:low t:low,p:low t:low,p:low t:low,p:low t:low,p:low t:low,p:low t:low,p:low t:low,p:low t:low,p:low t:low,p:low t:low,p:low t:low,p:low t:low,p:low t:low,p:low t:low,p:low t:low,p:low t:low,p:low t:low,p:low t:low,p:low t:low,p:low t:low,p:low t:low,p:low t:low,p:low t:low,p:low t:low,p:low t:low,p:low t:low,p:low t:low,p:low t:low,p:low t:low,p:med t:high,p:med t:high,p:med t:high,p:med t:high,p:med t:high,p:med t:high,p:med t:high,p:med t:high,p:med t:high,p:med t:high,p:med t:high,p:med t:high,p:med t:high,p:med t:high,p:med t:high,p:low t:high,p:low t:high,p:low t:high,p:low t:high,p:low t:high,p:low t:high,p:low t:high,p:low t:high,p:low t:high,p:low t:high,p:low t:high,p:low t:high,p:low t:high,p:low t:high,p:low t:high,p:low t:high,p:low t:high,p:low t:high,p:low t:high,p:low t:high,p:low t:high,p:low t:high,p:med t:high,p:med t:high,p:med t:high,p:med t:high,p:med t:high,p:med t:high,p:med t:high,p:med t:high,p:med t:high,p:med t:high,p:med t:high,p:med t:high,p:med t:high,p:med t:high,p:med t:high,p:low t:high,p:low t:high",Caution
"p:low t:low,p:low t:low,p:low t:low,p:low t:low,p:low t:low,p:low t:low,p:low t:low,p:low t:low,p:low t:low,p:low t:low,p:low t:low,p:low t:low,p:low t:low,p:low t:low,p:low t:low,p:low t:low,p:low t:low,p:low t:low,p:low t:low,p:low t:low,p:low t:low,p:med t:low,p:med t:low,p:med t:low,p:med t:low,p:med t:low,p:med t:low,p:med t:low,p:med t:low,p:med t:low,p:med t:low,p:med t:low,p:med t:low,p:med t:low,p:med t:low,p:low t:low,p:low t:low,p:low t:low,p:low t:low,p:low t:low,p:low t:low,p:low t:low,p:low t:low,p:low t:low,p:low t:low,p:low t:low,p:low t:low,p:low t:low,p:low t:low,p:low t:low,p:low t:low,p:low t:low,p:low t:low,p:low t:low,p:low t:low,p:low t:low,p:low t:low,p:low t:low,p:low t:low,p:low t:low,p:low t:low,p:low t:low,p:low t:low,p:low t:low,p:low t:low,p:low t:low,p:low t:low,p:low t:low,p:low t:low,p:low t:low,p:low t:low,p:low t:low,p:med t:high,p:med t:high,p:med t:high,p:med t:high,p:med t:high,p:med t:high,p:med t:high,p:med t:high,p:med t:high,p:med t:high,p:med t:high,p:med t:high,p:med t:high,p:med t:high,p:med t:high,p:low t:high,p:low t:high,p:low t:high,p:low t:high,p:low t:high,p:low t:high,p:low t:high,p:low t:high,p:low t:high,p:low t:high,p:low t:high,p:low t:high,p:low t:high,p:low t:high,p:low t:high,p:low t:high,p:low t:high,p:low t:high,p:low t:high,p:low t:high,p:low t:high,p:low t:high,p:med t:high,p:med t:high,p:med t:high,p:med t:high,p:med t:high,p:med t:high,p:med t:high,p:med t:high,p:med t:high,p:med t:high,p:med t:high,p:med t:high,p:med t:high,p:med t:high,p:med t:high,p:low t:high,p:low t:high,p:low t:high",Caution
"p:low t:low,p:low t:low,p:low t:low,p:low t:low,p:low t:low,p:low t:low,p:low t:low,p:low t:low,p:low t:low,p:low t:low,p:low t:low,p:low t:low,p:low t:low,p:low t:low,p:low t:low,p:low t:low,p:low t:low,p:low t:low,p:low t:low,p:low t:low,p:low t:low,p:med t:low,p:med t:low,p:med t:low,p:med t:low,p:med t:low,p:med t:low,p:med t:low,p:med t:low,p:med t:low,p:med t:low,p:med t:low,p:med t:low,p:med t:low,p:med t:low,p:low t:low,p:low t:low,p:low t:low,p:low t:low,p:low t:low,p:low t:low,p:low t:low,p:low t:low,p:low t:low,p:low t:low,p:low t:low,p:low t:low,p:low t:low,p:low t:low,p:low t:low,p:low t:low,p:low t:low,p:low t:low,p:low t:low,p:low t:low,p:low t:low,p:low t:low,p:low t:low,p:low t:low,p:low t:low,p:low t:low,p:low t:low,p:low t:low,p:low t:low,p:low t:low,p:low t:low,p:low t:low,p:low t:low,p:low t:low,p:low t:low,p:low t:low,p:low t:low,p:med t:high,p:med t:high,p:med t:high,p:med t:high,p:med t:high,p:med t:high,p:med t:high,p:med t:high,p:med t:high,p:med t:high,p:med t:high,p:med t:high,p:med t:high,p:med t:high,p:med t:high,p:low t:high,p:low t:high,p:low t:high,p:low t:high,p:low t:high,p:low t:high,p:low t:high,p:low t:high,p:low t:high,p:low t:high,p:low t:high,p:low t:high,p:low t:high,p:low t:high,p:low t:high,p:low t:high,p:low t:high,p:low t:high,p:low t:high,p:low t:high,p:low t:high,p:low t:high,p:med t:high,p:med t:high,p:med t:high,p:med t:high,p:med t:high,p:med t:high,p:med t:high,p:med t:high,p:med t:high,p:med t:high,p:med t:high,p:med t:high,p:med t:high,p:med t:high,p:med t:high,p:low t:high,p:low t:high,p:low t:high,p:low t:high",Caution
"p:low t:low,p:low t:low,p:low t:low,p:low t:low,p:low t:low,p:low t:low,p:low t:low,p:low t:low,p:low t:low,p:low t:low,p:low t:low,p:low t:low,p:low t:low,p:low t:low,p:low t:low,p:low t:low,p:low t:low,p:low t:low,p:low t:low,p:low t:low,p:low t:low,p:med t:low,p:med t:low,p:med t:low,p:med t:low,p:med t:low,p:med t:low,p:med t:low,p:med t:low,p:med t:low,p:med t:low,p:med t:low,p:med t:low,p:med t:low,p:med t:low,p:low t:low,p:low t:low,p:low t:low,p:low t:low,p:low t:low,p:low t:low,p:low t:low,p:low t:low,p:low t:low,p:low t:low,p:low t:low,p:low t:low,p:low t:low,p:low t:low,p:low t:low,p:low t:low,p:low t:low,p:low t:low,p:low t:low,p:low t:low,p:low t:low,p:low t:low,p:low t:low,p:low t:low,p:low t:low,p:low t:low,p:low t:low,p:low t:low,p:low t:low,p:low t:low,p:low t:low,p:low t:low,p:low t:low,p:low t:low,p:low t:low,p:low t:low,p:low t:low,p:med t:high,p:med t:high,p:med t:high,p:med t:high,p:med t:high,p:med t:high,p:med t:high,p:med t:high,p:med t:high,p:med t:high,p:med t:high,p:med t:high,p:med t:high,p:med t:high,p:med t:high,p:low t:high,p:low t:high,p:low t:high,p:low t:high,p:low t:high,p:low t:high,p:low t:high,p:low t:high,p:low t:high,p:low t:high,p:low t:high,p:low t:high,p:low t:high,p:low t:high,p:low t:high,p:low t:high,p:low t:high,p:low t:high,p:low t:high,p:low t:high,p:low t:high,p:low t:high,p:med t:high,p:med t:high,p:med t:high,p:med t:high,p:med t:high,p:med t:high,p:med t:high,p:med t:high,p:med t:high,p:med t:high,p:med t:high,p:med t:high,p:med t:high,p:med t:high,p:med t:high,p:low t:high,p:low t:high,p:low t:high,p:low t:high,p:low t:high",Caution
"p:low t:low,p:low t:low,p:low t:low,p:low t:low,p:low t:low,p:low t:low,p:low t:low,p:low t:low,p:low t:low,p:low t:low,p:low t:low,p:low t:low,p:low t:low,p:low t:low,p:low t:low,p:low t:low,p:low t:low,p:low t:low,p:low t:low,p:low t:low,p:low t:low,p:med t:low,p:med t:low,p:med t:low,p:med t:low,p:med t:low,p:med t:low,p:med t:low,p:med t:low,p:med t:low,p:med t:low,p:med t:low,p:med t:low,p:med t:low,p:med t:low,p:low t:low,p:low t:low,p:low t:low,p:low t:low,p:low t:low,p:low t:low,p:low t:low,p:low t:low,p:low t:low,p:low t:low,p:low t:low,p:low t:low,p:low t:low,p:low t:low,p:low t:low,p:low t:low,p:low t:low,p:low t:low,p:low t:low,p:low t:low,p:low t:low,p:low t:low,p:low t:low,p:low t:low,p:low t:low,p:low t:low,p:low t:low,p:low t:low,p:low t:low,p:low t:low,p:low t:low,p:low t:low,p:low t:low,p:low t:low,p:low t:low,p:low t:low,p:low t:low,p:med t:high,p:med t:high,p:med t:high,p:med t:high,p:med t:high,p:med t:high,p:med t:high,p:med t:high,p:med t:high,p:med t:high,p:med t:high,p:med t:high,p:med t:high,p:med t:high,p:med t:high,p:low t:high,p:low t:high,p:low t:high,p:low t:high,p:low t:high,p:low t:high,p:low t:high,p:low t:high,p:low t:high,p:low t:high,p:low t:high,p:low t:high,p:low t:high,p:low t:high,p:low t:high,p:low t:high,p:low t:high,p:low t:high,p:low t:high,p:low t:high,p:low t:high,p:low t:high,p:med t:high,p:med t:high,p:med t:high,p:med t:high,p:med t:high,p:med t:high,p:med t:high,p:med t:high,p:med t:high,p:med t:high,p:med t:high,p:med t:high,p:med t:high,p:med t:high,p:med t:high,p:low t:high,p:low t:high,p:low t:high,p:low t:high,p:low t:high,p:low t:high",Caution
"p:low t:low,p:low t:low,p:low t:low,p:low t:low,p:low t:low,p:low t:low,p:low t:low,p:low t:low,p:low t:low,p:low t:low,p:low t:low,p:low t:low,p:low t:low,p:low t:low,p:low t:low,p:low t:low,p:low t:low,p:low t:low,p:low t:low,p:low t:low,p:low t:low,p:med t:low,p:med t:low,p:med t:low,p:med t:low,p:med t:low,p:med t:low,p:med t:low,p:med t:low,p:med t:low,p:med t:low,p:med t:low,p:med t:low,p:med t:low,p:med t:low,p:low t:low,p:low t:low,p:low t:low,p:low t:low,p:low t:low,p:low t:low,p:low t:low,p:low t:low,p:low t:low,p:low t:low,p:low t:low,p:low t:low,p:low t:low,p:low t:low,p:low t:low,p:low t:low,p:low t:low,p:low t:low,p:low t:low,p:low t:low,p:low t:low,p:low t:low,p:low t:low,p:low t:low,p:low t:low,p:low t:low,p:low t:low,p:low t:low,p:low t:low,p:low t:low,p:low t:low,p:low t:low,p:low t:low,p:low t:low,p:low t:low,p:low t:low,p:low t:low,p:med t:high,p:med t:high,p:med t:high,p:med t:high,p:med t:high,p:med t:high,p:med t:high,p:med t:high,p:med t:high,p:med t:high,p:med t:high,p:med t:high,p:med t:high,p:med t:high,p:med t:high,p:low t:high,p:low t:high,p:low t:high,p:low t:high,p:low t:high,p:low t:high,p:low t:high,p:low t:high,p:low t:high,p:low t:high,p:low t:high,p:low t:high,p:low t:high,p:low t:high,p:low t:high,p:low t:high,p:low t:high,p:low t:high,p:low t:high,p:low t:high,p:low t:high,p:low t:high,p:med t:high,p:med t:high,p:med t:high,p:med t:high,p:med t:high,p:med t:high,p:med t:high,p:med t:high,p:med t:high,p:med t:high,p:med t:high,p:med t:high,p:med t:high,p:med t:high,p:med t:high,p:low t:high,p:low t:high,p:low t:high,p:low t:high,p:low t:high,p:low t:high,p:low t:high",Caution
"p:low t:low,p:low t:low,p:low t:low,p:low t:low,p:low t:low,p:low t:low,p:low t:low,p:low t:low,p:low t:low,p:low t:low,p:low t:low,p:low t:low,p:low t:low,p:low t:low,p:low t:low,p:low t:low,p:low t:low,p:low t:low,p:low t:low,p:low t:low,p:low t:low,p:med t:low,p:med t:low,p:med t:low,p:med t:low,p:med t:low,p:med t:low,p:med t:low,p:med t:low,p:med t:low,p:med t:low,p:med t:low,p:med t:low,p:med t:low,p:med t:low,p:low t:low,p:low t:low,p:low t:low,p:low t:low,p:low t:low,p:low t:low,p:low t:low,p:low t:low,p:low t:low,p:low t:low,p:low t:low,p:low t:low,p:low t:low,p:low t:low,p:low t:low,p:low t:low,p:low t:low,p:low t:low,p:low t:low,p:low t:low,p:low t:low,p:low t:low,p:low t:low,p:low t:low,p:low t:low,p:low t:low,p:low t:low,p:low t:low,p:low t:low,p:low t:low,p:low t:low,p:low t:low,p:low t:low,p:low t:low,p:low t:low,p:low t:low,p:low t:low,p:med t:high,p:med t:high,p:med t:high,p:med t:high,p:med t:high,p:med t:high,p:med t:high,p:med t:high,p:med t:high,p:med t:high,p:med t:high,p:med t:high,p:med t:high,p:med t:high,p:med t:high,p:low t:high,p:low t:high,p:low t:high,p:low t:high,p:low t:high,p:low t:high,p:low t:high,p:low t:high,p:low t:high,p:low t:high,p:low t:high,p:low t:high,p:low t:high,p:low t:high,p:low t:high,p:low t:high,p:low t:high,p:low t:high,p:low t:high,p:low t:high,p:low t:high,p:low t:high,p:med t:high,p:med t:high,p:med t:high,p:med t:high,p:med t:high,p:med t:high,p:med t:high,p:med t:high,p:med t:high,p:med t:high,p:med t:high,p:med t:high,p:med t:high,p:med t:high,p:med t:high,p:low t:high,p:low t:high,p:low t:high,p:low t:high,p:low t:high,p:low t:high,p:low t:high,p:low t:high",Nominal
"p:low t:low,p:low t:low,p:low t:low,p:low t:low,p:low t:low,p:low t:low,p:low t:low,p:low t:low,p:low t:low,p:low t:low,p:low t:low,p:low t:low,p:low t:low,p:low t:low,p:low t:low,p:low t:low,p:low t:low,p:low t:low,p:low t:low,p:low t:low,p:low t:low,p:med t:low,p:med t:low,p:med t:low,p:med t:low,p:med t:low,p:med t:low,p:med t:low,p:med t:low,p:med t:low,p:med t:low,p:med t:low,p:med t:low,p:med t:low,p:med t:low,p:low t:low,p:low t:low,p:low t:low,p:low t:low,p:low t:low,p:low t:low,p:low t:low,p:low t:low,p:low t:low,p:low t:low,p:low t:low,p:low t:low,p:low t:low,p:low t:low,p:low t:low,p:low t:low,p:low t:low,p:low t:low,p:low t:low,p:low t:low,p:low t:low,p:low t:low,p:low t:low,p:low t:low,p:low t:low,p:low t:low,p:low t:low,p:low t:low,p:low t:low,p:low t:low,p:low t:low,p:low t:low,p:low t:low,p:low t:low,p:low t:low,p:low t:low,p:low t:low,p:med t:high,p:med t:high,p:med t:high,p:med t:high,p:med t:high,p:med t:high,p:med t:high,p:med t:high,p:med t:high,p:med t:high,p:med t:high,p:med t:high,p:med t:high,p:med t:high,p:med t:high,p:low t:high,p:low t:high,p:low t:high,p:low t:high,p:low t:high,p:low t:high,p:low t:high,p:low t:high,p:low t:high,p:low t:high,p:low t:high,p:low t:high,p:low t:high,p:low t:high,p:low t:high,p:low t:high,p:low t:high,p:low t:high,p:low t:high,p:low t:high,p:low t:high,p:low t:high,p:med t:high,p:med t:high,p:med t:high,p:med t:high,p:med t:high,p:med t:high,p:med t:high,p:med t:high,p:med t:high,p:med t:high,p:med t:high,p:med t:high,p:med t:high,p:med t:high,p:med t:high,p:low t:high,p:low t:high,p:low t:high,p:low t:high,p:low t:high,p:low t:high,p:low t:high,p:low t:high,p:low t:high",Nominal
"p:low t:low,p:low t:low,p:low t:low,p:low t:low,p:low t:low,p:low t:low,p:low t:low,p:low t:low,p:low t:low,p:low t:low,p:low t:low,p:low t:low,p:low t:low,p:low t:low,p:low t:low,p:low t:low,p:low t:low,p:low t:low,p:low t:low,p:low t:low,p:low t:low,p:med t:low,p:med t:low,p:med t:low,p:med t:low,p:med t:low,p:med t:low,p:med t:low,p:med t:low,p:med t:low,p:med t:low,p:med t:low,p:med t:low,p:med t:low,p:med t:low,p:low t:low,p:low t:low,p:low t:low,p:low t:low,p:low t:low,p:low t:low,p:low t:low,p:low t:low,p:low t:low,p:low t:low,p:low t:low,p:low t:low,p:low t:low,p:low t:low,p:low t:low,p:low t:low,p:low t:low,p:low t:low,p:low t:low,p:low t:low,p:low t:low,p:low t:low,p:low t:low,p:low t:low,p:low t:low,p:low t:low,p:low t:low,p:low t:low,p:low t:low,p:low t:low,p:low t:low,p:low t:low,p:low t:low,p:low t:low,p:low t:low,p:low t:low,p:low t:low,p:med t:high,p:med t:high,p:med t:high,p:med t:high,p:med t:high,p:med t:high,p:med t:high,p:med t:high,p:med t:high,p:med t:high,p:med t:high,p:med t:high,p:med t:high,p:med t:high,p:med t:high,p:low t:high,p:low t:high,p:low t:high,p:low t:high,p:low t:high,p:low t:high,p:low t:high,p:low t:high,p:low t:high,p:low t:high,p:low t:high,p:low t:high,p:low t:high,p:low t:high,p:low t:high,p:low t:high,p:low t:high,p:low t:high,p:low t:high,p:low t:high,p:low t:high,p:low t:high,p:med t:high,p:med t:high,p:med t:high,p:med t:high,p:med t:high,p:med t:high,p:med t:high,p:med t:high,p:med t:high,p:med t:high,p:med t:high,p:med t:high,p:med t:high,p:med t:high,p:med t:high,p:low t:high,p:low t:high,p:low t:high,p:low t:high,p:low t:high,p:low t:high,p:low t:high,p:low t:high,p:low t:high,p:low t:high",Nominal
"p:low t:low,p:low t:low,p:low t:low,p:low t:low,p:low t:low,p:low t:low,p:low t:low,p:low t:low,p:low t:low,p:low t:low,p:low t:low,p:low t:low,p:low t:low,p:low t:low,p:low t:low,p:low t:low,p:low t:low,p:low t:low,p:low t:low,p:low t:low,p:low t:low,p:med t:low,p:med t:low,p:med t:low,p:med t:low,p:med t:low,p:med t:low,p:med t:low,p:med t:low,p:med t:low,p:med t:low,p:med t:low,p:med t:low,p:med t:low,p:med t:low,p:low t:low,p:low t:low,p:low t:low,p:low t:low,p:low t:low,p:low t:low,p:low t:low,p:low t:low,p:low t:low,p:low t:low,p:low t:low,p:low t:low,p:low t:low,p:low t:low,p:low t:low,p:low t:low,p:low t:low,p:low t:low,p:low t:low,p:low t:low,p:low t:low,p:low t:low,p:low t:low,p:low t:low,p:low t:low,p:low t:low,p:low t:low,p:low t:low,p:low t:low,p:low t:low,p:low t:low,p:low t:low,p:low t:low,p:low t:low,p:low t:low,p:low t:low,p:low t:low,p:med t:high,p:med t:high,p:med t:high,p:med t:high,p:med t:high,p:med t:high,p:med t:high,p:med t:high,p:med t:high,p:med t:high,p:med t:high,p:med t:high,p:med t:high,p:med t:high,p:med t:high,p:low t:high,p:low t:high,p:low t:high,p:low t:high,p:low t:high,p:low t:high,p:low t:high,p:low t:high,p:low t:high,p:low t:high,p:low t:high,p:low t:high,p:low t:high,p:low t:high,p:low t:high,p:low t:high,p:low t:high,p:low t:high,p:low t:high,p:low t:high,p:low t:high,p:low t:high,p:med t:high,p:med t:high,p:med t:high,p:med t:high,p:med t:high,p:med t:high,p:med t:high,p:med t:high,p:med t:high,p:med t:high,p:med t:high,p:med t:high,p:med t:high,p:med t:high,p:med t:high,p:low t:high,p:low t:high,p:low t:high,p:low t:high,p:low t:high,p:low t:high,p:low t:high,p:low t:high,p:low t:high,p:low t:high,p:low t:high",Nominal
"p:low t:low,p:low t:low,p:low t:low,p:low t:low,p:low t:low,p:low t:low,p:low t:low,p:low t:low,p:low t:low,p:low t:low,p:low t:low,p:low t:low,p:low t:low,p:low t:low,p:low t:low,p:low t:low,p:low t:low,p:low t:low,p:low t:low,p:low t:low,p:low t:low,p:med t:low,p:med t:low,p:med t:low,p:med t:low,p:med t:low,p:med t:low,p:med t:low,p:med t:low,p:med t:low,p:med t:low,p:med t:low,p:med t:low,p:med t:low,p:med t:low,p:low t:low,p:low t:low,p:low t:low,p:low t:low,p:low t:low,p:low t:low,p:low t:low,p:low t:low,p:low t:low,p:low t:low,p:low t:low,p:low t:low,p:low t:low,p:low t:low,p:low t:low,p:low t:low,p:low t:low,p:low t:low,p:low t:low,p:low t:low,p:low t:low,p:low t:low,p:low t:low,p:low t:low,p:low t:low,p:low t:low,p:low t:low,p:low t:low,p:low t:low,p:low t:low,p:low t:low,p:low t:low,p:low t:low,p:low t:low,p:low t:low,p:low t:low,p:low t:low,p:med t:high,p:med t:high,p:med t:high,p:med t:high,p:med t:high,p:med t:high,p:med t:high,p:med t:high,p:med t:high,p:med t:high,p:med t:high,p:med t:high,p:med t:high,p:med t:high,p:med t:high,p:low t:high,p:low t:high,p:low t:high,p:low t:high,p:low t:high,p:low t:high,p:low t:high,p:low t:high,p:low t:high,p:low t:high,p:low t:high,p:low t:high,p:low t:high,p:low t:high,p:low t:high,p:low t:high,p:low t:high,p:low t:high,p:low t:high,p:low t:high,p:low t:high,p:low t:high,p:med t:high,p:med t:high,p:med t:high,p:med t:high,p:med t:high,p:med t:high,p:med t:high,p:med t:high,p:med t:high,p:med t:high,p:med t:high,p:med t:high,p:med t:high,p:med t:high,p:med t:high,p:low t:high,p:low t:high,p:low t:high,p:low t:high,p:low t:high,p:low t:high,p:low t:high,p:low t:high,p:low t:high,p:low t:high,p:low t:high,p:low t:high",Nominal
"p:low t:low,p:low t:low,p:low t:low,p:low t:low,p:low t:low,p:low t:low,p:low t:low,p:low t:low,p:low t:low,p:low t:low,p:low t:low,p:low t:low,p:low t:low,p:low t:low,p:low t:low,p:low t:low,p:low t:low,p:low t:low,p:low t:low,p:low t:low,p:low t:low,p:med t:low,p:med t:low,p:med t:low,p:med t:low,p:med t:low,p:med t:low,p:med t:low,p:med t:low,p:med t:low,p:med t:low,p:med t:low,p:med t:low,p:med t:low,p:med t:low,p:low t:low,p:low t:low,p:low t:low,p:low t:low,p:low t:low,p:low t:low,p:low t:low,p:low t:low,p:low t:low,p:low t:low,p:low t:low,p:low t:low,p:low t:low,p:low t:low,p:low t:low,p:low t:low,p:low t:low,p:low t:low,p:low t:low,p:low t:low,p:low t:low,p:low t:low,p:low t:low,p:low t:low,p:low t:low,p:low t:low,p:low t:low,p:low t:low,p:low t:low,p:low t:low,p:low t:low,p:low t:low,p:low t:low,p:low t:low,p:low t:low,p:low t:low,p:low t:low,p:med t:high,p:med t:high,p:med t:high,p:med t:high,p:med t:high,p:med t:high,p:med t:high,p:med t:high,p:med t:high,p:med t:high,p:med t:high,p:med t:high,p:med t:high,p:med t:high,p:med t:high,p:low t:high,p:low t:high,p:low t:high,p:low t:high,p:low t:high,p:low t:high,p:low t:high,p:low t:high,p:low t:high,p:low t:high,p:low t:high,p:low t:high,p:low t:high,p:low t:high,p:low t:high,p:low t:high,p:low t:high,p:low t:high,p:low t:high,p:low t:high,p:low t:high,p:low t:high,p:med t:high,p:med t:high,p:med t:high,p:med t:high,p:med t:high,p:med t:high,p:med t:high,p:med t:high,p:med t:high,p:med t:high,p:med t:high,p:med t:high,p:med t:high,p:med t:high,p:med t:high,p:low t:high,p:low t:high,p:low t:high,p:low t:high,p:low t:high,p:low t:high,p:low t:high,p:low t:high,p:low t:high,p:low t:high,p:low t:high,p:low t:high,p:low t:high",Nominal
"p:low t:low,p:low t:low,p:low t:low,p:low t:low,p:low t:low,p:low t:low,p:low t:low,p:low t:low,p:low t:low,p:low t:low,p:low t:low,p:low t:low,p:low t:low,p:low t:low,p:low t:low,p:low t:low,p:low t:low,p:low t:low,p:low t:low,p:low t:low,p:low t:low,p:med t:low,p:med t:low,p:med t:low,p:med t:low,p:med t:low,p:med t:low,p:med t:low,p:med t:low,p:med t:low,p:med t:low,p:med t:low,p:med t:low,p:med t:low,p:med t:low,p:low t:low,p:low t:low,p:low t:low,p:low t:low,p:low t:low,p:low t:low,p:low t:low,p:low t:low,p:low t:low,p:low t:low,p:low t:low,p:low t:low,p:low t:low,p:low t:low,p:low t:low,p:low t:low,p:low t:low,p:low t:low,p:low t:low,p:low t:low,p:low t:low,p:low t:low,p:low t:low,p:low t:low,p:low t:low,p:low t:low,p:low t:low,p:low t:low,p:low t:low,p:low t:low,p:low t:low,p:low t:low,p:low t:low,p:low t:low,p:low t:low,p:low t:low,p:low t:low,p:med t:high,p:med t:high,p:med t:high,p:med t:high,p:med t:high,p:med t:high,p:med t:high,p:med t:high,p:med t:high,p:med t:high,p:med t:high,p:med t:high,p:med t:high,p:med t:high,p:med t:high,p:low t:high,p:low t:high,p:low t:high,p:low t:high,p:low t:high,p:low t:high,p:low t:high,p:low t:high,p:low t:high,p:low t:high,p:low t:high,p:low t:high,p:low t:high,p:low t:high,p:low t:high,p:low t:high,p:low t:high,p:low t:high,p:low t:high,p:low t:high,p:low t:high,p:low t:high,p:med t:high,p:med t:high,p:med t:high,p:med t:high,p:med t:high,p:med t:high,p:med t:high,p:med t:high,p:med t:high,p:med t:high,p:med t:high,p:med t:high,p:med t:high,p:med t:high,p:med t:high,p:low t:high,p:low t:high,p:low t:high,p:low t:high,p:low t:high,p:low t:high,p:low t:high,p:low t:high,p:low t:high,p:low t:high,p:low t:high,p:low t:high,p:low t:high,p:low t:high",Nominal
"p:low t:low,p:low t:low,p:low t:low,p:low t:low,p:low t:low,p:low t:low,p:low t:low,p:low t:low,p:low t:low,p:low t:low,p:low t:low,p:low t:low,p:low t:low,p:low t:low,p:low t:low,p:low t:low,p:low t:low,p:low t:low,p:low t:low,p:low t:low,p:low t:low,p:med t:low,p:med t:low,p:med t:low,p:med t:low,p:med t:low,p:med t:low,p:med t:low,p:med t:low,p:med t:low,p:med t:low,p:med t:low,p:med t:low,p:med t:low,p:med t:low,p:low t:low,p:low t:low,p:low t:low,p:low t:low,p:low t:low,p:low t:low,p:low t:low,p:low t:low,p:low t:low,p:low t:low,p:low t:low,p:low t:low,p:low t:low,p:low t:low,p:low t:low,p:low t:low,p:low t:low,p:low t:low,p:low t:low,p:low t:low,p:low t:low,p:low t:low,p:low t:low,p:low t:low,p:low t:low,p:low t:low,p:low t:low,p:low t:low,p:low t:low,p:low t:low,p:low t:low,p:low t:low,p:low t:low,p:low t:low,p:low t:low,p:low t:low,p:low t:low,p:med t:high,p:med t:high,p:med t:high,p:med t:high,p:med t:high,p:med t:high,p:med t:high,p:med t:high,p:med t:high,p:med t:high,p:med t:high,p:med t:high,p:med t:high,p:med t:high,p:med t:high,p:low t:high,p:low t:high,p:low t:high,p:low t:high,p:low t:high,p:low t:high,p:low t:high,p:low t:high,p:low t:high,p:low t:high,p:low t:high,p:low t:high,p:low t:high,p:low t:high,p:low t:high,p:low t:high,p:low t:high,p:low t:high,p:low t:high,p:low t:high,p:low t:high,p:low t:high,p:med t:high,p:med t:high,p:med t:high,p:med t:high,p:med t:high,p:med t:high,p:med t:high,p:med t:high,p:med t:high,p:med t:high,p:med t:high,p:med t:high,p:med t:high,p:med t:high,p:med t:high,p:low t:high,p:low t:high,p:low t:high,p:low t:high,p:low t:high,p:low t:high,p:low t:high,p:low t:high,p:low t:high,p:low t:high,p:low t:high,p:low t:high,p:low t:high,p:low t:high,p:low t:high",Nominal
"p:low t:low,p:low t:low,p:low t:low,p:low t:low,p:low t:low,p:low t:low,p:low t:low,p:low t:low,p:low t:low,p:low t:low,p:low t:low,p:low t:low,p:low t:low,p:low t:low,p:low t:low,p:low t:low,p:low t:low,p:low t:low,p:low t:low,p:low t:low,p:low t:low,p:med t:low,p:med t:low,p:med t:low,p:med t:low,p:med t:low,p:med t:low,p:med t:low,p:med t:low,p:med t:low,p:med t:low,p:med t:low,p:med t:low,p:med t:low,p:med t:low,p:low t:low,p:low t:low,p:low t:low,p:low t:low,p:low t:low,p:low t:low,p:low t:low,p:low t:low,p:low t:low,p:low t:low,p:low t:low,p:low t:low,p:low t:low,p:low t:low,p:low t:low,p:low t:low,p:low t:low,p:low t:low,p:low t:low,p:low t:low,p:low t:low,p:low t:low,p:low t:low,p:low t:low,p:low t:low,p:low t:low,p:low t:low,p:low t:low,p:low t:low,p:low t:low,p:low t:low,p:low t:low,p:low t:low,p:low t:low,p:low t:low,p:low t:low,p:low t:low,p:med t:high,p:med t:high,p:med t:high,p:med t:high,p:med t:high,p:med t:high,p:med t:high,p:med t:high,p:med t:high,p:med t:high,p:med t:high,p:med t:high,p:med t:high,p:med t:high,p:med t:high,p:low t:high,p:low t:high,p:low t:high,p:low t:high,p:low t:high,p:low t:high,p:low t:high,p:low t:high,p:low t:high,p:low t:high,p:low t:high,p:low t:high,p:low t:high,p:low t:high,p:low t:high,p:low t:high,p:low t:high,p:low t:high,p:low t:high,p:low t:high,p:low t:high,p:low t:high,p:med t:high,p:med t:high,p:med t:high,p:med t:high,p:med t:high,p:med t:high,p:med t:high,p:med t:high,p:med t:high,p:med t:high,p:med t:high,p:med t:high,p:med t:high,p:med t:high,p:med t:high,p:low t:high,p:low t:high,p:low t:high,p:low t:high,p:low t:high,p:low t:high,p:low t:high,p:low t:high,p:low t:high,p:low t:high,p:low t:high,p:low t:high,p:low t:high,p:low t:high,p:low t:high,p:low t:high",Nominal
"p:low t:low,p:low t:low,p:low t:low,p:low t:low,p:low t:low,p:low t:low,p:low t:low,p:low t:low,p:low t:low,p:low t:low,p:low t:low,p:low t:low,p:low t:low,p:low t:low,p:low t:low,p:low t:low,p:low t:low,p:low t:low,p:low t:low,p:low t:low,p:low t:low,p:med t:low,p:med t:low,p:med t:low,p:med t:low,p:med t:low,p:med t:low,p:med t:low,p:med t:low,p:med t:low,p:med t:low,p:med t:low,p:med t:low,p:med t:low,p:med t:low,p:low t:low,p:low t:low,p:low t:low,p:low t:low,p:low t:low,p:low t:low,p:low t:low,p:low t:low,p:low t:low,p:low t:low,p:low t:low,p:low t:low,p:low t:low,p:low t:low,p:low t:low,p:low t:low,p:low t:low,p:low t:low,p:low t:low,p:low t:low,p:low t:low,p:low t:low,p:low t:low,p:low t:low,p:low t:low,p:low t:low,p:low t:low,p:low t:low,p:low t:low,p:low t:low,p:low t:low,p:low t:low,p:low t:low,p:low t:low,p:low t:low,p:low t:low,p:low t:low,p:med t:high,p:med t:high,p:med t:high,p:med t:high,p:med t:high,p:med t:high,p:med t:high,p:med t:high,p:med t:high,p:med t:high,p:med t:high,p:med t:high,p:med t:high,p:med t:high,p:med t:high,p:low t:high,p:low t:high,p:low t:high,p:low t:high,p:low t:high,p:low t:high,p:low t:high,p:low t:high,p:low t:high,p:low t:high,p:low t:high,p:low t:high,p:low t:high,p:low t:high,p:low t:high,p:low t:high,p:low t:high,p:low t:high,p:low t:high,p:low t:high,p:low t:high,p:low t:high,p:med t:high,p:med t:high,p:med t:high,p:med t:high,p:med t:high,p:med t:high,p:med t:high,p:med t:high,p:med t:high,p:med t:high,p:med t:high,p:med t:high,p:med t:high,p:med t:high,p:med t:high,p:low t:high,p:low t:high,p:low t:high,p:low t:high,p:low t:high,p:low t:high,p:low t:high,p:low t:high,p:low t:high,p:low t:high,p:low t:high,p:low t:high,p:low t:high,p:low t:high,p:low t:high,p:low t:high,p:low t:high",Nominal
"p:low t:low,p:low t:low,p:low t:low,p:low t:low,p:low t:low,p:low t:low,p:low t:low,p:low t:low,p:low t:low,p:low t:low,p:low t:low,p:low t:low,p:low t:low,p:low t:low,p:low t:low,p:low t:low,p:low t:low,p:low t:low,p:low t:low,p:low t:low,p:low t:low,p:med t:low,p:med t:low,p:med t:low,p:med t:low,p:med t:low,p:med t:low,p:med t:low,p:med t:low,p:med t:low,p:med t:low,p:med t:low,p:med t:low,p:med t:low,p:med t:low,p:low t:low,p:low t:low,p:low t:low,p:low t:low,p:low t:low,p:low t:low,p:low t:low,p:low t:low,p:low t:low,p:low t:low,p:low t:low,p:low t:low,p:low t:low,p:low t:low,p:low t:low,p:low t:low,p:low t:low,p:low t:low,p:low t:low,p:low t:low,p:low t:low,p:low t:low,p:low t:low,p:low t:low,p:low t:low,p:low t:low,p:low t:low,p:low t:low,p:low t:low,p:low t:low,p:low t:low,p:low t:low,p:low t:low,p:low t:low,p:low t:low,p:low t:low,p:low t:low,p:med t:high,p:med t:high,p:med t:high,p:med t:high,p:med t:high,p:med t:high,p:med t:high,p:med t:high,p:med t:high,p:med t:high,p:med t:high,p:med t:high,p:med t:high,p:med t:high,p:med t:high,p:low t:high,p:low t:high,p:low t:high,p:low t:high,p:low t:high,p:low t:high,p:low t:high,p:low t:high,p:low t:high,p:low t:high,p:low t:high,p:low t:high,p:low t:high,p:low t:high,p:low t:high,p:low t:high,p:low t:high,p:low t:high,p:low t:high,p:low t:high,p:low t:high,p:low t:high,p:med t:high,p:med t:high,p:med t:high,p:med t:high,p:med t:high,p:med t:high,p:med t:high,p:med t:high,p:med t:high,p:med t:high,p:med t:high,p:med t:high,p:med t:high,p:med t:high,p:med t:high,p:low t:high,p:low t:high,p:low t:high,p:low t:high,p:low t:high,p:low t:high,p:low t:high,p:low t:high,p:low t:high,p:low t:high,p:low t:high,p:low t:high,p:low t:high,p:low t:high,p:low t:high,p:low t:high,p:low t:high,p:low t:high",Nominal
"p:low t:low,p:low t:low,p:low t:low,p:low t:low,p:low t:low,p:low t:low,p:low t:low,p:low t:low,p:low t:low,p:low t:low,p:low t:low,p:low t:low,p:low t:low,p:low t:low,p:low t:low,p:low t:low,p:low t:low,p:low t:low,p:low t:low,p:low t:low,p:low t:low,p:med t:low,p:med t:low,p:med t:low,p:med t:low,p:med t:low,p:med t:low,p:med t:low,p:med t:low,p:med t:low,p:med t:low,p:med t:low,p:med t:low,p:med t:low,p:med t:low,p:low t:low,p:low t:low,p:low t:low,p:low t:low,p:low t:low,p:low t:low,p:low t:low,p:low t:low,p:low t:low,p:low t:low,p:low t:low,p:low t:low,p:low t:low,p:low t:low,p:low t:low,p:low t:low,p:low t:low,p:low t:low,p:low t:low,p:low t:low,p:low t:low,p:low t:low,p:low t:low,p:low t:low,p:low t:low,p:low t:low,p:low t:low,p:low t:low,p:low t:low,p:low t:low,p:low t:low,p:low t:low,p:low t:low,p:low t:low,p:low t:low,p:low t:low,p:low t:low,p:med t:high,p:med t:high,p:med t:high,p:med t:high,p:med t:high,p:med t:high,p:med t:high,p:med t:high,p:med t:high,p:med t:high,p:med t:high,p:med t:high,p:med t:high,p:med t:high,p:med t:high,p:low t:high,p:low t:high,p:low t:high,p:low t:high,p:low t:high,p:low t:high,p:low t:high,p:low t:high,p:low t:high,p:low t:high,p:low t:high,p:low t:high,p:low t:high,p:low t:high,p:low t:high,p:low t:high,p:low t:high,p:low t:high,p:low t:high,p:low t:high,p:low t:high,p:low t:high,p:med t:high,p:med t:high,p:med t:high,p:med t:high,p:med t:high,p:med t:high,p:med t:high,p:med t:high,p:med t:high,p:med t:high,p:med t:high,p:med t:high,p:med t:high,p:med t:high,p:med t:high,p:low t:high,p:low t:high,p:low t:high,p:low t:high,p:low t:high,p:low t:high,p:low t:high,p:low t:high,p:low t:high,p:low t:high,p:low t:high,p:low t:high,p:low t:high,p:low t:high,p:low t:high,p:low t:high,p:low t:high,p:low t:high,p:low t:high",Nominal
"p:low t:low,p:low t:low,p:low t:low,p:low t:low,p:low t:low,p:low t:low,p:low t:low,p:low t:low,p:low t:low,p:low t:low,p:low t:low,p:low t:low,p:low t:low,p:low t:low,p:low t:low,p:low t:low,p:low t:low,p:low t:low,p:low t:low,p:low t:low,p:low t:low,p:med t:low,p:med t:low,p:med t:low,p:med t:low,p:med t:low,p:med t:low,p:med t:low,p:med t:low,p:med t:low,p:med t:low,p:med t:low,p:med t:low,p:med t:low,p:med t:low,p:low t:low,p:low t:low,p:low t:low,p:low t:low,p:low t:low,p:low t:low,p:low t:low,p:low t:low,p:low t:low,p:low t:low,p:low t:low,p:low t:low,p:low t:low,p:low t:low,p:low t:low,p:low t:low,p:low t:low,p:low t:low,p:low t:low,p:low t:low,p:low t:low,p:low t:low,p:low t:low,p:low t:low,p:low t:low,p:low t:low,p:low t:low,p:low t:low,p:low t:low,p:low t:low,p:low t:low,p:low t:low,p:low t:low,p:low t:low,p:low t:low,p:low t:low,p:low t:low,p:med t:high,p:med t:high,p:med t:high,p:med t:high,p:med t:high,p:med t:high,p:med t:high,p:med t:high,p:med t:high,p:med t:high,p:med t:high,p:med t:high,p:med t:high,p:med t:high,p:med t:high,p:low t:high,p:low t:high,p:low t:high,p:low t:high,p:low t:high,p:low t:high,p:low t:high,p:low t:high,p:low t:high,p:low t:high,p:low t:high,p:low t:high,p:low t:high,p:low t:high,p:low t:high,p:low t:high,p:low t:high,p:low t:high,p:low t:high,p:low t:high,p:low t:high,p:low t:high,p:med t:high,p:med t:high,p:med t:high,p:med t:high,p:med t:high,p:med t:high,p:med t:high,p:med t:high,p:med t:high,p:med t:high,p:med t:high,p:med t:high,p:med t:high,p:med t:high,p:med t:high,p:low t:high,p:low t:high,p:low t:high,p:low t:high,p:low t:high,p:low t:high,p:low t:high,p:low t:high,p:low t:high,p:low t:high,p:low t:high,p:low t:high,p:low t:high,p:low t:high,p:low t:high,p:low t:high,p:low t:high,p:low t:high,p:low t:high,p:low t:high",Nominal
"p:low t:low,p:low t:low,p:low t:low,p:low t:low,p:low t:low,p:low t:low,p:low t:low,p:low t:low,p:low t:low,p:low t:low,p:low t:low,p:low t:low,p:low t:low,p:low t:low,p:low t:low,p:low t:low,p:low t:low,p:low t:low,p:low t:low,p:low t:low,p:low t:low,p:med t:low,p:med t:low,p:med t:low,p:med t:low,p:med t:low,p:med t:low,p:med t:low,p:med t:low,p:med t:low,p:med t:low,p:med t:low,p:med t:low,p:med t:low,p:med t:low,p:low t:low,p:low t:low,p:low t:low,p:low t:low,p:low t:low,p:low t:low,p:low t:low,p:low t:low,p:low t:low,p:low t:low,p:low t:low,p:low t:low,p:low t:low,p:low t:low,p:low t:low,p:low t:low,p:low t:low,p:low t:low,p:low t:low,p:low t:low,p:low t:low,p:low t:low,p:low t:low,p:low t:low,p:low t:low,p:low t:low,p:low t:low,p:low t:low,p:low t:low,p:low t:low,p:low t:low,p:low t:low,p:low t:low,p:low t:low,p:low t:low,p:low t:low,p:low t:low,p:med t:high,p:med t:high,p:med t:high,p:med t:high,p:med t:high,p:med t:high,p:med t:high,p:med t:high,p:med t:high,p:med t:high,p:med t:high,p:med t:high,p:med t:high,p:med t:high,p:med t:high,p:low t:high,p:low t:high,p:low t:high,p:low t:high,p:low t:high,p:low t:high,p:low t:high,p:low t:high,p:low t:high,p:low t:high,p:low t:high,p:low t:high,p:low t:high,p:low t:high,p:low t:high,p:low t:high,p:low t:high,p:low t:high,p:low t:high,p:low t:high,p:low t:high,p:low t:high,p:med t:high,p:med t:high,p:med t:high,p:med t:high,p:med t:high,p:med t:high,p:med t:high,p:med t:high,p:med t:high,p:med t:high,p:med t:high,p:med t:high,p:med t:high,p:med t:high,p:med t:high,p:low t:high,p:low t:high,p:low t:high,p:low t:high,p:low t:high,p:low t:high,p:low t:high,p:low t:high,p:low t:high,p:low t:high,p:low t:high,p:low t:high,p:low t:high,p:low t:high,p:low t:high,p:low t:high,p:low t:high,p:low t:high,p:low t:high,p:low t:high,p:low t:high",Nominal
"p:low t:low,p:low t:low,p:low t:low,p:low t:low,p:low t:low,p:low t:low,p:low t:low,p:low t:low,p:low t:low,p:low t:low,p:low t:low,p:low t:low,p:low t:low,p:low t:low,p:low t:low,p:low t:low,p:low t:low,p:low t:low,p:low t:low,p:low t:low,p:low t:low,p:med t:low,p:med t:low,p:med t:low,p:med t:low,p:med t:low,p:med t:low,p:med t:low,p:med t:low,p:med t:low,p:med t:low,p:med t:low,p:med t:low,p:med t:low,p:med t:low,p:low t:low,p:low t:low,p:low t:low,p:low t:low,p:low t:low,p:low t:low,p:low t:low,p:low t:low,p:low t:low,p:low t:low,p:low t:low,p:low t:low,p:low t:low,p:low t:low,p:low t:low,p:low t:low,p:low t:low,p:low t:low,p:low t:low,p:low t:low,p:low t:low,p:low t:low,p:low t:low,p:low t:low,p:low t:low,p:low t:low,p:low t:low,p:low t:low,p:low t:low,p:low t:low,p:low t:low,p:low t:low,p:low t:low,p:low t:low,p:low t:low,p:low t:low,p:low t:low,p:med t:high,p:med t:high,p:med t:high,p:med t:high,p:med t:high,p:med t:high,p:med t:high,p:med t:high,p:med t:high,p:med t:high,p:med t:high,p:med t:high,p:med t:high,p:med t:high,p:med t:high,p:low t:high,p:low t:high,p:low t:high,p:low t:high,p:low t:high,p:low t:high,p:low t:high,p:low t:high,p:low t:high,p:low t:high,p:low t:high,p:low t:high,p:low t:high,p:low t:high,p:low t:high,p:low t:high,p:low t:high,p:low t:high,p:low t:high,p:low t:high,p:low t:high,p:low t:high,p:med t:high,p:med t:high,p:med t:high,p:med t:high,p:med t:high,p:med t:high,p:med t:high,p:med t:high,p:med t:high,p:med t:high,p:med t:high,p:med t:high,p:med t:high,p:med t:high,p:med t:high,p:low t:high,p:low t:high,p:low t:high,p:low t:high,p:low t:high,p:low t:high,p:low t:high,p:low t:high,p:low t:high,p:low t:high,p:low t:high,p:low t:high,p:low t:high,p:low t:high,p:low t:high,p:low t:high,p:low t:high,p:low t:high,p:low t:high,p:low t:high,p:low t:high,p:low t:high",Nominal
"p:low t:low,p:low t:low,p:low t:low,p:low t:low,p:low t:low,p:low t:low,p:low t:low,p:low t:low,p:low t:low,p:low t:low,p:low t:low,p:low t:low,p:low t:low,p:low t:low,p:low t:low,p:low t:low,p:low t:low,p:low t:low,p:low t:low,p:low t:low,p:low t:low,p:med t:low,p:med t:low,p:med t:low,p:med t:low,p:med t:low,p:med t:low,p:med t:low,p:med t:low,p:med t:low,p:med t:low,p:med t:low,p:med t:low,p:med t:low,p:med t:low,p:low t:low,p:low t:low,p:low t:low,p:low t:low,p:low t:low,p:low t:low,p:low t:low,p:low t:low,p:low t:low,p:low t:low,p:low t:low,p:low t:low,p:low t:low,p:low t:low,p:low t:low,p:low t:low,p:low t:low,p:low t:low,p:low t:low,p:low t:low,p:low t:low,p:low t:low,p:low t:low,p:low t:low,p:low t:low,p:low t:low,p:low t:low,p:low t:low,p:low t:low,p:low t:low,p:low t:low,p:low t:low,p:low t:low,p:low t:low,p:low t:low,p:low t:low,p:low t:low,p:med t:high,p:med t:high,p:med t:high,p:med t:high,p:med t:high,p:med t:high,p:med t:high,p:med t:high,p:med t:high,p:med t:high,p:med t:high,p:med t:high,p:med t:high,p:med t:high,p:med t:high,p:low t:high,p:low t:high,p:low t:high,p:low t:high,p:low t:high,p:low t:high,p:low t:high,p:low t:high,p:low t:high,p:low t:high,p:low t:high,p:low t:high,p:low t:high,p:low t:high,p:low t:high,p:low t:high,p:low t:high,p:low t:high,p:low t:high,p:low t:high,p:low t:high,p:low t:high,p:med t:high,p:med t:high,p:med t:high,p:med t:high,p:med t:high,p:med t:high,p:med t:high,p:med t:high,p:med t:high,p:med t:high,p:med t:high,p:med t:high,p:med t:high,p:med t:high,p:med t:high,p:low t:high,p:low t:high,p:low t:high,p:low t:high,p:low t:high,p:low t:high,p:low t:high,p:low t:high,p:low t:high,p:low t:high,p:low t:high,p:low t:high,p:low t:high,p:low t:high,p:low t:high,p:low t:high,p:low t:high,p:low t:high,p:low t:high,p:low t:high,p:low t:high,p:low t:high,p:low t:high",Nominal
"p:low t:low,p:low t:low,p:low t:low,p:low t:low,p:low t:low,p:low t:low,p:low t:low,p:low t:low,p:low t:low,p:low t:low,p:low t:low,p:low t:low,p:low t:low,p:low t:low,p:low t:low,p:low t:low,p:low t:low,p:low t:low,p:low t:low,p:low t:low,p:low t:low,p:med t:low,p:med t:low,p:med t:low,p:med t:low,p:med t:low,p:med t:low,p:med t:low,p:med t:low,p:med t:low,p:med t:low,p:med t:low,p:med t:low,p:med t:low,p:med t:low,p:low t:low,p:low t:low,p:low t:low,p:low t:low,p:low t:low,p:low t:low,p:low t:low,p:low t:low,p:low t:low,p:low t:low,p:low t:low,p:low t:low,p:low t:low,p:low t:low,p:low t:low,p:low t:low,p:low t:low,p:low t:low,p:low t:low,p:low t:low,p:low t:low,p:low t:low,p:low t:low,p:low t:low,p:low t:low,p:low t:low,p:low t:low,p:low t:low,p:low t:low,p:low t:low,p:low t:low,p:low t:low,p:low t:low,p:low t:low,p:low t:low,p:low t:low,p:low t:low,p:med t:high,p:med t:high,p:med t:high,p:med t:high,p:med t:high,p:med t:high,p:med t:high,p:med t:high,p:med t:high,p:med t:high,p:med t:high,p:med t:high,p:med t:high,p:med t:high,p:med t:high,p:low t:high,p:low t:high,p:low t:high,p:low t:high,p:low t:high,p:low t:high,p:low t:high,p:low t:high,p:low t:high,p:low t:high,p:low t:high,p:low t:high,p:low t:high,p:low t:high,p:low t:high,p:low t:high,p:low t:high,p:low t:high,p:low t:high,p:low t:high,p:low t:high,p:low t:high,p:med t:high,p:med t:high,p:med t:high,p:med t:high,p:med t:high,p:med t:high,p:med t:high,p:med t:high,p:med t:high,p:med t:high,p:med t:high,p:med t:high,p:med t:high,p:med t:high,p:med t:high,p:low t:high,p:low t:high,p:low t:high,p:low t:high,p:low t:high,p:low t:high,p:low t:high,p:low t:high,p:low t:high,p:low t:high,p:low t:high,p:low t:high,p:low t:high,p:low t:high,p:low t:high,p:low t:high,p:low t:high,p:low t:high,p:low t:high,p:low t:high,p:low t:high,p:low t:high,p:low t:high,p:med t:high",Nominal
"p:low t:low,p:low t:low,p:low t:low,p:low t:low,p:low t:low,p:low t:low,p:low t:low,p:low t:low,p:low t:low,p:low t:low,p:low t:low,p:low t:low,p:low t:low,p:low t:low,p:low t:low,p:low t:low,p:low t:low,p:low t:low,p:low t:low,p:low t:low,p:low t:low,p:med t:low,p:med t:low,p:med t:low,p:med t:low,p:med t:low,p:med t:low,p:med t:low,p:med t:low,p:med t:low,p:med t:low,p:med t:low,p:med t:low,p:med t:low,p:med t:low,p:low t:low,p:low t:low,p:low t:low,p:low t:low,p:low t:low,p:low t:low,p:low t:low,p:low t:low,p:low t:low,p:low t:low,p:low t:low,p:low t:low,p:low t:low,p:low t:low,p:low t:low,p:low t:low,p:low t:low,p:low t:low,p:low t:low,p:low t:low,p:low t:low,p:low t:low,p:low t:low,p:low t:low,p:low t:low,p:low t:low,p:low t:low,p:low t:low,p:low t:low,p:low t:low,p:low t:low,p:low t:low,p:low t:low,p:low t:low,p:low t:low,p:low t:low,p:low t:low,p:med t:high,p:med t:high,p:med t:high,p:med t:high,p:med t:high,p:med t:high,p:med t:high,p:med t:high,p:med t:high,p:med t:high,p:med t:high,p:med t:high,p:med t:high,p:med t:high,p:med t:high,p:low t:high,p:low t:high,p:low t:high,p:low t:high,p:low t:high,p:low t:high,p:low t:high,p:low t:high,p:low t:high,p:low t:high,p:low t:high,p:low t:high,p:low t:high,p:low t:high,p:low t:high,p:low t:high,p:low t:high,p:low t:high,p:low t:high,p:low t:high,p:low t:high,p:low t:high,p:med t:high,p:med t:high,p:med t:high,p:med t:high,p:med t:high,p:med t:high,p:med t:high,p:med t:high,p:med t:high,p:med t:high,p:med t:high,p:med t:high,p:med t:high,p:med t:high,p:med t:high,p:low t:high,p:low t:high,p:low t:high,p:low t:high,p:low t:high,p:low t:high,p:low t:high,p:low t:high,p:low t:high,p:low t:high,p:low t:high,p:low t:high,p:low t:high,p:low t:high,p:low t:high,p:low t:high,p:low t:high,p:low t:high,p:low t:high,p:low t:high,p:low t:high,p:low t:high,p:low t:high,p:med t:high,p:med t:high",Nominal
"p:low t:low,p:low t:low,p:low t:low,p:low t:low,p:low t:low,p:low t:low,p:low t:low,p:low t:low,p:low t:low,p:low t:low,p:low t:low,p:low t:low,p:low t:low,p:low t:low,p:low t:low,p:low t:low,p:low t:low,p:low t:low,p:low t:low,p:low t:low,p:low t:low,p:med t:low,p:med t:low,p:med t:low,p:med t:low,p:med t:low,p:med t:low,p:med t:low,p:med t:low,p:med t:low,p:med t:low,p:med t:low,p:med t:low,p:med t:low,p:med t:low,p:low t:low,p:low t:low,p:low t:low,p:low t:low,p:low t:low,p:low t:low,p:low t:low,p:low t:low,p:low t:low,p:low t:low,p:low t:low,p:low t:low,p:low t:low,p:low t:low,p:low t:low,p:low t:low,p:low t:low,p:low t:low,p:low t:low,p:low t:low,p:low t:low,p:low t:low,p:low t:low,p:low t:low,p:low t:low,p:low t:low,p:low t:low,p:low t:low,p:low t:low,p:low t:low,p:low t:low,p:low t:low,p:low t:low,p:low t:low,p:low t:low,p:low t:low,p:low t:low,p:med t:high,p:med t:high,p:med t:high,p:med t:high,p:med t:high,p:med t:high,p:med t:high,p:med t:high,p:med t:high,p:med t:high,p:med t:high,p:med t:high,p:med t:high,p:med t:high,p:med t:high,p:low t:high,p:low t:high,p:low t:high,p:low t:high,p:low t:high,p:low t:high,p:low t:high,p:low t:high,p:low t:high,p:low t:high,p:low t:high,p:low t:high,p:low t:high,p:low t:high,p:low t:high,p:low t:high,p:low t:high,p:low t:high,p:low t:high,p:low t:high,p:low t:high,p:low t:high,p:med t:high,p:med t:high,p:med t:high,p:med t:high,p:med t:high,p:med t:high,p:med t:high,p:med t:high,p:med t:high,p:med t:high,p:med t:high,p:med t:high,p:med t:high,p:med t:high,p:med t:high,p:low t:high,p:low t:high,p:low t:high,p:low t:high,p:low t:high,p:low t:high,p:low t:high,p:low t:high,p:low t:high,p:low t:high,p:low t:high,p:low t:high,p:low t:high,p:low t:high,p:low t:high,p:low t:high,p:low t:high,p:low t:high,p:low t:high,p:low t:high,p:low t:high,p:low t:high,p:low t:high,p:med t:high,p:med t:high,p:med t:high",Nominal
"p:low t:low,p:low t:low,p:low t:low,p:low t:low,p:low t:low,p:low t:low,p:low t:low,p:low t:low,p:low t:low,p:low t:low,p:low t:low,p:low t:low,p:low t:low,p:low t:low,p:low t:low,p:low t:low,p:low t:low,p:low t:low,p:low t:low,p:low t:low,p:low t:low,p:med t:low,p:med t:low,p:med t:low,p:med t:low,p:med t:low,p:med t:low,p:med t:low,p:med t:low,p:med t:low,p:med t:low,p:med t:low,p:med t:low,p:med t:low,p:med t:low,p:low t:low,p:low t:low,p:low t:low,p:low t:low,p:low t:low,p:low t:low,p:low t:low,p:low t:low,p:low t:low,p:low t:low,p:low t:low,p:low t:low,p:low t:low,p:low t:low,p:low t:low,p:low t:low,p:low t:low,p:low t:low,p:low t:low,p:low t:low,p:low t:low,p:low t:low,p:low t:low,p:low t:low,p:low t:low,p:low t:low,p:low t:low,p:low t:low,p:low t:low,p:low t:low,p:low t:low,p:low t:low,p:low t:low,p:low t:low,p:low t:low,p:low t:low,p:low t:low,p:med t:high,p:med t:high,p:med t:high,p:med t:high,p:med t:high,p:med t:high,p:med t:high,p:med t:high,p:med t:high,p:med t:high,p:med t:high,p:med t:high,p:med t:high,p:med t:high,p:med t:high,p:low t:high,p:low t:high,p:low t:high,p:low t:high,p:low t:high,p:low t:high,p:low t:high,p:low t:high,p:low t:high,p:low t:high,p:low t:high,p:low t:high,p:low t:high,p:low t:high,p:low t:high,p:low t:high,p:low t:high,p:low t:high,p:low t:high,p:low t:high,p:low t:high,p:low t:high,p:med t:high,p:med t:high,p:med t:high,p:med t:high,p:med t:high,p:med t:high,p:med t:high,p:med t:high,p:med t:high,p:med t:high,p:med t:high,p:med t:high,p:med t:high,p:med t:high,p:med t:high,p:low t:high,p:low t:high,p:low t:high,p:low t:high,p:low t:high,p:low t:high,p:low t:high,p:low t:high,p:low t:high,p:low t:high,p:low t:high,p:low t:high,p:low t:high,p:low t:high,p:low t:high,p:low t:high,p:low t:high,p:low t:high,p:low t:high,p:low t:high,p:low t:high,p:low t:high,p:low t:high,p:med t:high,p:med t:high,p:med t:high,p:med t:high",Nominal
"p:low t:low,p:low t:low,p:low t:low,p:low t:low,p:low t:low,p:low t:low,p:low t:low,p:low t:low,p:low t:low,p:low t:low,p:low t:low,p:low t:low,p:low t:low,p:low t:low,p:low t:low,p:low t:low,p:low t:low,p:low t:low,p:low t:low,p:low t:low,p:low t:low,p:med t:low,p:med t:low,p:med t:low,p:med t:low,p:med t:low,p:med t:low,p:med t:low,p:med t:low,p:med t:low,p:med t:low,p:med t:low,p:med t:low,p:med t:low,p:med t:low,p:low t:low,p:low t:low,p:low t:low,p:low t:low,p:low t:low,p:low t:low,p:low t:low,p:low t:low,p:low t:low,p:low t:low,p:low t:low,p:low t:low,p:low t:low,p:low t:low,p:low t:low,p:low t:low,p:low t:low,p:low t:low,p:low t:low,p:low t:low,p:low t:low,p:low t:low,p:low t:low,p:low t:low,p:low t:low,p:low t:low,p:low t:low,p:low t:low,p:low t:low,p:low t:low,p:low t:low,p:low t:low,p:low t:low,p:low t:low,p:low t:low,p:low t:low,p:low t:low,p:med t:high,p:med t:high,p:med t:high,p:med t:high,p:med t:high,p:med t:high,p:med t:high,p:med t:high,p:med t:high,p:med t:high,p:med t:high,p:med t:high,p:med t:high,p:med t:high,p:med t:high,p:low t:high,p:low t:high,p:low t:high,p:low t:high,p:low t:high,p:low t:high,p:low t:high,p:low t:high,p:low t:high,p:low t:high,p:low t:high,p:low t:high,p:low t:high,p:low t:high,p:low t:high,p:low t:high,p:low t:high,p:low t:high,p:low t:high,p:low t:high,p:low t:high,p:low t:high,p:med t:high,p:med t:high,p:med t:high,p:med t:high,p:med t:high,p:med t:high,p:med t:high,p:med t:high,p:med t:high,p:med t:high,p:med t:high,p:med t:high,p:med t:high,p:med t:high,p:med t:high,p:low t:high,p:low t:high,p:low t:high,p:low t:high,p:low t:high,p:low t:high,p:low t:high,p:low t:high,p:low t:high,p:low t:high,p:low t:high,p:low t:high,p:low t:high,p:low t:high,p:low t:high,p:low t:high,p:low t:high,p:low t:high,p:low t:high,p:low t:high,p:low t:high,p:low t:high,p:low t:high,p:med t:high,p:med t:high,p:med t:high,p:med t:high,p:med t:high",Nominal
"p:low t:low,p:low t:low,p:low t:low,p:low t:low,p:low t:low,p:low t:low,p:low t:low,p:low t:low,p:low t:low,p:low t:low,p:low t:low,p:low t:low,p:low t:low,p:low t:low,p:low t:low,p:low t:low,p:low t:low,p:low t:low,p:low t:low,p:low t:low,p:low t:low,p:med t:low,p:med t:low,p:med t:low,p:med t:low,p:med t:low,p:med t:low,p:med t:low,p:med t:low,p:med t:low,p:med t:low,p:med t:low,p:med t:low,p:med t:low,p:med t:low,p:low t:low,p:low t:low,p:low t:low,p:low t:low,p:low t:low,p:low t:low,p:low t:low,p:low t:low,p:low t:low,p:low t:low,p:low t:low,p:low t:low,p:low t:low,p:low t:low,p:low t:low,p:low t:low,p:low t:low,p:low t:low,p:low t:low,p:low t:low,p:low t:low,p:low t:low,p:low t:low,p:low t:low,p:low t:low,p:low t:low,p:low t:low,p:low t:low,p:low t:low,p:low t:low,p:low t:low,p:low t:low,p:low t:low,p:low t:low,p:low t:low,p:low t:low,p:low t:low,p:med t:high,p:med t:high,p:med t:high,p:med t:high,p:med t:high,p:med t:high,p:med t:high,p:med t:high,p:med t:high,p:med t:high,p:med t:high,p:med t:high,p:med t:high,p:med t:high,p:med t:high,p:low t:high,p:low t:high,p:low t:high,p:low t:high,p:low t:high,p:low t:high,p:low t:high,p:low t:high,p:low t:high,p:low t:high,p:low t:high,p:low t:high,p:low t:high,p:low t:high,p:low t:high,p:low t:high,p:low t:high,p:low t:high,p:low t:high,p:low t:high,p:low t:high,p:low t:high,p:med t:high,p:med t:high,p:med t:high,p:med t:high,p:med t:high,p:med t:high,p:med t:high,p:med t:high,p:med t:high,p:med t:high,p:med t:high,p:med t:high,p:med t:high,p:med t:high,p:med t:high,p:low t:high,p:low t:high,p:low t:high,p:low t:high,p:low t:high,p:low t:high,p:low t:high,p:low t:high,p:low t:high,p:low t:high,p:low t:high,p:low t:high,p:low t:high,p:low t:high,p:low t:high,p:low t:high,p:low t:high,p:low t:high,p:low t:high,p:low t:high,p:low t:high,p:low t:high,p:low t:high,p:med t:high,p:med t:high,p:med t:high,p:med t:high,p:med t:high,p:med t:high",Nominal
"p:low t:low,p:low t:low,p:low t:low,p:low t:low,p:low t:low,p:low t:low,p:low t:low,p:low t:low,p:low t:low,p:low t:low,p:low t:low,p:low t:low,p:low t:low,p:low t:low,p:low t:low,p:low t:low,p:low t:low,p:low t:low,p:low t:low,p:low t:low,p:low t:low,p:med t:low,p:med t:low,p:med t:low,p:med t:low,p:med t:low,p:med t:low,p:med t:low,p:med t:low,p:med t:low,p:med t:low,p:med t:low,p:med t:low,p:med t:low,p:med t:low,p:low t:low,p:low t:low,p:low t:low,p:low t:low,p:low t:low,p:low t:low,p:low t:low,p:low t:low,p:low t:low,p:low t:low,p:low t:low,p:low t:low,p:low t:low,p:low t:low,p:low t:low,p:low t:low,p:low t:low,p:low t:low,p:low t:low,p:low t:low,p:low t:low,p:low t:low,p:low t:low,p:low t:low,p:low t:low,p:low t:low,p:low t:low,p:low t:low,p:low t:low,p:low t:low,p:low t:low,p:low t:low,p:low t:low,p:low t:low,p:low t:low,p:low t:low,p:low t:low,p:med t:high,p:med t:high,p:med t:high,p:med t:high,p:med t:high,p:med t:high,p:med t:high,p:med t:high,p:med t:high,p:med t:high,p:med t:high,p:med t:high,p:med t:high,p:med t:high,p:med t:high,p:low t:high,p:low t:high,p:low t:high,p:low t:high,p:low t:high,p:low t:high,p:low t:high,p:low t:high,p:low t:high,p:low t:high,p:low t:high,p:low t:high,p:low t:high,p:low t:high,p:low t:high,p:low t:high,p:low t:high,p:low t:high,p:low t:high,p:low t:high,p:low t:high,p:low t:high,p:med t:high,p:med t:high,p:med t:high,p:med t:high,p:med t:high,p:med t:high,p:med t:high,p:med t:high,p:med t:high,p:med t:high,p:med t:high,p:med t:high,p:med t:high,p:med t:high,p:med t:high,p:low t:high,p:low t:high,p:low t:high,p:low t:high,p:low t:high,p:low t:high,p:low t:high,p:low t:high,p:low t:high,p:low t:high,p:low t:high,p:low t:high,p:low t:high,p:low t:high,p:low t:high,p:low t:high,p:low t:high,p:low t:high,p:low t:high,p:low t:high,p:low t:high,p:low t:high,p:low t:high,p:med t:high,p:med t:high,p:med t:high,p:med t:high,p:med t:high,p:med t:high,p:med t:high",Nominal
"p:low t:low,p:low t:low,p:low t:low,p:low t:low,p:low t:low,p:low t:low,p:low t:low,p:low t:low,p:low t:low,p:low t:low,p:low t:low,p:low t:low,p:low t:low,p:low t:low,p:low t:low,p:low t:low,p:low t:low,p:low t:low,p:low t:low,p:low t:low,p:low t:low,p:med t:low,p:med t:low,p:med t:low,p:med t:low,p:med t:low,p:med t:low,p:med t:low,p:med t:low,p:med t:low,p:med t:low,p:med t:low,p:med t:low,p:med t:low,p:med t:low,p:low t:low,p:low t:low,p:low t:low,p:low t:low,p:low t:low,p:low t:low,p:low t:low,p:low t:low,p:low t:low,p:low t:low,p:low t:low,p:low t:low,p:low t:low,p:low t:low,p:low t:low,p:low t:low,p:low t:low,p:low t:low,p:low t:low,p:low t:low,p:low t:low,p:low t:low,p:low t:low,p:low t:low,p:low t:low,p:low t:low,p:low t:low,p:low t:low,p:low t:low,p:low t:low,p:low t:low,p:low t:low,p:low t:low,p:low t:low,p:low t:low,p:low t:low,p:low t:low,p:med t:high,p:med t:high,p:med t:high,p:med t:high,p:med t:high,p:med t:high,p:med t:high,p:med t:high,p:med t:high,p:med t:high,p:med t:high,p:med t:high,p:med t:high,p:med t:high,p:med t:high,p:low t:high,p:low t:high,p:low t:high,p:low t:high,p:low t:high,p:low t:high,p:low t:high,p:low t:high,p:low t:high,p:low t:high,p:low t:high,p:low t:high,p:low t:high,p:low t:high,p:low t:high,p:low t:high,p:low t:high,p:low t:high,p:low t:high,p:low t:high,p:low t:high,p:low t:high,p:med t:high,p:med t:high,p:med t:high,p:med t:high,p:med t:high,p:med t:high,p:med t:high,p:med t:high,p:med t:high,p:med t:high,p:med t:high,p:med t:high,p:med t:high,p:med t:high,p:med t:high,p:low t:high,p:low t:high,p:low t:high,p:low t:high,p:low t:high,p:low t:high,p:low t:high,p:low t:high,p:low t:high,p:low t:high,p:low t:high,p:low t:high,p:low t:high,p:low t:high,p:low t:high,p:low t:high,p:low t:high,p:low t:high,p:low t:high,p:low t:high,p:low t:high,p:low t:high,p:low t:high,p:med t:high,p:med t:high,p:med t:high,p:med t:high,p:med t:high,p:med t:high,p:med t:high,p:med t:high",Nominal
"p:low t:low,p:low t:low,p:low t:low,p:low t:low,p:low t:low,p:low t:low,p:low t:low,p:low t:low,p:low t:low,p:low t:low,p:low t:low,p:low t:low,p:low t:low,p:low t:low,p:low t:low,p:low t:low,p:low t:low,p:low t:low,p:low t:low,p:low t:low,p:low t:low,p:med t:low,p:med t:low,p:med t:low,p:med t:low,p:med t:low,p:med t:low,p:med t:low,p:med t:low,p:med t:low,p:med t:low,p:med t:low,p:med t:low,p:med t:low,p:med t:low,p:low t:low,p:low t:low,p:low t:low,p:low t:low,p:low t:low,p:low t:low,p:low t:low,p:low t:low,p:low t:low,p:low t:low,p:low t:low,p:low t:low,p:low t:low,p:low t:low,p:low t:low,p:low t:low,p:low t:low,p:low t:low,p:low t:low,p:low t:low,p:low t:low,p:low t:low,p:low t:low,p:low t:low,p:low t:low,p:low t:low,p:low t:low,p:low t:low,p:low t:low,p:low t:low,p:low t:low,p:low t:low,p:low t:low,p:low t:low,p:low t:low,p:low t:low,p:low t:low,p:med t:high,p:med t:high,p:med t:high,p:med t:high,p:med t:high,p:med t:high,p:med t:high,p:med t:high,p:med t:high,p:med t:high,p:med t:high,p:med t:high,p:med t:high,p:med t:high,p:med t:high,p:low t:high,p:low t:high,p:low t:high,p:low t:high,p:low t:high,p:low t:high,p:low t:high,p:low t:high,p:low t:high,p:low t:high,p:low t:high,p:low t:high,p:low t:high,p:low t:high,p:low t:high,p:low t:high,p:low t:high,p:low t:high,p:low t:high,p:low t:high,p:low t:high,p:low t:high,p:med t:high,p:med t:high,p:med t:high,p:med t:high,p:med t:high,p:med t:high,p:med t:high,p:med t:high,p:med t:high,p:med t:high,p:med t:high,p:med t:high,p:med t:high,p:med t:high,p:med t:high,p:low t:high,p:low t:high,p:low t:high,p:low t:high,p:low t:high,p:low t:high,p:low t:high,p:low t:high,p:low t:high,p:low t:high,p:low t:high,p:low t:high,p:low t:high,p:low t:high,p:low t:high,p:low t:high,p:low t:high,p:low t:high,p:low t:high,p:low t:high,p:low t:high,p:low t:high,p:low t:high,p:med t:high,p:med t:high,p:med t:high,p:med t:high,p:med t:high,p:med t:high,p:med t:high,p:med t:high,p:med t:high",Caution
"p:low t:low,p:low t:low,p:low t:low,p:low t:low,p:low t:low,p:low t:low,p:low t:low,p:low t:low,p:low t:low,p:low t:low,p:low t:low,p:low t:low,p:low t:low,p:low t:low,p:low t:low,p:low t:low,p:low t:low,p:low t:low,p:low t:low,p:low t:low,p:low t:low,p:med t:low,p:med t:low,p:med t:low,p:med t:low,p:med t:low,p:med t:low,p:med t:low,p:med t:low,p:med t:low,p:med t:low,p:med t:low,p:med t:low,p:med t:low,p:med t:low,p:low t:low,p:low t:low,p:low t:low,p:low t:low,p:low t:low,p:low t:low,p:low t:low,p:low t:low,p:low t:low,p:low t:low,p:low t:low,p:low t:low,p:low t:low,p:low t:low,p:low t:low,p:low t:low,p:low t:low,p:low t:low,p:low t:low,p:low t:low,p:low t:low,p:low t:low,p:low t:low,p:low t:low,p:low t:low,p:low t:low,p:low t:low,p:low t:low,p:low t:low,p:low t:low,p:low t:low,p:low t:low,p:low t:low,p:low t:low,p:low t:low,p:low t:low,p:low t:low,p:med t:high,p:med t:high,p:med t:high,p:med t:high,p:med t:high,p:med t:high,p:med t:high,p:med t:high,p:med t:high,p:med t:high,p:med t:high,p:med t:high,p:med t:high,p:med t:high,p:med t:high,p:low t:high,p:low t:high,p:low t:high,p:low t:high,p:low t:high,p:low t:high,p:low t:high,p:low t:high,p:low t:high,p:low t:high,p:low t:high,p:low t:high,p:low t:high,p:low t:high,p:low t:high,p:low t:high,p:low t:high,p:low t:high,p:low t:high,p:low t:high,p:low t:high,p:low t:high,p:med t:high,p:med t:high,p:med t:high,p:med t:high,p:med t:high,p:med t:high,p:med t:high,p:med t:high,p:med t:high,p:med t:high,p:med t:high,p:med t:high,p:med t:high,p:med t:high,p:med t:high,p:low t:high,p:low t:high,p:low t:high,p:low t:high,p:low t:high,p:low t:high,p:low t:high,p:low t:high,p:low t:high,p:low t:high,p:low t:high,p:low t:high,p:low t:high,p:low t:high,p:low t:high,p:low t:high,p:low t:high,p:low t:high,p:low t:high,p:low t:high,p:low t:high,p:low t:high,p:low t:high,p:med t:high,p:med t:high,p:med t:high,p:med t:high,p:med t:high,p:med t:high,p:med t:high,p:med t:high,p:med t:high,p:med t:high",Caution
"p:low t:low,p:low t:low,p:low t:low,p:low t:low,p:low t:low,p:low t:low,p:low t:low,p:low t:low,p:low t:low,p:low t:low,p:low t:low,p:low t:low,p:low t:low,p:low t:low,p:low t:low,p:low t:low,p:low t:low,p:low t:low,p:low t:low,p:low t:low,p:low t:low,p:med t:low,p:med t:low,p:med t:low,p:med t:low,p:med t:low,p:med t:low,p:med t:low,p:med t:low,p:med t:low,p:med t:low,p:med t:low,p:med t:low,p:med t:low,p:med t:low,p:low t:low,p:low t:low,p:low t:low,p:low t:low,p:low t:low,p:low t:low,p:low t:low,p:low t:low,p:low t:low,p:low t:low,p:low t:low,p:low t:low,p:low t:low,p:low t:low,p:low t:low,p:low t:low,p:low t:low,p:low t:low,p:low t:low,p:low t:low,p:low t:low,p:low t:low,p:low t:low,p:low t:low,p:low t:low,p:low t:low,p:low t:low,p:low t:low,p:low t:low,p:low t:low,p:low t:low,p:low t:low,p:low t:low,p:low t:low,p:low t:low,p:low t:low,p:low t:low,p:med t:high,p:med t:high,p:med t:high,p:med t:high,p:med t:high,p:med t:high,p:med t:high,p:med t:high,p:med t:high,p:med t:high,p:med t:high,p:med t:high,p:med t:high,p:med t:high,p:med t:high,p:low t:high,p:low t:high,p:low t:high,p:low t:high,p:low t:high,p:low t:high,p:low t:high,p:low t:high,p:low t:high,p:low t:high,p:low t:high,p:low t:high,p:low t:high,p:low t:high,p:low t:high,p:low t:high,p:low t:high,p:low t:high,p:low t:high,p:low t:high,p:low t:high,p:low t:high,p:med t:high,p:med t:high,p:med t:high,p:med t:high,p:med t:high,p:med t:high,p:med t:high,p:med t:high,p:med t:high,p:med t:high,p:med t:high,p:med t:high,p:med t:high,p:med t:high,p:med t:high,p:low t:high,p:low t:high,p:low t:high,p:low t:high,p:low t:high,p:low t:high,p:low t:high,p:low t:high,p:low t:high,p:low t:high,p:low t:high,p:low t:high,p:low t:high,p:low t:high,p:low t:high,p:low t:high,p:low t:high,p:low t:high,p:low t:high,p:low t:high,p:low t:high,p:low t:high,p:low t:high,p:med t:high,p:med t:high,p:med t:high,p:med t:high,p:med t:high,p:med t:high,p:med t:high,p:med t:high,p:med t:high,p:med t:high,p:med t:high",Caution
"p:low t:low,p:low t:low,p:low t:low,p:low t:low,p:low t:low,p:low t:low,p:low t:low,p:low t:low,p:low t:low,p:low t:low,p:low t:low,p:low t:low,p:low t:low,p:low t:low,p:low t:low,p:low t:low,p:low t:low,p:low t:low,p:low t:low,p:low t:low,p:low t:low,p:med t:low,p:med t:low,p:med t:low,p:med t:low,p:med t:low,p:med t:low,p:med t:low,p:med t:low,p:med t:low,p:med t:low,p:med t:low,p:med t:low,p:med t:low,p:med t:low,p:low t:low,p:low t:low,p:low t:low,p:low t:low,p:low t:low,p:low t:low,p:low t:low,p:low t:low,p:low t:low,p:low t:low,p:low t:low,p:low t:low,p:low t:low,p:low t:low,p:low t:low,p:low t:low,p:low t:low,p:low t:low,p:low t:low,p:low t:low,p:low t:low,p:low t:low,p:low t:low,p:low t:low,p:low t:low,p:low t:low,p:low t:low,p:low t:low,p:low t:low,p:low t:low,p:low t:low,p:low t:low,p:low t:low,p:low t:low,p:low t:low,p:low t:low,p:low t:low,p:med t:high,p:med t:high,p:med t:high,p:med t:high,p:med t:high,p:med t:high,p:med t:high,p:med t:high,p:med t:high,p:med t:high,p:med t:high,p:med t:high,p:med t:high,p:med t:high,p:med t:high,p:low t:high,p:low t:high,p:low t:high,p:low t:high,p:low t:high,p:low t:high,p:low t:high,p:low t:high,p:low t:high,p:low t:high,p:low t:high,p:low t:high,p:low t:high,p:low t:high,p:low t:high,p:low t:high,p:low t:high,p:low t:high,p:low t:high,p:low t:high,p:low t:high,p:low t:high,p:med t:high,p:med t:high,p:med t:high,p:med t:high,p:med t:high,p:med t:high,p:med t:high,p:med t:high,p:med t:high,p:med t:high,p:med t:high,p:med t:high,p:med t:high,p:med t:high,p:med t:high,p:low t:high,p:low t:high,p:low t:high,p:low t:high,p:low t:high,p:low t:high,p:low t:high,p:low t:high,p:low t:high,p:low t:high,p:low t:high,p:low t:high,p:low t:high,p:low t:high,p:low t:high,p:low t:high,p:low t:high,p:low t:high,p:low t:high,p:low t:high,p:low t:high,p:low t:high,p:low t:high,p:med t:high,p:med t:high,p:med t:high,p:med t:high,p:med t:high,p:med t:high,p:med t:high,p:med t:high,p:med t:high,p:med t:high,p:med t:high,p:med t:high",Caution
"p:low t:low,p:low t:low,p:low t:low,p:low t:low,p:low t:low,p:low t:low,p:low t:low,p:low t:low,p:low t:low,p:low t:low,p:low t:low,p:low t:low,p:low t:low,p:low t:low,p:low t:low,p:low t:low,p:low t:low,p:low t:low,p:low t:low,p:low t:low,p:low t:low,p:med t:low,p:med t:low,p:med t:low,p:med t:low,p:med t:low,p:med t:low,p:med t:low,p:med t:low,p:med t:low,p:med t:low,p:med t:low,p:med t:low,p:med t:low,p:med t:low,p:low t:low,p:low t:low,p:low t:low,p:low t:low,p:low t:low,p:low t:low,p:low t:low,p:low t:low,p:low t:low,p:low t:low,p:low t:low,p:low t:low,p:low t:low,p:low t:low,p:low t:low,p:low t:low,p:low t:low,p:low t:low,p:low t:low,p:low t:low,p:low t:low,p:low t:low,p:low t:low,p:low t:low,p:low t:low,p:low t:low,p:low t:low,p:low t:low,p:low t:low,p:low t:low,p:low t:low,p:low t:low,p:low t:low,p:low t:low,p:low t:low,p:low t:low,p:low t:low,p:med t:high,p:med t:high,p:med t:high,p:med t:high,p:med t:high,p:med t:high,p:med t:high,p:med t:high,p:med t:high,p:med t:high,p:med t:high,p:med t:high,p:med t:high,p:med t:high,p:med t:high,p:low t:high,p:low t:high,p:low t:high,p:low t:high,p:low t:high,p:low t:high,p:low t:high,p:low t:high,p:low t:high,p:low t:high,p:low t:high,p:low t:high,p:low t:high,p:low t:high,p:low t:high,p:low t:high,p:low t:high,p:low t:high,p:low t:high,p:low t:high,p:low t:high,p:low t:high,p:med t:high,p:med t:high,p:med t:high,p:med t:high,p:med t:high,p:med t:high,p:med t:high,p:med t:high,p:med t:high,p:med t:high,p:med t:high,p:med t:high,p:med t:high,p:med t:high,p:med t:high,p:low t:high,p:low t:high,p:low t:high,p:low t:high,p:low t:high,p:low t:high,p:low t:high,p:low t:high,p:low t:high,p:low t:high,p:low t:high,p:low t:high,p:low t:high,p:low t:high,p:low t:high,p:low t:high,p:low t:high,p:low t:high,p:low t:high,p:low t:high,p:low t:high,p:low t:high,p:low t:high,p:med t:high,p:med t:high,p:med t:high,p:med t:high,p:med t:high,p:med t:high,p:med t:high,p:med t:high,p:med t:high,p:med t:high,p:med t:high,p:med t:high,p:med t:high",Caution
"p:low t:low,p:low t:low,p:low t:low,p:low t:low,p:low t:low,p:low t:low,p:low t:low,p:low t:low,p:low t:low,p:low t:low,p:low t:low,p:low t:low,p:low t:low,p:low t:low,p:low t:low,p:low t:low,p:low t:low,p:low t:low,p:low t:low,p:low t:low,p:low t:low,p:med t:low,p:med t:low,p:med t:low,p:med t:low,p:med t:low,p:med t:low,p:med t:low,p:med t:low,p:med t:low,p:med t:low,p:med t:low,p:med t:low,p:med t:low,p:med t:low,p:low t:low,p:low t:low,p:low t:low,p:low t:low,p:low t:low,p:low t:low,p:low t:low,p:low t:low,p:low t:low,p:low t:low,p:low t:low,p:low t:low,p:low t:low,p:low t:low,p:low t:low,p:low t:low,p:low t:low,p:low t:low,p:low t:low,p:low t:low,p:low t:low,p:low t:low,p:low t:low,p:low t:low,p:low t:low,p:low t:low,p:low t:low,p:low t:low,p:low t:low,p:low t:low,p:low t:low,p:low t:low,p:low t:low,p:low t:low,p:low t:low,p:low t:low,p:low t:low,p:med t:high,p:med t:high,p:med t:high,p:med t:high,p:med t:high,p:med t:high,p:med t:high,p:med t:high,p:med t:high,p:med t:high,p:med t:high,p:med t:high,p:med t:high,p:med t:high,p:med t:high,p:low t:high,p:low t:high,p:low t:high,p:low t:high,p:low t:high,p:low t:high,p:low t:high,p:low t:high,p:low t:high,p:low t:high,p:low t:high,p:low t:high,p:low t:high,p:low t:high,p:low t:high,p:low t:high,p:low t:high,p:low t:high,p:low t:high,p:low t:high,p:low t:high,p:low t:high,p:med t:high,p:med t:high,p:med t:high,p:med t:high,p:med t:high,p:med t:high,p:med t:high,p:med t:high,p:med t:high,p:med t:high,p:med t:high,p:med t:high,p:med t:high,p:med t:high,p:med t:high,p:low t:high,p:low t:high,p:low t:high,p:low t:high,p:low t:high,p:low t:high,p:low t:high,p:low t:high,p:low t:high,p:low t:high,p:low t:high,p:low t:high,p:low t:high,p:low t:high,p:low t:high,p:low t:high,p:low t:high,p:low t:high,p:low t:high,p:low t:high,p:low t:high,p:low t:high,p:low t:high,p:med t:high,p:med t:high,p:med t:high,p:med t:high,p:med t:high,p:med t:high,p:med t:high,p:med t:high,p:med t:high,p:med t:high,p:med t:high,p:med t:high,p:med t:high,p:med t:high",Caution
"p:low t:low,p:low t:low,p:low t:low,p:low t:low,p:low t:low,p:low t:low,p:low t:low,p:low t:low,p:low t:low,p:low t:low,p:low t:low,p:low t:low,p:low t:low,p:low t:low,p:low t:low,p:low t:low,p:low t:low,p:low t:low,p:low t:low,p:low t:low,p:low t:low,p:med t:low,p:med t:low,p:med t:low,p:med t:low,p:med t:low,p:med t:low,p:med t:low,p:med t:low,p:med t:low,p:med t:low,p:med t:low,p:med t:low,p:med t:low,p:med t:low,p:low t:low,p:low t:low,p:low t:low,p:low t:low,p:low t:low,p:low t:low,p:low t:low,p:low t:low,p:low t:low,p:low t:low,p:low t:low,p:low t:low,p:low t:low,p:low t:low,p:low t:low,p:low t:low,p:low t:low,p:low t:low,p:low t:low,p:low t:low,p:low t:low,p:low t:low,p:low t:low,p:low t:low,p:low t:low,p:low t:low,p:low t:low,p:low t:low,p:low t:low,p:low t:low,p:low t:low,p:low t:low,p:low t:low,p:low t:low,p:low t:low,p:low t:low,p:low t:low,p:med t:high,p:med t:high,p:med t:high,p:med t:high,p:med t:high,p:med t:high,p:med t:high,p:med t:high,p:med t:high,p:med t:high,p:med t:high,p:med t:high,p:med t:high,p:med t:high,p:med t:high,p:low t:high,p:low t:high,p:low t:high,p:low t:high,p:low t:high,p:low t:high,p:low t:high,p:low t:high,p:low t:high,p:low t:high,p:low t:high,p:low t:high,p:low t:high,p:low t:high,p:low t:high,p:low t:high,p:low t:high,p:low t:high,p:low t:high,p:low t:high,p:low t:high,p:low t:high,p:med t:high,p:med t:high,p:med t:high,p:med t:high,p:med t:high,p:med t:high,p:med t:high,p:med t:high,p:med t:high,p:med t:high,p:med t:high,p:med t:high,p:med t:high,p:med t:high,p:med t:high,p:low t:high,p:low t:high,p:low t:high,p:low t:high,p:low t:high,p:low t:high,p:low t:high,p:low t:high,p:low t:high,p:low t:high,p:low t:high,p:low t:high,p:low t:high,p:low t:high,p:low t:high,p:low t:high,p:low t:high,p:low t:high,p:low t:high,p:low t:high,p:low t:high,p:low t:high,p:low t:high,p:med t:high,p:med t:high,p:med t:high,p:med t:high,p:med t:high,p:med t:high,p:med t:high,p:med t:high,p:med t:high,p:med t:high,p:med t:high,p:med t:high,p:med t:high,p:med t:high,p:med t:high",Caution
"p:low t:low,p:low t:low,p:low t:low,p:low t:low,p:low t:low,p:low t:low,p:low t:low,p:low t:low,p:low t:low,p:low t:low,p:low t:low,p:low t:low,p:low t:low,p:low t:low,p:low t:low,p:low t:low,p:low t:low,p:low t:low,p:low t:low,p:low t:low,p:low t:low,p:med t:low,p:med t:low,p:med t:low,p:med t:low,p:med t:low,p:med t:low,p:med t:low,p:med t:low,p:med t:low,p:med t:low,p:med t:low,p:med t:low,p:med t:low,p:med t:low,p:low t:low,p:low t:low,p:low t:low,p:low t:low,p:low t:low,p:low t:low,p:low t:low,p:low t:low,p:low t:low,p:low t:low,p:low t:low,p:low t:low,p:low t:low,p:low t:low,p:low t:low,p:low t:low,p:low t:low,p:low t:low,p:low t:low,p:low t:low,p:low t:low,p:low t:low,p:low t:low,p:low t:low,p:low t:low,p:low t:low,p:low t:low,p:low t:low,p:low t:low,p:low t:low,p:low t:low,p:low t:low,p:low t:low,p:low t:low,p:low t:low,p:low t:low,p:low t:low,p:med t:high,p:med t:high,p:med t:high,p:med t:high,p:med t:high,p:med t:high,p:med t:high,p:med t:high,p:med t:high,p:med t:high,p:med t:high,p:med t:high,p:med t:high,p:med t:high,p:med t:high,p:low t:high,p:low t:high,p:low t:high,p:low t:high,p:low t:high,p:low t:high,p:low t:high,p:low t:high,p:low t:high,p:low t:high,p:low t:high,p:low t:high,p:low t:high,p:low t:high,p:low t:high,p:low t:high,p:low t:high,p:low t:high,p:low t:high,p:low t:high,p:low t:high,p:low t:high,p:med t:high,p:med t:high,p:med t:high,p:med t:high,p:med t:high,p:med t:high,p:med t:high,p:med t:high,p:med t:high,p:med t:high,p:med t:high,p:med t:high,p:med t:high,p:med t:high,p:med t:high,p:low t:high,p:low t:high,p:low t:high,p:low t:high,p:low t:high,p:low t:high,p:low t:high,p:low t:high,p:low t:high,p:low t:high,p:low t:high,p:low t:high,p:low t:high,p:low t:high,p:low t:high,p:low t:high,p:low t:high,p:low t:high,p:low t:high,p:low t:high,p:low t:high,p:low t:high,p:low t:high,p:med t:high,p:med t:high,p:med t:high,p:med t:high,p:med t:high,p:med t:high,p:med t:high,p:med t:high,p:med t:high,p:med t:high,p:med t:high,p:med t:high,p:med t:high,p:med t:high,p:med t:high,p:low t:high",Caution
"p:low t:low,p:low t:low,p:low t:low,p:low t:low,p:low t:low,p:low t:low,p:low t:low,p:low t:low,p:low t:low,p:low t:low,p:low t:low,p:low t:low,p:low t:low,p:low t:low,p:low t:low,p:low t:low,p:low t:low,p:low t:low,p:low t:low,p:low t:low,p:low t:low,p:med t:low,p:med t:low,p:med t:low,p:med t:low,p:med t:low,p:med t:low,p:med t:low,p:med t:low,p:med t:low,p:med t:low,p:med t:low,p:med t:low,p:med t:low,p:med t:low,p:low t:low,p:low t:low,p:low t:low,p:low t:low,p:low t:low,p:low t:low,p:low t:low,p:low t:low,p:low t:low,p:low t:low,p:low t:low,p:low t:low,p:low t:low,p:low t:low,p:low t:low,p:low t:low,p:low t:low,p:low t:low,p:low t:low,p:low t:low,p:low t:low,p:low t:low,p:low t:low,p:low t:low,p:low t:low,p:low t:low,p:low t:low,p:low t:low,p:low t:low,p:low t:low,p:low t:low,p:low t:low,p:low t:low,p:low t:low,p:low t:low,p:low t:low,p:low t:low,p:med t:high,p:med t:high,p:med t:high,p:med t:high,p:med t:high,p:med t:high,p:med t:high,p:med t:high,p:med t:high,p:med t:high,p:med t:high,p:med t:high,p:med t:high,p:med t:high,p:med t:high,p:low t:high,p:low t:high,p:low t:high,p:low t:high,p:low t:high,p:low t:high,p:low t:high,p:low t:high,p:low t:high,p:low t:high,p:low t:high,p:low t:high,p:low t:high,p:low t:high,p:low t:high,p:low t:high,p:low t:high,p:low t:high,p:low t:high,p:low t:high,p:low t:high,p:low t:high,p:med t:high,p:med t:high,p:med t:high,p:med t:high,p:med t:high,p:med t:high,p:med t:high,p:med t:high,p:med t:high,p:med t:high,p:med t:high,p:med t:high,p:med t:high,p:med t:high,p:med t:high,p:low t:high,p:low t:high,p:low t:high,p:low t:high,p:low t:high,p:low t:high,p:low t:high,p:low t:high,p:low t:high,p:low t:high,p:low t:high,p:low t:high,p:low t:high,p:low t:high,p:low t:high,p:low t:high,p:low t:high,p:low t:high,p:low t:high,p:low t:high,p:low t:high,p:low t:high,p:low t:high,p:med t:high,p:med t:high,p:med t:high,p:med t:high,p:med t:high,p:med t:high,p:med t:high,p:med t:high,p:med t:high,p:med t:high,p:med t:high,p:med t:high,p:med t:high,p:med t:high,p:med t:high,p:low t:high,p:low t:high",Caution
"p:low t:low,p:low t:low,p:low t:low,p:low t:low,p:low t:low,p:low t:low,p:low t:low,p:low t:low,p:low t:low,p:low t:low,p:low t:low,p:low t:low,p:low t:low,p:low t:low,p:low t:low,p:low t:low,p:low t:low,p:low t:low,p:low t:low,p:low t:low,p:low t:low,p:med t:low,p:med t:low,p:med t:low,p:med t:low,p:med t:low,p:med t:low,p:med t:low,p:med t:low,p:med t:low,p:med t:low,p:med t:low,p:med t:low,p:med t:low,p:med t:low,p:low t:low,p:low t:low,p:low t:low,p:low t:low,p:low t:low,p:low t:low,p:low t:low,p:low t:low,p:low t:low,p:low t:low,p:low t:low,p:low t:low,p:low t:low,p:low t:low,p:low t:low,p:low t:low,p:low t:low,p:low t:low,p:low t:low,p:low t:low,p:low t:low,p:low t:low,p:low t:low,p:low t:low,p:low t:low,p:low t:low,p:low t:low,p:low t:low,p:low t:low,p:low t:low,p:low t:low,p:low t:low,p:low t:low,p:low t:low,p:low t:low,p:low t:low,p:low t:low,p:med t:high,p:med t:high,p:med t:high,p:med t:high,p:med t:high,p:med t:high,p:med t:high,p:med t:high,p:med t:high,p:med t:high,p:med t:high,p:med t:high,p:med t:high,p:med t:high,p:med t:high,p:low t:high,p:low t:high,p:low t:high,p:low t:high,p:low t:high,p:low t:high,p:low t:high,p:low t:high,p:low t:high,p:low t:high,p:low t:high,p:low t:high,p:low t:high,p:low t:high,p:low t:high,p:low t:high,p:low t:high,p:low t:high,p:low t:high,p:low t:high,p:low t:high,p:low t:high,p:med t:high,p:med t:high,p:med t:high,p:med t:high,p:med t:high,p:med t:high,p:med t:high,p:med t:high,p:med t:high,p:med t:high,p:med t:high,p:med t:high,p:med t:high,p:med t:high,p:med t:high,p:low t:high,p:low t:high,p:low t:high,p:low t:high,p:low t:high,p:low t:high,p:low t:high,p:low t:high,p:low t:high,p:low t:high,p:low t:high,p:low t:high,p:low t:high,p:low t:high,p:low t:high,p:low t:high,p:low t:high,p:low t:high,p:low t:high,p:low t:high,p:low t:high,p:low t:high,p:low t:high,p:med t:high,p:med t:high,p:med t:high,p:med t:high,p:med t:high,p:med t:high,p:med t:high,p:med t:high,p:med t:high,p:med t:high,p:med t:high,p:med t:high,p:med t:high,p:med t:high,p:med t:high,p:low t:high,p:low t:high,p:low t:high",Caution
"p:low t:low,p:low t:low,p:low t:low,p:low t:low,p:low t:low,p:low t:low,p:low t:low,p:low t:low,p:low t:low,p:low t:low,p:low t:low,p:low t:low,p:low t:low,p:low t:low,p:low t:low,p:low t:low,p:low t:low,p:low t:low,p:low t:low,p:low t:low,p:low t:low,p:med t:low,p:med t:low,p:med t:low,p:med t:low,p:med t:low,p:med t:low,p:med t:low,p:med t:low,p:med t:low,p:med t:low,p:med t:low,p:med t:low,p:med t:low,p:med t:low,p:low t:low,p:low t:low,p:low t:low,p:low t:low,p:low t:low,p:low t:low,p:low t:low,p:low t:low,p:low t:low,p:low t:low,p:low t:low,p:low t:low,p:low t:low,p:low t:low,p:low t:low,p:low t:low,p:low t:low,p:low t:low,p:low t:low,p:low t:low,p:low t:low,p:low t:low,p:low t:low,p:low t:low,p:low t:low,p:low t:low,p:low t:low,p:low t:low,p:low t:low,p:low t:low,p:low t:low,p:low t:low,p:low t:low,p:low t:low,p:low t:low,p:low t:low,p:low t:low,p:med t:high,p:med t:high,p:med t:high,p:med t:high,p:med t:high,p:med t:high,p:med t:high,p:med t:high,p:med t:high,p:med t:high,p:med t:high,p:med t:high,p:med t:high,p:med t:high,p:med t:high,p:low t:high,p:low t:high,p:low t:high,p:low t:high,p:low t:high,p:low t:high,p:low t:high,p:low t:high,p:low t:high,p:low t:high,p:low t:high,p:low t:high,p:low t:high,p:low t:high,p:low t:high,p:low t:high,p:low t:high,p:low t:high,p:low t:high,p:low t:high,p:low t:high,p:low t:high,p:med t:high,p:med t:high,p:med t:high,p:med t:high,p:med t:high,p:med t:high,p:med t:high,p:med t:high,p:med t:high,p:med t:high,p:med t:high,p:med t:high,p:med t:high,p:med t:high,p:med t:high,p:low t:high,p:low t:high,p:low t:high,p:low t:high,p:low t:high,p:low t:high,p:low t:high,p:low t:high,p:low t:high,p:low t:high,p:low t:high,p:low t:high,p:low t:high,p:low t:high,p:low t:high,p:low t:high,p:low t:high,p:low t:high,p:low t:high,p:low t:high,p:low t:high,p:low t:high,p:low t:high,p:med t:high,p:med t:high,p:med t:high,p:med t:high,p:med t:high,p:med t:high,p:med t:high,p:med t:high,p:med t:high,p:med t:high,p:med t:high,p:med t:high,p:med t:high,p:med t:high,p:med t:high,p:low t:high,p:low t:high,p:low t:high,p:low t:high",Caution
"p:low t:low,p:low t:low,p:low t:low,p:low t:low,p:low t:low,p:low t:low,p:low t:low,p:low t:low,p:low t:low,p:low t:low,p:low t:low,p:low t:low,p:low t:low,p:low t:low,p:low t:low,p:low t:low,p:low t:low,p:low t:low,p:low t:low,p:low t:low,p:low t:low,p:med t:low,p:med t:low,p:med t:low,p:med t:low,p:med t:low,p:med t:low,p:med t:low,p:med t:low,p:med t:low,p:med t:low,p:med t:low,p:med t:low,p:med t:low,p:med t:low,p:low t:low,p:low t:low,p:low t:low,p:low t:low,p:low t:low,p:low t:low,p:low t:low,p:low t:low,p:low t:low,p:low t:low,p:low t:low,p:low t:low,p:low t:low,p:low t:low,p:low t:low,p:low t:low,p:low t:low,p:low t:low,p:low t:low,p:low t:low,p:low t:low,p:low t:low,p:low t:low,p:low t:low,p:low t:low,p:low t:low,p:low t:low,p:low t:low,p:low t:low,p:low t:low,p:low t:low,p:low t:low,p:low t:low,p:low t:low,p:low t:low,p:low t:low,p:low t:low,p:med t:high,p:med t:high,p:med t:high,p:med t:high,p:med t:high,p:med t:high,p:med t:high,p:med t:high,p:med t:high,p:med t:high,p:med t:high,p:med t:high,p:med t:high,p:med t:high,p:med t:high,p:low t:high,p:low t:high,p:low t:high,p:low t:high,p:low t:high,p:low t:high,p:low t:high,p:low t:high,p:low t:high,p:low t:high,p:low t:high,p:low t:high,p:low t:high,p:low t:high,p:low t:high,p:low t:high,p:low t:high,p:low t:high,p:low t:high,p:low t:high,p:low t:high,p:low t:high,p:med t:high,p:med t:high,p:med t:high,p:med t:high,p:med t:high,p:med t:high,p:med t:high,p:med t:high,p:med t:high,p:med t:high,p:med t:high,p:med t:high,p:med t:high,p:med t:high,p:med t:high,p:low t:high,p:low t:high,p:low t:high,p:low t:high,p:low t:high,p:low t:high,p:low t:high,p:low t:high,p:low t:high,p:low t:high,p:low t:high,p:low t:high,p:low t:high,p:low t:high,p:low t:high,p:low t:high,p:low t:high,p:low t:high,p:low t:high,p:low t:high,p:low t:high,p:low t:high,p:low t:high,p:med t:high,p:med t:high,p:med t:high,p:med t:high,p:med t:high,p:med t:high,p:med t:high,p:med t:high,p:med t:high,p:med t:high,p:med t:high,p:med t:high,p:med t:high,p:med t:high,p:med t:high,p:low t:high,p:low t:high,p:low t:high,p:low t:high,p:low t:high",Caution
"p:low t:low,p:low t:low,p:low t:low,p:low t:low,p:low t:low,p:low t:low,p:low t:low,p:low t:low,p:low t:low,p:low t:low,p:low t:low,p:low t:low,p:low t:low,p:low t:low,p:low t:low,p:low t:low,p:low t:low,p:low t:low,p:low t:low,p:low t:low,p:low t:low,p:med t:low,p:med t:low,p:med t:low,p:med t:low,p:med t:low,p:med t:low,p:med t:low,p:med t:low,p:med t:low,p:med t:low,p:med t:low,p:med t:low,p:med t:low,p:med t:low,p:low t:low,p:low t:low,p:low t:low,p:low t:low,p:low t:low,p:low t:low,p:low t:low,p:low t:low,p:low t:low,p:low t:low,p:low t:low,p:low t:low,p:low t:low,p:low t:low,p:low t:low,p:low t:low,p:low t:low,p:low t:low,p:low t:low,p:low t:low,p:low t:low,p:low t:low,p:low t:low,p:low t:low,p:low t:low,p:low t:low,p:low t:low,p:low t:low,p:low t:low,p:low t:low,p:low t:low,p:low t:low,p:low t:low,p:low t:low,p:low t:low,p:low t:low,p:low t:low,p:med t:high,p:med t:high,p:med t:high,p:med t:high,p:med t:high,p:med t:high,p:med t:high,p:med t:high,p:med t:high,p:med t:high,p:med t:high,p:med t:high,p:med t:high,p:med t:high,p:med t:high,p:low t:high,p:low t:high,p:low t:high,p:low t:high,p:low t:high,p:low t:high,p:low t:high,p:low t:high,p:low t:high,p:low t:high,p:low t:high,p:low t:high,p:low t:high,p:low t:high,p:low t:high,p:low t:high,p:low t:high,p:low t:high,p:low t:high,p:low t:high,p:low t:high,p:low t:high,p:med t:high,p:med t:high,p:med t:high,p:med t:high,p:med t:high,p:med t:high,p:med t:high,p:med t:high,p:med t:high,p:med t:high,p:med t:high,p:med t:high,p:med t:high,p:med t:high,p:med t:high,p:low t:high,p:low t:high,p:low t:high,p:low t:high,p:low t:high,p:low t:high,p:low t:high,p:low t:high,p:low t:high,p:low t:high,p:low t:high,p:low t:high,p:low t:high,p:low t:high,p:low t:high,p:low t:high,p:low t:high,p:low t:high,p:low t:high,p:low t:high,p:low t:high,p:low t:high,p:low t:high,p:med t:high,p:med t:high,p:med t:high,p:med t:high,p:med t:high,p:med t:high,p:med t:high,p:med t:high,p:med t:high,p:med t:high,p:med t:high,p:med t:high,p:med t:high,p:med t:high,p:med t:high,p:low t:high,p:low t:high,p:low t:high,p:low t:high,p:low t:high,p:low t:high",Caution
"p:low t:low,p:low t:low,p:low t:low,p:low t:low,p:low t:low,p:low t:low,p:low t:low,p:low t:low,p:low t:low,p:low t:low,p:low t:low,p:low t:low,p:low t:low,p:low t:low,p:low t:low,p:low t:low,p:low t:low,p:low t:low,p:low t:low,p:low t:low,p:low t:low,p:med t:low,p:med t:low,p:med t:low,p:med t:low,p:med t:low,p:med t:low,p:med t:low,p:med t:low,p:med t:low,p:med t:low,p:med t:low,p:med t:low,p:med t:low,p:med t:low,p:low t:low,p:low t:low,p:low t:low,p:low t:low,p:low t:low,p:low t:low,p:low t:low,p:low t:low,p:low t:low,p:low t:low,p:low t:low,p:low t:low,p:low t:low,p:low t:low,p:low t:low,p:low t:low,p:low t:low,p:low t:low,p:low t:low,p:low t:low,p:low t:low,p:low t:low,p:low t:low,p:low t:low,p:low t:low,p:low t:low,p:low t:low,p:low t:low,p:low t:low,p:low t:low,p:low t:low,p:low t:low,p:low t:low,p:low t:low,p:low t:low,p:low t:low,p:low t:low,p:med t:high,p:med t:high,p:med t:high,p:med t:high,p:med t:high,p:med t:high,p:med t:high,p:med t:high,p:med t:high,p:med t:high,p:med t:high,p:med t:high,p:med t:high,p:med t:high,p:med t:high,p:low t:high,p:low t:high,p:low t:high,p:low t:high,p:low t:high,p:low t:high,p:low t:high,p:low t:high,p:low t:high,p:low t:high,p:low t:high,p:low t:high,p:low t:high,p:low t:high,p:low t:high,p:low t:high,p:low t:high,p:low t:high,p:low t:high,p:low t:high,p:low t:high,p:low t:high,p:med t:high,p:med t:high,p:med t:high,p:med t:high,p:med t:high,p:med t:high,p:med t:high,p:med t:high,p:med t:high,p:med t:high,p:med t:high,p:med t:high,p:med t:high,p:med t:high,p:med t:high,p:low t:high,p:low t:high,p:low t:high,p:low t:high,p:low t:high,p:low t:high,p:low t:high,p:low t:high,p:low t:high,p:low t:high,p:low t:high,p:low t:high,p:low t:high,p:low t:high,p:low t:high,p:low t:high,p:low t:high,p:low t:high,p:low t:high,p:low t:high,p:low t:high,p:low t:high,p:low t:high,p:med t:high,p:med t:high,p:med t:high,p:med t:high,p:med t:high,p:med t:high,p:med t:high,p:med t:high,p:med t:high,p:med t:high,p:med t:high,p:med t:high,p:med t:high,p:med t:high,p:med t:high,p:low t:high,p:low t:high,p:low t:high,p:low t:high,p:low t:high,p:low t:high,p:low t:high",Caution
"p:low t:low,p:low t:low,p:low t:low,p:low t:low,p:low t:low,p:low t:low,p:low t:low,p:low t:low,p:low t:low,p:low t:low,p:low t:low,p:low t:low,p:low t:low,p:low t:low,p:low t:low,p:low t:low,p:low t:low,p:low t:low,p:low t:low,p:low t:low,p:low t:low,p:med t:low,p:med t:low,p:med t:low,p:med t:low,p:med t:low,p:med t:low,p:med t:low,p:med t:low,p:med t:low,p:med t:low,p:med t:low,p:med t:low,p:med t:low,p:med t:low,p:low t:low,p:low t:low,p:low t:low,p:low t:low,p:low t:low,p:low t:low,p:low t:low,p:low t:low,p:low t:low,p:low t:low,p:low t:low,p:low t:low,p:low t:low,p:low t:low,p:low t:low,p:low t:low,p:low t:low,p:low t:low,p:low t:low,p:low t:low,p:low t:low,p:low t:low,p:low t:low,p:low t:low,p:low t:low,p:low t:low,p:low t:low,p:low t:low,p:low t:low,p:low t:low,p:low t:low,p:low t:low,p:low t:low,p:low t:low,p:low t:low,p:low t:low,p:low t:low,p:med t:high,p:med t:high,p:med t:high,p:med t:high,p:med t:high,p:med t:high,p:med t:high,p:med t:high,p:med t:high,p:med t:high,p:med t:high,p:med t:high,p:med t:high,p:med t:high,p:med t:high,p:low t:high,p:low t:high,p:low t:high,p:low t:high,p:low t:high,p:low t:high,p:low t:high,p:low t:high,p:low t:high,p:low t:high,p:low t:high,p:low t:high,p:low t:high,p:low t:high,p:low t:high,p:low t:high,p:low t:high,p:low t:high,p:low t:high,p:low t:high,p:low t:high,p:low t:high,p:med t:high,p:med t:high,p:med t:high,p:med t:high,p:med t:high,p:med t:high,p:med t:high,p:med t:high,p:med t:high,p:med t:high,p:med t:high,p:med t:high,p:med t:high,p:med t:high,p:med t:high,p:low t:high,p:low t:high,p:low t:high,p:low t:high,p:low t:high,p:low t:high,p:low t:high,p:low t:high,p:low t:high,p:low t:high,p:low t:high,p:low t:high,p:low t:high,p:low t:high,p:low t:high,p:low t:high,p:low t:high,p:low t:high,p:low t:high,p:low t:high,p:low t:high,p:low t:high,p:low t:high,p:med t:high,p:med t:high,p:med t:high,p:med t:high,p:med t:high,p:med t:high,p:med t:high,p:med t:high,p:med t:high,p:med t:high,p:med t:high,p:med t:high,p:med t:high,p:med t:high,p:med t:high,p:low t:high,p:low t:high,p:low t:high,p:low t:high,p:low t:high,p:low t:high,p:low t:high,p:high t:high",Caution
"p:low t:low,p:low t:low,p:low t:low,p:low t:low,p:low t:low,p:low t:low,p:low t:low,p:low t:low,p:low t:low,p:low t:low,p:low t:low,p:low t:low,p:low t:low,p:low t:low,p:low t:low,p:low t:low,p:low t:low,p:low t:low,p:low t:low,p:low t:low,p:low t:low,p:med t:low,p:med t:low,p:med t:low,p:med t:low,p:med t:low,p:med t:low,p:med t:low,p:med t:low,p:med t:low,p:med t:low,p:med t:low,p:med t:low,p:med t:low,p:med t:low,p:low t:low,p:low t:low,p:low t:low,p:low t:low,p:low t:low,p:low t:low,p:low t:low,p:low t:low,p:low t:low,p:low t:low,p:low t:low,p:low t:low,p:low t:low,p:low t:low,p:low t:low,p:low t:low,p:low t:low,p:low t:low,p:low t:low,p:low t:low,p:low t:low,p:low t:low,p:low t:low,p:low t:low,p:low t:low,p:low t:low,p:low t:low,p:low t:low,p:low t:low,p:low t:low,p:low t:low,p:low t:low,p:low t:low,p:low t:low,p:low t:low,p:low t:low,p:low t:low,p:med t:high,p:med t:high,p:med t:high,p:med t:high,p:med t:high,p:med t:high,p:med t:high,p:med t:high,p:med t:high,p:med t:high,p:med t:high,p:med t:high,p:med t:high,p:med t:high,p:med t:high,p:low t:high,p:low t:high,p:low t:high,p:low t:high,p:low t:high,p:low t:high,p:low t:high,p:low t:high,p:low t:high,p:low t:high,p:low t:high,p:low t:high,p:low t:high,p:low t:high,p:low t:high,p:low t:high,p:low t:high,p:low t:high,p:low t:high,p:low t:high,p:low t:high,p:low t:high,p:med t:high,p:med t:high,p:med t:high,p:med t:high,p:med t:high,p:med t:high,p:med t:high,p:med t:high,p:med t:high,p:med t:high,p:med t:high,p:med t:high,p:med t:high,p:med t:high,p:med t:high,p:low t:high,p:low t:high,p:low t:high,p:low t:high,p:low t:high,p:low t:high,p:low t:high,p:low t:high,p:low t:high,p:low t:high,p:low t:high,p:low t:high,p:low t:high,p:low t:high,p:low t:high,p:low t:high,p:low t:high,p:low t:high,p:low t:high,p:low t:high,p:low t:high,p:low t:high,p:low t:high,p:med t:high,p:med t:high,p:med t:high,p:med t:high,p:med t:high,p:med t:high,p:med t:high,p:med t:high,p:med t:high,p:med t:high,p:med t:high,p:med t:high,p:med t:high,p:med t:high,p:med t:high,p:low t:high,p:low t:high,p:low t:high,p:low t:high,p:low t:high,p:low t:high,p:low t:high,p:high t:high,p:high t:high",Caution
"p:low t:low,p:low t:low,p:low t:low,p:low t:low,p:low t:low,p:low t:low,p:low t:low,p:low t:low,p:low t:low,p:low t:low,p:low t:low,p:low t:low,p:low t:low,p:low t:low,p:low t:low,p:low t:low,p:low t:low,p:low t:low,p:low t:low,p:low t:low,p:low t:low,p:med t:low,p:med t:low,p:med t:low,p:med t:low,p:med t:low,p:med t:low,p:med t:low,p:med t:low,p:med t:low,p:med t:low,p:med t:low,p:med t:low,p:med t:low,p:med t:low,p:low t:low,p:low t:low,p:low t:low,p:low t:low,p:low t:low,p:low t:low,p:low t:low,p:low t:low,p:low t:low,p:low t:low,p:low t:low,p:low t:low,p:low t:low,p:low t:low,p:low t:low,p:low t:low,p:low t:low,p:low t:low,p:low t:low,p:low t:low,p:low t:low,p:low t:low,p:low t:low,p:low t:low,p:low t:low,p:low t:low,p:low t:low,p:low t:low,p:low t:low,p:low t:low,p:low t:low,p:low t:low,p:low t:low,p:low t:low,p:low t:low,p:low t:low,p:low t:low,p:med t:high,p:med t:high,p:med t:high,p:med t:high,p:med t:high,p:med t:high,p:med t:high,p:med t:high,p:med t:high,p:med t:high,p:med t:high,p:med t:high,p:med t:high,p:med t:high,p:med t:high,p:low t:high,p:low t:high,p:low t:high,p:low t:high,p:low t:high,p:low t:high,p:low t:high,p:low t:high,p:low t:high,p:low t:high,p:low t:high,p:low t:high,p:low t:high,p:low t:high,p:low t:high,p:low t:high,p:low t:high,p:low t:high,p:low t:high,p:low t:high,p:low t:high,p:low t:high,p:med t:high,p:med t:high,p:med t:high,p:med t:high,p:med t:high,p:med t:high,p:med t:high,p:med t:high,p:med t:high,p:med t:high,p:med t:high,p:med t:high,p:med t:high,p:med t:high,p:med t:high,p:low t:high,p:low t:high,p:low t:high,p:low t:high,p:low t:high,p:low t:high,p:low t:high,p:low t:high,p:low t:high,p:low t:high,p:low t:high,p:low t:high,p:low t:high,p:low t:high,p:low t:high,p:low t:high,p:low t:high,p:low t:high,p:low t:high,p:low t:high,p:low t:high,p:low t:high,p:low t:high,p:med t:high,p:med t:high,p:med t:high,p:med t:high,p:med t:high,p:med t:high,p:med t:high,p:med t:high,p:med t:high,p:med t:high,p:med t:high,p:med t:high,p:med t:high,p:med t:high,p:med t:high,p:low t:high,p:low t:high,p:low t:high,p:low t:high,p:low t:high,p:low t:high,p:low t:high,p:high t:high,p:high t:high,p:high t:high",Caution
"p:low t:low,p:low t:low,p:low t:low,p:low t:low,p:low t:low,p:low t:low,p:low t:low,p:low t:low,p:low t:low,p:low t:low,p:low t:low,p:low t:low,p:low t:low,p:low t:low,p:low t:low,p:low t:low,p:low t:low,p:low t:low,p:low t:low,p:low t:low,p:low t:low,p:med t:low,p:med t:low,p:med t:low,p:med t:low,p:med t:low,p:med t:low,p:med t:low,p:med t:low,p:med t:low,p:med t:low,p:med t:low,p:med t:low,p:med t:low,p:med t:low,p:low t:low,p:low t:low,p:low t:low,p:low t:low,p:low t:low,p:low t:low,p:low t:low,p:low t:low,p:low t:low,p:low t:low,p:low t:low,p:low t:low,p:low t:low,p:low t:low,p:low t:low,p:low t:low,p:low t:low,p:low t:low,p:low t:low,p:low t:low,p:low t:low,p:low t:low,p:low t:low,p:low t:low,p:low t:low,p:low t:low,p:low t:low,p:low t:low,p:low t:low,p:low t:low,p:low t:low,p:low t:low,p:low t:low,p:low t:low,p:low t:low,p:low t:low,p:low t:low,p:med t:high,p:med t:high,p:med t:high,p:med t:high,p:med t:high,p:med t:high,p:med t:high,p:med t:high,p:med t:high,p:med t:high,p:med t:high,p:med t:high,p:med t:high,p:med t:high,p:med t:high,p:low t:high,p:low t:high,p:low t:high,p:low t:high,p:low t:high,p:low t:high,p:low t:high,p:low t:high,p:low t:high,p:low t:high,p:low t:high,p:low t:high,p:low t:high,p:low t:high,p:low t:high,p:low t:high,p:low t:high,p:low t:high,p:low t:high,p:low t:high,p:low t:high,p:low t:high,p:med t:high,p:med t:high,p:med t:high,p:med t:high,p:med t:high,p:med t:high,p:med t:high,p:med t:high,p:med t:high,p:med t:high,p:med t:high,p:med t:high,p:med t:high,p:med t:high,p:med t:high,p:low t:high,p:low t:high,p:low t:high,p:low t:high,p:low t:high,p:low t:high,p:low t:high,p:low t:high,p:low t:high,p:low t:high,p:low t:high,p:low t:high,p:low t:high,p:low t:high,p:low t:high,p:low t:high,p:low t:high,p:low t:high,p:low t:high,p:low t:high,p:low t:high,p:low t:high,p:low t:high,p:med t:high,p:med t:high,p:med t:high,p:med t:high,p:med t:high,p:med t:high,p:med t:high,p:med t:high,p:med t:high,p:med t:high,p:med t:high,p:med t:high,p:med t:high,p:med t:high,p:med t:high,p:low t:high,p:low t:high,p:low t:high,p:low t:high,p:low t:high,p:low t:high,p:low t:high,p:high t:high,p:high t:high,p:high t:high,p:high t:high",Caution
"p:low t:low,p:low t:low,p:low t:low,p:low t:low,p:low t:low,p:low t:low,p:low t:low,p:low t:low,p:low t:low,p:low t:low,p:low t:low,p:low t:low,p:low t:low,p:low t:low,p:low t:low,p:low t:low,p:low t:low,p:low t:low,p:low t:low,p:low t:low,p:low t:low,p:med t:low,p:med t:low,p:med t:low,p:med t:low,p:med t:low,p:med t:low,p:med t:low,p:med t:low,p:med t:low,p:med t:low,p:med t:low,p:med t:low,p:med t:low,p:med t:low,p:low t:low,p:low t:low,p:low t:low,p:low t:low,p:low t:low,p:low t:low,p:low t:low,p:low t:low,p:low t:low,p:low t:low,p:low t:low,p:low t:low,p:low t:low,p:low t:low,p:low t:low,p:low t:low,p:low t:low,p:low t:low,p:low t:low,p:low t:low,p:low t:low,p:low t:low,p:low t:low,p:low t:low,p:low t:low,p:low t:low,p:low t:low,p:low t:low,p:low t:low,p:low t:low,p:low t:low,p:low t:low,p:low t:low,p:low t:low,p:low t:low,p:low t:low,p:low t:low,p:med t:high,p:med t:high,p:med t:high,p:med t:high,p:med t:high,p:med t:high,p:med t:high,p:med t:high,p:med t:high,p:med t:high,p:med t:high,p:med t:high,p:med t:high,p:med t:high,p:med t:high,p:low t:high,p:low t:high,p:low t:high,p:low t:high,p:low t:high,p:low t:high,p:low t:high,p:low t:high,p:low t:high,p:low t:high,p:low t:high,p:low t:high,p:low t:high,p:low t:high,p:low t:high,p:low t:high,p:low t:high,p:low t:high,p:low t:high,p:low t:high,p:low t:high,p:low t:high,p:med t:high,p:med t:high,p:med t:high,p:med t:high,p:med t:high,p:med t:high,p:med t:high,p:med t:high,p:med t:high,p:med t:high,p:med t:high,p:med t:high,p:med t:high,p:med t:high,p:med t:high,p:low t:high,p:low t:high,p:low t:high,p:low t:high,p:low t:high,p:low t:high,p:low t:high,p:low t:high,p:low t:high,p:low t:high,p:low t:high,p:low t:high,p:low t:high,p:low t:high,p:low t:high,p:low t:high,p:low t:high,p:low t:high,p:low t:high,p:low t:high,p:low t:high,p:low t:high,p:low t:high,p:med t:high,p:med t:high,p:med t:high,p:med t:high,p:med t:high,p:med t:high,p:med t:high,p:med t:high,p:med t:high,p:med t:high,p:med t:high,p:med t:high,p:med t:high,p:med t:high,p:med t:high,p:low t:high,p:low t:high,p:low t:high,p:low t:high,p:low t:high,p:low t:high,p:low t:high,p:high t:high,p:high t:high,p:high t:high,p:high t:high,p:high t:high",Caution
"p:low t:low,p:low t:low,p:low t:low,p:low t:low,p:low t:low,p:low t:low,p:low t:low,p:low t:low,p:low t:low,p:low t:low,p:low t:low,p:low t:low,p:low t:low,p:low t:low,p:low t:low,p:low t:low,p:low t:low,p:low t:low,p:low t:low,p:low t:low,p:low t:low,p:med t:low,p:med t:low,p:med t:low,p:med t:low,p:med t:low,p:med t:low,p:med t:low,p:med t:low,p:med t:low,p:med t:low,p:med t:low,p:med t:low,p:med t:low,p:med t:low,p:low t:low,p:low t:low,p:low t:low,p:low t:low,p:low t:low,p:low t:low,p:low t:low,p:low t:low,p:low t:low,p:low t:low,p:low t:low,p:low t:low,p:low t:low,p:low t:low,p:low t:low,p:low t:low,p:low t:low,p:low t:low,p:low t:low,p:low t:low,p:low t:low,p:low t:low,p:low t:low,p:low t:low,p:low t:low,p:low t:low,p:low t:low,p:low t:low,p:low t:low,p:low t:low,p:low t:low,p:low t:low,p:low t:low,p:low t:low,p:low t:low,p:low t:low,p:low t:low,p:med t:high,p:med t:high,p:med t:high,p:med t:high,p:med t:high,p:med t:high,p:med t:high,p:med t:high,p:med t:high,p:med t:high,p:med t:high,p:med t:high,p:med t:high,p:med t:high,p:med t:high,p:low t:high,p:low t:high,p:low t:high,p:low t:high,p:low t:high,p:low t:high,p:low t:high,p:low t:high,p:low t:high,p:low t:high,p:low t:high,p:low t:high,p:low t:high,p:low t:high,p:low t:high,p:low t:high,p:low t:high,p:low t:high,p:low t:high,p:low t:high,p:low t:high,p:low t:high,p:med t:high,p:med t:high,p:med t:high,p:med t:high,p:med t:high,p:med t:high,p:med t:high,p:med t:high,p:med t:high,p:med t:high,p:med t:high,p:med t:high,p:med t:high,p:med t:high,p:med t:high,p:low t:high,p:low t:high,p:low t:high,p:low t:high,p:low t:high,p:low t:high,p:low t:high,p:low t:high,p:low t:high,p:low t:high,p:low t:high,p:low t:high,p:low t:high,p:low t:high,p:low t:high,p:low t:high,p:low t:high,p:low t:high,p:low t:high,p:low t:high,p:low t:high,p:low t:high,p:low t:high,p:med t:high,p:med t:high,p:med t:high,p:med t:high,p:med t:high,p:med t:high,p:med t:high,p:med t:high,p:med t:high,p:med t:high,p:med t:high,p:med t:high,p:med t:high,p:med t:high,p:med t:high,p:low t:high,p:low t:high,p:low t:high,p:low t:high,p:low t:high,p:low t:high,p:low t:high,p:high t:high,p:high t:high,p:high t:high,p:high t:high,p:high t:high,p:high t:high",Caution
"p:low t:low,p:low t:low,p:low t:low,p:low t:low,p:low t:low,p:low t:low,p:low t:low,p:low t:low,p:low t:low,p:low t:low,p:low t:low,p:low t:low,p:low t:low,p:low t:low,p:low t:low,p:low t:low,p:low t:low,p:low t:low,p:low t:low,p:low t:low,p:low t:low,p:med t:low,p:med t:low,p:med t:low,p:med t:low,p:med t:low,p:med t:low,p:med t:low,p:med t:low,p:med t:low,p:med t:low,p:med t:low,p:med t:low,p:med t:low,p:med t:low,p:low t:low,p:low t:low,p:low t:low,p:low t:low,p:low t:low,p:low t:low,p:low t:low,p:low t:low,p:low t:low,p:low t:low,p:low t:low,p:low t:low,p:low t:low,p:low t:low,p:low t:low,p:low t:low,p:low t:low,p:low t:low,p:low t:low,p:low t:low,p:low t:low,p:low t:low,p:low t:low,p:low t:low,p:low t:low,p:low t:low,p:low t:low,p:low t:low,p:low t:low,p:low t:low,p:low t:low,p:low t:low,p:low t:low,p:low t:low,p:low t:low,p:low t:low,p:low t:low,p:med t:high,p:med t:high,p:med t:high,p:med t:high,p:med t:high,p:med t:high,p:med t:high,p:med t:high,p:med t:high,p:med t:high,p:med t:high,p:med t:high,p:med t:high,p:med t:high,p:med t:high,p:low t:high,p:low t:high,p:low t:high,p:low t:high,p:low t:high,p:low t:high,p:low t:high,p:low t:high,p:low t:high,p:low t:high,p:low t:high,p:low t:high,p:low t:high,p:low t:high,p:low t:high,p:low t:high,p:low t:high,p:low t:high,p:low t:high,p:low t:high,p:low t:high,p:low t:high,p:med t:high,p:med t:high,p:med t:high,p:med t:high,p:med t:high,p:med t:high,p:med t:high,p:med t:high,p:med t:high,p:med t:high,p:med t:high,p:med t:high,p:med t:high,p:med t:high,p:med t:high,p:low t:high,p:low t:high,p:low t:high,p:low t:high,p:low t:high,p:low t:high,p:low t:high,p:low t:high,p:low t:high,p:low t:high,p:low t:high,p:low t:high,p:low t:high,p:low t:high,p:low t:high,p:low t:high,p:low t:high,p:low t:high,p:low t:high,p:low t:high,p:low t:high,p:low t:high,p:low t:high,p:med t:high,p:med t:high,p:med t:high,p:med t:high,p:med t:high,p:med t:high,p:med t:high,p:med t:high,p:med t:high,p:med t:high,p:med t:high,p:med t:high,p:med t:high,p:med t:high,p:med t:high,p:low t:high,p:low t:high,p:low t:high,p:low t:high,p:low t:high,p:low t:high,p:low t:high,p:high t:high,p:high t:high,p:high t:high,p:high t:high,p:high t:high,p:high t:high,p:high t:high",Caution
"p:low t:low,p:low t:low,p:low t:low,p:low t:low,p:low t:low,p:low t:low,p:low t:low,p:low t:low,p:low t:low,p:low t:low,p:low t:low,p:low t:low,p:low t:low,p:low t:low,p:low t:low,p:low t:low,p:low t:low,p:low t:low,p:low t:low,p:low t:low,p:low t:low,p:med t:low,p:med t:low,p:med t:low,p:med t:low,p:med t:low,p:med t:low,p:med t:low,p:med t:low,p:med t:low,p:med t:low,p:med t:low,p:med t:low,p:med t:low,p:med t:low,p:low t:low,p:low t:low,p:low t:low,p:low t:low,p:low t:low,p:low t:low,p:low t:low,p:low t:low,p:low t:low,p:low t:low,p:low t:low,p:low t:low,p:low t:low,p:low t:low,p:low t:low,p:low t:low,p:low t:low,p:low t:low,p:low t:low,p:low t:low,p:low t:low,p:low t:low,p:low t:low,p:low t:low,p:low t:low,p:low t:low,p:low t:low,p:low t:low,p:low t:low,p:low t:low,p:low t:low,p:low t:low,p:low t:low,p:low t:low,p:low t:low,p:low t:low,p:low t:low,p:med t:high,p:med t:high,p:med t:high,p:med t:high,p:med t:high,p:med t:high,p:med t:high,p:med t:high,p:med t:high,p:med t:high,p:med t:high,p:med t:high,p:med t:high,p:med t:high,p:med t:high,p:low t:high,p:low t:high,p:low t:high,p:low t:high,p:low t:high,p:low t:high,p:low t:high,p:low t:high,p:low t:high,p:low t:high,p:low t:high,p:low t:high,p:low t:high,p:low t:high,p:low t:high,p:low t:high,p:low t:high,p:low t:high,p:low t:high,p:low t:high,p:low t:high,p:low t:high,p:med t:high,p:med t:high,p:med t:high,p:med t:high,p:med t:high,p:med t:high,p:med t:high,p:med t:high,p:med t:high,p:med t:high,p:med t:high,p:med t:high,p:med t:high,p:med t:high,p:med t:high,p:low t:high,p:low t:high,p:low t:high,p:low t:high,p:low t:high,p:low t:high,p:low t:high,p:low t:high,p:low t:high,p:low t:high,p:low t:high,p:low t:high,p:low t:high,p:low t:high,p:low t:high,p:low t:high,p:low t:high,p:low t:high,p:low t:high,p:low t:high,p:low t:high,p:low t:high,p:low t:high,p:med t:high,p:med t:high,p:med t:high,p:med t:high,p:med t:high,p:med t:high,p:med t:high,p:med t:high,p:med t:high,p:med t:high,p:med t:high,p:med t:high,p:med t:high,p:med t:high,p:med t:high,p:low t:high,p:low t:high,p:low t:high,p:low t:high,p:low t:high,p:low t:high,p:low t:high,p:high t:high,p:high t:high,p:high t:high,p:high t:high,p:high t:high,p:high t:high,p:high t:high,p:high t:high",Critical
"p:low t:low,p:low t:low,p:low t:low,p:low t:low,p:low t:low,p:low t:low,p:low t:low,p:low t:low,p:low t:low,p:low t:low,p:low t:low,p:low t:low,p:low t:low,p:low t:low,p:low t:low,p:low t:low,p:low t:low,p:low t:low,p:low t:low,p:low t:low,p:low t:low,p:med t:low,p:med t:low,p:med t:low,p:med t:low,p:med t:low,p:med t:low,p:med t:low,p:med t:low,p:med t:low,p:med t:low,p:med t:low,p:med t:low,p:med t:low,p:med t:low,p:low t:low,p:low t:low,p:low t:low,p:low t:low,p:low t:low,p:low t:low,p:low t:low,p:low t:low,p:low t:low,p:low t:low,p:low t:low,p:low t:low,p:low t:low,p:low t:low,p:low t:low,p:low t:low,p:low t:low,p:low t:low,p:low t:low,p:low t:low,p:low t:low,p:low t:low,p:low t:low,p:low t:low,p:low t:low,p:low t:low,p:low t:low,p:low t:low,p:low t:low,p:low t:low,p:low t:low,p:low t:low,p:low t:low,p:low t:low,p:low t:low,p:low t:low,p:low t:low,p:med t:high,p:med t:high,p:med t:high,p:med t:high,p:med t:high,p:med t:high,p:med t:high,p:med t:high,p:med t:high,p:med t:high,p:med t:high,p:med t:high,p:med t:high,p:med t:high,p:med t:high,p:low t:high,p:low t:high,p:low t:high,p:low t:high,p:low t:high,p:low t:high,p:low t:high,p:low t:high,p:low t:high,p:low t:high,p:low t:high,p:low t:high,p:low t:high,p:low t:high,p:low t:high,p:low t:high,p:low t:high,p:low t:high,p:low t:high,p:low t:high,p:low t:high,p:low t:high,p:med t:high,p:med t:high,p:med t:high,p:med t:high,p:med t:high,p:med t:high,p:med t:high,p:med t:high,p:med t:high,p:med t:high,p:med t:high,p:med t:high,p:med t:high,p:med t:high,p:med t:high,p:low t:high,p:low t:high,p:low t:high,p:low t:high,p:low t:high,p:low t:high,p:low t:high,p:low t:high,p:low t:high,p:low t:high,p:low t:high,p:low t:high,p:low t:high,p:low t:high,p:low t:high,p:low t:high,p:low t:high,p:low t:high,p:low t:high,p:low t:high,p:low t:high,p:low t:high,p:low t:high,p:med t:high,p:med t:high,p:med t:high,p:med t:high,p:med t:high,p:med t:high,p:med t:high,p:med t:high,p:med t:high,p:med t:high,p:med t:high,p:med t:high,p:med t:high,p:med t:high,p:med t:high,p:low t:high,p:low t:high,p:low t:high,p:low t:high,p:low t:high,p:low t:high,p:low t:high,p:high t:high,p:high t:high,p:high t:high,p:high t:high,p:high t:high,p:high t:high,p:high t:high,p:high t:high,p:high t:high",Critical
"p:low t:low,p:low t:low,p:low t:low,p:low t:low,p:low t:low,p:low t:low,p:low t:low,p:low t:low,p:low t:low,p:low t:low,p:low t:low,p:low t:low,p:low t:low,p:low t:low,p:low t:low,p:low t:low,p:low t:low,p:low t:low,p:low t:low,p:low t:low,p:low t:low,p:med t:low,p:med t:low,p:med t:low,p:med t:low,p:med t:low,p:med t:low,p:med t:low,p:med t:low,p:med t:low,p:med t:low,p:med t:low,p:med t:low,p:med t:low,p:med t:low,p:low t:low,p:low t:low,p:low t:low,p:low t:low,p:low t:low,p:low t:low,p:low t:low,p:low t:low,p:low t:low,p:low t:low,p:low t:low,p:low t:low,p:low t:low,p:low t:low,p:low t:low,p:low t:low,p:low t:low,p:low t:low,p:low t:low,p:low t:low,p:low t:low,p:low t:low,p:low t:low,p:low t:low,p:low t:low,p:low t:low,p:low t:low,p:low t:low,p:low t:low,p:low t:low,p:low t:low,p:low t:low,p:low t:low,p:low t:low,p:low t:low,p:low t:low,p:low t:low,p:med t:high,p:med t:high,p:med t:high,p:med t:high,p:med t:high,p:med t:high,p:med t:high,p:med t:high,p:med t:high,p:med t:high,p:med t:high,p:med t:high,p:med t:high,p:med t:high,p:med t:high,p:low t:high,p:low t:high,p:low t:high,p:low t:high,p:low t:high,p:low t:high,p:low t:high,p:low t:high,p:low t:high,p:low t:high,p:low t:high,p:low t:high,p:low t:high,p:low t:high,p:low t:high,p:low t:high,p:low t:high,p:low t:high,p:low t:high,p:low t:high,p:low t:high,p:low t:high,p:med t:high,p:med t:high,p:med t:high,p:med t:high,p:med t:high,p:med t:high,p:med t:high,p:med t:high,p:med t:high,p:med t:high,p:med t:high,p:med t:high,p:med t:high,p:med t:high,p:med t:high,p:low t:high,p:low t:high,p:low t:high,p:low t:high,p:low t:high,p:low t:high,p:low t:high,p:low t:high,p:low t:high,p:low t:high,p:low t:high,p:low t:high,p:low t:high,p:low t:high,p:low t:high,p:low t:high,p:low t:high,p:low t:high,p:low t:high,p:low t:high,p:low t:high,p:low t:high,p:low t:high,p:med t:high,p:med t:high,p:med t:high,p:med t:high,p:med t:high,p:med t:high,p:med t:high,p:med t:high,p:med t:high,p:med t:high,p:med t:high,p:med t:high,p:med t:high,p:med t:high,p:med t:high,p:low t:high,p:low t:high,p:low t:high,p:low t:high,p:low t:high,p:low t:high,p:low t:high,p:high t:high,p:high t:high,p:high t:high,p:high t:high,p:high t:high,p:high t:high,p:high t:high,p:high t:high,p:high t:high,p:high t:high",Critical
"p:low t:low,p:low t:low,p:low t:low,p:low t:low,p:low t:low,p:low t:low,p:low t:low,p:low t:low,p:low t:low,p:low t:low,p:low t:low,p:low t:low,p:low t:low,p:low t:low,p:low t:low,p:low t:low,p:low t:low,p:low t:low,p:low t:low,p:low t:low,p:low t:low,p:med t:low,p:med t:low,p:med t:low,p:med t:low,p:med t:low,p:med t:low,p:med t:low,p:med t:low,p:med t:low,p:med t:low,p:med t:low,p:med t:low,p:med t:low,p:med t:low,p:low t:low,p:low t:low,p:low t:low,p:low t:low,p:low t:low,p:low t:low,p:low t:low,p:low t:low,p:low t:low,p:low t:low,p:low t:low,p:low t:low,p:low t:low,p:low t:low,p:low t:low,p:low t:low,p:low t:low,p:low t:low,p:low t:low,p:low t:low,p:low t:low,p:low t:low,p:low t:low,p:low t:low,p:low t:low,p:low t:low,p:low t:low,p:low t:low,p:low t:low,p:low t:low,p:low t:low,p:low t:low,p:low t:low,p:low t:low,p:low t:low,p:low t:low,p:low t:low,p:med t:high,p:med t:high,p:med t:high,p:med t:high,p:med t:high,p:med t:high,p:med t:high,p:med t:high,p:med t:high,p:med t:high,p:med t:high,p:med t:high,p:med t:high,p:med t:high,p:med t:high,p:low t:high,p:low t:high,p:low t:high,p:low t:high,p:low t:high,p:low t:high,p:low t:high,p:low t:high,p:low t:high,p:low t:high,p:low t:high,p:low t:high,p:low t:high,p:low t:high,p:low t:high,p:low t:high,p:low t:high,p:low t:high,p:low t:high,p:low t:high,p:low t:high,p:low t:high,p:med t:high,p:med t:high,p:med t:high,p:med t:high,p:med t:high,p:med t:high,p:med t:high,p:med t:high,p:med t:high,p:med t:high,p:med t:high,p:med t:high,p:med t:high,p:med t:high,p:med t:high,p:low t:high,p:low t:high,p:low t:high,p:low t:high,p:low t:high,p:low t:high,p:low t:high,p:low t:high,p:low t:high,p:low t:high,p:low t:high,p:low t:high,p:low t:high,p:low t:high,p:low t:high,p:low t:high,p:low t:high,p:low t:high,p:low t:high,p:low t:high,p:low t:high,p:low t:high,p:low t:high,p:med t:high,p:med t:high,p:med t:high,p:med t:high,p:med t:high,p:med t:high,p:med t:high,p:med t:high,p:med t:high,p:med t:high,p:med t:high,p:med t:high,p:med t:high,p:med t:high,p:med t:high,p:low t:high,p:low t:high,p:low t:high,p:low t:high,p:low t:high,p:low t:high,p:low t:high,p:high t:high,p:high t:high,p:high t:high,p:high t:high,p:high t:high,p:high t:high,p:high t:high,p:high t:high,p:high t:high,p:high t:high,p:high t:high",Critical
"p:low t:low,p:low t:low,p:low t:low,p:low t:low,p:low t:low,p:low t:low,p:low t:low,p:low t:low,p:low t:low,p:low t:low,p:low t:low,p:low t:low,p:low t:low,p:low t:low,p:low t:low,p:low t:low,p:low t:low,p:low t:low,p:low t:low,p:low t:low,p:low t:low,p:med t:low,p:med t:low,p:med t:low,p:med t:low,p:med t:low,p:med t:low,p:med t:low,p:med t:low,p:med t:low,p:med t:low,p:med t:low,p:med t:low,p:med t:low,p:med t:low,p:low t:low,p:low t:low,p:low t:low,p:low t:low,p:low t:low,p:low t:low,p:low t:low,p:low t:low,p:low t:low,p:low t:low,p:low t:low,p:low t:low,p:low t:low,p:low t:low,p:low t:low,p:low t:low,p:low t:low,p:low t:low,p:low t:low,p:low t:low,p:low t:low,p:low t:low,p:low t:low,p:low t:low,p:low t:low,p:low t:low,p:low t:low,p:low t:low,p:low t:low,p:low t:low,p:low t:low,p:low t:low,p:low t:low,p:low t:low,p:low t:low,p:low t:low,p:low t:low,p:med t:high,p:med t:high,p:med t:high,p:med t:high,p:med t:high,p:med t:high,p:med t:high,p:med t:high,p:med t:high,p:med t:high,p:med t:high,p:med t:high,p:med t:high,p:med t:high,p:med t:high,p:low t:high,p:low t:high,p:low t:high,p:low t:high,p:low t:high,p:low t:high,p:low t:high,p:low t:high,p:low t:high,p:low t:high,p:low t:high,p:low t:high,p:low t:high,p:low t:high,p:low t:high,p:low t:high,p:low t:high,p:low t:high,p:low t:high,p:low t:high,p:low t:high,p:low t:high,p:med t:high,p:med t:high,p:med t:high,p:med t:high,p:med t:high,p:med t:high,p:med t:high,p:med t:high,p:med t:high,p:med t:high,p:med t:high,p:med t:high,p:med t:high,p:med t:high,p:med t:high,p:low t:high,p:low t:high,p:low t:high,p:low t:high,p:low t:high,p:low t:high,p:low t:high,p:low t:high,p:low t:high,p:low t:high,p:low t:high,p:low t:high,p:low t:high,p:low t:high,p:low t:high,p:low t:high,p:low t:high,p:low t:high,p:low t:high,p:low t:high,p:low t:high,p:low t:high,p:low t:high,p:med t:high,p:med t:high,p:med t:high,p:med t:high,p:med t:high,p:med t:high,p:med t:high,p:med t:high,p:med t:high,p:med t:high,p:med t:high,p:med t:high,p:med t:high,p:med t:high,p:med t:high,p:low t:high,p:low t:high,p:low t:high,p:low t:high,p:low t:high,p:low t:high,p:low t:high,p:high t:high,p:high t:high,p:high t:high,p:high t:high,p:high t:high,p:high t:high,p:high t:high,p:high t:high,p:high t:high,p:high t:high,p:high t:high,p:high t:high",Critical
"p:low t:low,p:low t:low,p:low t:low,p:low t:low,p:low t:low,p:low t:low,p:low t:low,p:low t:low,p:low t:low,p:low t:low,p:low t:low,p:low t:low,p:low t:low,p:low t:low,p:low t:low,p:low t:low,p:low t:low,p:low t:low,p:low t:low,p:low t:low,p:low t:low,p:med t:low,p:med t:low,p:med t:low,p:med t:low,p:med t:low,p:med t:low,p:med t:low,p:med t:low,p:med t:low,p:med t:low,p:med t:low,p:med t:low,p:med t:low,p:med t:low,p:low t:low,p:low t:low,p:low t:low,p:low t:low,p:low t:low,p:low t:low,p:low t:low,p:low t:low,p:low t:low,p:low t:low,p:low t:low,p:low t:low,p:low t:low,p:low t:low,p:low t:low,p:low t:low,p:low t:low,p:low t:low,p:low t:low,p:low t:low,p:low t:low,p:low t:low,p:low t:low,p:low t:low,p:low t:low,p:low t:low,p:low t:low,p:low t:low,p:low t:low,p:low t:low,p:low t:low,p:low t:low,p:low t:low,p:low t:low,p:low t:low,p:low t:low,p:low t:low,p:med t:high,p:med t:high,p:med t:high,p:med t:high,p:med t:high,p:med t:high,p:med t:high,p:med t:high,p:med t:high,p:med t:high,p:med t:high,p:med t:high,p:med t:high,p:med t:high,p:med t:high,p:low t:high,p:low t:high,p:low t:high,p:low t:high,p:low t:high,p:low t:high,p:low t:high,p:low t:high,p:low t:high,p:low t:high,p:low t:high,p:low t:high,p:low t:high,p:low t:high,p:low t:high,p:low t:high,p:low t:high,p:low t:high,p:low t:high,p:low t:high,p:low t:high,p:low t:high,p:med t:high,p:med t:high,p:med t:high,p:med t:high,p:med t:high,p:med t:high,p:med t:high,p:med t:high,p:med t:high,p:med t:high,p:med t:high,p:med t:high,p:med t:high,p:med t:high,p:med t:high,p:low t:high,p:low t:high,p:low t:high,p:low t:high,p:low t:high,p:low t:high,p:low t:high,p:low t:high,p:low t:high,p:low t:high,p:low t:high,p:low t:high,p:low t:high,p:low t:high,p:low t:high,p:low t:high,p:low t:high,p:low t:high,p:low t:high,p:low t:high,p:low t:high,p:low t:high,p:low t:high,p:med t:high,p:med t:high,p:med t:high,p:med t:high,p:med t:high,p:med t:high,p:med t:high,p:med t:high,p:med t:high,p:med t:high,p:med t:high,p:med t:high,p:med t:high,p:med t:high,p:med t:high,p:low t:high,p:low t:high,p:low t:high,p:low t:high,p:low t:high,p:low t:high,p:low t:high,p:high t:high,p:high t:high,p:high t:high,p:high t:high,p:high t:high,p:high t:high,p:high t:high,p:high t:high,p:high t:high,p:high t:high,p:high t:high,p:high t:high,p:high t:high",Critical
"p:low t:low,p:low t:low,p:low t:low,p:low t:low,p:low t:low,p:low t:low,p:low t:low,p:low t:low,p:low t:low,p:low t:low,p:low t:low,p:low t:low,p:low t:low,p:low t:low,p:low t:low,p:low t:low,p:low t:low,p:low t:low,p:low t:low,p:low t:low,p:low t:low,p:med t:low,p:med t:low,p:med t:low,p:med t:low,p:med t:low,p:med t:low,p:med t:low,p:med t:low,p:med t:low,p:med t:low,p:med t:low,p:med t:low,p:med t:low,p:med t:low,p:low t:low,p:low t:low,p:low t:low,p:low t:low,p:low t:low,p:low t:low,p:low t:low,p:low t:low,p:low t:low,p:low t:low,p:low t:low,p:low t:low,p:low t:low,p:low t:low,p:low t:low,p:low t:low,p:low t:low,p:low t:low,p:low t:low,p:low t:low,p:low t:low,p:low t:low,p:low t:low,p:low t:low,p:low t:low,p:low t:low,p:low t:low,p:low t:low,p:low t:low,p:low t:low,p:low t:low,p:low t:low,p:low t:low,p:low t:low,p:low t:low,p:low t:low,p:low t:low,p:med t:high,p:med t:high,p:med t:high,p:med t:high,p:med t:high,p:med t:high,p:med t:high,p:med t:high,p:med t:high,p:med t:high,p:med t:high,p:med t:high,p:med t:high,p:med t:high,p:med t:high,p:low t:high,p:low t:high,p:low t:high,p:low t:high,p:low t:high,p:low t:high,p:low t:high,p:low t:high,p:low t:high,p:low t:high,p:low t:high,p:low t:high,p:low t:high,p:low t:high,p:low t:high,p:low t:high,p:low t:high,p:low t:high,p:low t:high,p:low t:high,p:low t:high,p:low t:high,p:med t:high,p:med t:high,p:med t:high,p:med t:high,p:med t:high,p:med t:high,p:med t:high,p:med t:high,p:med t:high,p:med t:high,p:med t:high,p:med t:high,p:med t:high,p:med t:high,p:med t:high,p:low t:high,p:low t:high,p:low t:high,p:low t:high,p:low t:high,p:low t:high,p:low t:high,p:low t:high,p:low t:high,p:low t:high,p:low t:high,p:low t:high,p:low t:high,p:low t:high,p:low t:high,p:low t:high,p:low t:high,p:low t:high,p:low t:high,p:low t:high,p:low t:high,p:low t:high,p:low t:high,p:med t:high,p:med t:high,p:med t:high,p:med t:high,p:med t:high,p:med t:high,p:med t:high,p:med t:high,p:med t:high,p:med t:high,p:med t:high,p:med t:high,p:med t:high,p:med t:high,p:med t:high,p:low t:high,p:low t:high,p:low t:high,p:low t:high,p:low t:high,p:low t:high,p:low t:high,p:high t:high,p:high t:high,p:high t:high,p:high t:high,p:high t:high,p:high t:high,p:high t:high,p:high t:high,p:high t:high,p:high t:high,p:high t:high,p:high t:high,p:high t:high,p:high t:high",Critical
"p:low t:low,p:low t:low,p:low t:low,p:low t:low,p:low t:low,p:low t:low,p:low t:low,p:low t:low,p:low t:low,p:low t:low,p:low t:low,p:low t:low,p:low t:low,p:low t:low,p:low t:low,p:low t:low,p:low t:low,p:low t:low,p:low t:low,p:low t:low,p:low t:low,p:med t:low,p:med t:low,p:med t:low,p:med t:low,p:med t:low,p:med t:low,p:med t:low,p:med t:low,p:med t:low,p:med t:low,p:med t:low,p:med t:low,p:med t:low,p:med t:low,p:low t:low,p:low t:low,p:low t:low,p:low t:low,p:low t:low,p:low t:low,p:low t:low,p:low t:low,p:low t:low,p:low t:low,p:low t:low,p:low t:low,p:low t:low,p:low t:low,p:low t:low,p:low t:low,p:low t:low,p:low t:low,p:low t:low,p:low t:low,p:low t:low,p:low t:low,p:low t:low,p:low t:low,p:low t:low,p:low t:low,p:low t:low,p:low t:low,p:low t:low,p:low t:low,p:low t:low,p:low t:low,p:low t:low,p:low t:low,p:low t:low,p:low t:low,p:low t:low,p:med t:high,p:med t:high,p:med t:high,p:med t:high,p:med t:high,p:med t:high,p:med t:high,p:med t:high,p:med t:high,p:med t:high,p:med t:high,p:med t:high,p:med t:high,p:med t:high,p:med t:high,p:low t:high,p:low t:high,p:low t:high,p:low t:high,p:low t:high,p:low t:high,p:low t:high,p:low t:high,p:low t:high,p:low t:high,p:low t:high,p:low t:high,p:low t:high,p:low t:high,p:low t:high,p:low t:high,p:low t:high,p:low t:high,p:low t:high,p:low t:high,p:low t:high,p:low t:high,p:med t:high,p:med t:high,p:med t:high,p:med t:high,p:med t:high,p:med t:high,p:med t:high,p:med t:high,p:med t:high,p:med t:high,p:med t:high,p:med t:high,p:med t:high,p:med t:high,p:med t:high,p:low t:high,p:low t:high,p:low t:high,p:low t:high,p:low t:high,p:low t:high,p:low t:high,p:low t:high,p:low t:high,p:low t:high,p:low t:high,p:low t:high,p:low t:high,p:low t:high,p:low t:high,p:low t:high,p:low t:high,p:low t:high,p:low t:high,p:low t:high,p:low t:high,p:low t:high,p:low t:high,p:med t:high,p:med t:high,p:med t:high,p:med t:high,p:med t:high,p:med t:high,p:med t:high,p:med t:high,p:med t:high,p:med t:high,p:med t:high,p:med t:high,p:med t:high,p:med t:high,p:med t:high,p:low t:high,p:low t:high,p:low t:high,p:low t:high,p:low t:high,p:low t:high,p:low t:high,p:high t:high,p:high t:high,p:high t:high,p:high t:high,p:high t:high,p:high t:high,p:high t:high,p:high t:high,p:high t:high,p:high t:high,p:high t:high,p:high t:high,p:high t:high,p:high t:high,p:high t:low",Critical
"p:low t:low,p:low t:low,p:low t:low,p:low t:low,p:low t:low,p:low t:low,p:low t:low,p:low t:low,p:low t:low,p:low t:low,p:low t:low,p:low t:low,p:low t:low,p:low t:low,p:low t:low,p:low t:low,p:low t:low,p:low t:low,p:low t:low,p:low t:low,p:low t:low,p:med t:low,p:med t:low,p:med t:low,p:med t:low,p:med t:low,p:med t:low,p:med t:low,p:med t:low,p:med t:low,p:med t:low,p:med t:low,p:med t:low,p:med t:low,p:med t:low,p:low t:low,p:low t:low,p:low t:low,p:low t:low,p:low t:low,p:low t:low,p:low t:low,p:low t:low,p:low t:low,p:low t:low,p:low t:low,p:low t:low,p:low t:low,p:low t:low,p:low t:low,p:low t:low,p:low t:low,p:low t:low,p:low t:low,p:low t:low,p:low t:low,p:low t:low,p:low t:low,p:low t:low,p:low t:low,p:low t:low,p:low t:low,p:low t:low,p:low t:low,p:low t:low,p:low t:low,p:low t:low,p:low t:low,p:low t:low,p:low t:low,p:low t:low,p:low t:low,p:med t:high,p:med t:high,p:med t:high,p:med t:high,p:med t:high,p:med t:high,p:med t:high,p:med t:high,p:med t:high,p:med t:high,p:med t:high,p:med t:high,p:med t:high,p:med t:high,p:med t:high,p:low t:high,p:low t:high,p:low t:high,p:low t:high,p:low t:high,p:low t:high,p:low t:high,p:low t:high,p:low t:high,p:low t:high,p:low t:high,p:low t:high,p:low t:high,p:low t:high,p:low t:high,p:low t:high,p:low t:high,p:low t:high,p:low t:high,p:low t:high,p:low t:high,p:low t:high,p:med t:high,p:med t:high,p:med t:high,p:med t:high,p:med t:high,p:med t:high,p:med t:high,p:med t:high,p:med t:high,p:med t:high,p:med t:high,p:med t:high,p:med t:high,p:med t:high,p:med t:high,p:low t:high,p:low t:high,p:low t:high,p:low t:high,p:low t:high,p:low t:high,p:low t:high,p:low t:high,p:low t:high,p:low t:high,p:low t:high,p:low t:high,p:low t:high,p:low t:high,p:low t:high,p:low t:high,p:low t:high,p:low t:high,p:low t:high,p:low t:high,p:low t:high,p:low t:high,p:low t:high,p:med t:high,p:med t:high,p:med t:high,p:med t:high,p:med t:high,p:med t:high,p:med t:high,p:med t:high,p:med t:high,p:med t:high,p:med t:high,p:med t:high,p:med t:high,p:med t:high,p:med t:high,p:low t:high,p:low t:high,p:low t:high,p:low t:high,p:low t:high,p:low t:high,p:low t:high,p:high t:high,p:high t:high,p:high t:high,p:high t:high,p:high t:high,p:high t:high,p:high t:high,p:high t:high,p:high t:high,p:high t:high,p:high t:high,p:high t:high,p:high t:high,p:high t:high,p:high t:low,p:high t:low",Critical
"p:low t:low,p:low t:low,p:low t:low,p:low t:low,p:low t:low,p:low t:low,p:low t:low,p:low t:low,p:low t:low,p:low t:low,p:low t:low,p:low t:low,p:low t:low,p:low t:low,p:low t:low,p:low t:low,p:low t:low,p:low t:low,p:low t:low,p:low t:low,p:low t:low,p:med t:low,p:med t:low,p:med t:low,p:med t:low,p:med t:low,p:med t:low,p:med t:low,p:med t:low,p:med t:low,p:med t:low,p:med t:low,p:med t:low,p:med t:low,p:med t:low,p:low t:low,p:low t:low,p:low t:low,p:low t:low,p:low t:low,p:low t:low,p:low t:low,p:low t:low,p:low t:low,p:low t:low,p:low t:low,p:low t:low,p:low t:low,p:low t:low,p:low t:low,p:low t:low,p:low t:low,p:low t:low,p:low t:low,p:low t:low,p:low t:low,p:low t:low,p:low t:low,p:low t:low,p:low t:low,p:low t:low,p:low t:low,p:low t:low,p:low t:low,p:low t:low,p:low t:low,p:low t:low,p:low t:low,p:low t:low,p:low t:low,p:low t:low,p:low t:low,p:med t:high,p:med t:high,p:med t:high,p:med t:high,p:med t:high,p:med t:high,p:med t:high,p:med t:high,p:med t:high,p:med t:high,p:med t:high,p:med t:high,p:med t:high,p:med t:high,p:med t:high,p:low t:high,p:low t:high,p:low t:high,p:low t:high,p:low t:high,p:low t:high,p:low t:high,p:low t:high,p:low t:high,p:low t:high,p:low t:high,p:low t:high,p:low t:high,p:low t:high,p:low t:high,p:low t:high,p:low t:high,p:low t:high,p:low t:high,p:low t:high,p:low t:high,p:low t:high,p:med t:high,p:med t:high,p:med t:high,p:med t:high,p:med t:high,p:med t:high,p:med t:high,p:med t:high,p:med t:high,p:med t:high,p:med t:high,p:med t:high,p:med t:high,p:med t:high,p:med t:high,p:low t:high,p:low t:high,p:low t:high,p:low t:high,p:low t:high,p:low t:high,p:low t:high,p:low t:high,p:low t:high,p:low t:high,p:low t:high,p:low t:high,p:low t:high,p:low t:high,p:low t:high,p:low t:high,p:low t:high,p:low t:high,p:low t:high,p:low t:high,p:low t:high,p:low t:high,p:low t:high,p:med t:high,p:med t:high,p:med t:high,p:med t:high,p:med t:high,p:med t:high,p:med t:high,p:med t:high,p:med t:high,p:med t:high,p:med t:high,p:med t:high,p:med t:high,p:med t:high,p:med t:high,p:low t:high,p:low t:high,p:low t:high,p:low t:high,p:low t:high,p:low t:high,p:low t:high,p:high t:high,p:high t:high,p:high t:high,p:high t:high,p:high t:high,p:high t:high,p:high t:high,p:high t:high,p:high t:high,p:high t:high,p:high t:high,p:high t:high,p:high t:high,p:high t:high,p:high t:low,p:high t:low,p:high t:low",Critical
"p:low t:low,p:low t:low,p:low t:low,p:low t:low,p:low t:low,p:low t:low,p:low t:low,p:low t:low,p:low t:low,p:low t:low,p:low t:low,p:low t:low,p:low t:low,p:low t:low,p:low t:low,p:low t:low,p:low t:low,p:low t:low,p:low t:low,p:low t:low,p:low t:low,p:med t:low,p:med t:low,p:med t:low,p:med t:low,p:med t:low,p:med t:low,p:med t:low,p:med t:low,p:med t:low,p:med t:low,p:med t:low,p:med t:low,p:med t:low,p:med t:low,p:low t:low,p:low t:low,p:low t:low,p:low t:low,p:low t:low,p:low t:low,p:low t:low,p:low t:low,p:low t:low,p:low t:low,p:low t:low,p:low t:low,p:low t:low,p:low t:low,p:low t:low,p:low t:low,p:low t:low,p:low t:low,p:low t:low,p:low t:low,p:low t:low,p:low t:low,p:low t:low,p:low t:low,p:low t:low,p:low t:low,p:low t:low,p:low t:low,p:low t:low,p:low t:low,p:low t:low,p:low t:low,p:low t:low,p:low t:low,p:low t:low,p:low t:low,p:low t:low,p:med t:high,p:med t:high,p:med t:high,p:med t:high,p:med t:high,p:med t:high,p:med t:high,p:med t:high,p:med t:high,p:med t:high,p:med t:high,p:med t:high,p:med t:high,p:med t:high,p:med t:high,p:low t:high,p:low t:high,p:low t:high,p:low t:high,p:low t:high,p:low t:high,p:low t:high,p:low t:high,p:low t:high,p:low t:high,p:low t:high,p:low t:high,p:low t:high,p:low t:high,p:low t:high,p:low t:high,p:low t:high,p:low t:high,p:low t:high,p:low t:high,p:low t:high,p:low t:high,p:med t:high,p:med t:high,p:med t:high,p:med t:high,p:med t:high,p:med t:high,p:med t:high,p:med t:high,p:med t:high,p:med t:high,p:med t:high,p:med t:high,p:med t:high,p:med t:high,p:med t:high,p:low t:high,p:low t:high,p:low t:high,p:low t:high,p:low t:high,p:low t:high,p:low t:high,p:low t:high,p:low t:high,p:low t:high,p:low t:high,p:low t:high,p:low t:high,p:low t:high,p:low t:high,p:low t:high,p:low t:high,p:low t:high,p:low t:high,p:low t:high,p:low t:high,p:low t:high,p:low t:high,p:med t:high,p:med t:high,p:med t:high,p:med t:high,p:med t:high,p:med t:high,p:med t:high,p:med t:high,p:med t:high,p:med t:high,p:med t:high,p:med t:high,p:med t:high,p:med t:high,p:med t:high,p:low t:high,p:low t:high,p:low t:high,p:low t:high,p:low t:high,p:low t:high,p:low t:high,p:high t:high,p:high t:high,p:high t:high,p:high t:high,p:high t:high,p:high t:high,p:high t:high,p:high t:high,p:high t:high,p:high t:high,p:high t:high,p:high t:high,p:high t:high,p:high t:high,p:high t:low,p:high t:low,p:high t:low,p:high t:low",Critical
"p:low t:low,p:low t:low,p:low t:low,p:low t:low,p:low t:low,p:low t:low,p:low t:low,p:low t:low,p:low t:low,p:low t:low,p:low t:low,p:low t:low,p:low t:low,p:low t:low,p:low t:low,p:low t:low,p:low t:low,p:low t:low,p:low t:low,p:low t:low,p:low t:low,p:med t:low,p:med t:low,p:med t:low,p:med t:low,p:med t:low,p:med t:low,p:med t:low,p:med t:low,p:med t:low,p:med t:low,p:med t:low,p:med t:low,p:med t:low,p:med t:low,p:low t:low,p:low t:low,p:low t:low,p:low t:low,p:low t:low,p:low t:low,p:low t:low,p:low t:low,p:low t:low,p:low t:low,p:low t:low,p:low t:low,p:low t:low,p:low t:low,p:low t:low,p:low t:low,p:low t:low,p:low t:low,p:low t:low,p:low t:low,p:low t:low,p:low t:low,p:low t:low,p:low t:low,p:low t:low,p:low t:low,p:low t:low,p:low t:low,p:low t:low,p:low t:low,p:low t:low,p:low t:low,p:low t:low,p:low t:low,p:low t:low,p:low t:low,p:low t:low,p:med t:high,p:med t:high,p:med t:high,p:med t:high,p:med t:high,p:med t:high,p:med t:high,p:med t:high,p:med t:high,p:med t:high,p:med t:high,p:med t:high,p:med t:high,p:med t:high,p:med t:high,p:low t:high,p:low t:high,p:low t:high,p:low t:high,p:low t:high,p:low t:high,p:low t:high,p:low t:high,p:low t:high,p:low t:high,p:low t:high,p:low t:high,p:low t:high,p:low t:high,p:low t:high,p:low t:high,p:low t:high,p:low t:high,p:low t:high,p:low t:high,p:low t:high,p:low t:high,p:med t:high,p:med t:high,p:med t:high,p:med t:high,p:med t:high,p:med t:high,p:med t:high,p:med t:high,p:med t:high,p:med t:high,p:med t:high,p:med t:high,p:med t:high,p:med t:high,p:med t:high,p:low t:high,p:low t:high,p:low t:high,p:low t:high,p:low t:high,p:low t:high,p:low t:high,p:low t:high,p:low t:high,p:low t:high,p:low t:high,p:low t:high,p:low t:high,p:low t:high,p:low t:high,p:low t:high,p:low t:high,p:low t:high,p:low t:high,p:low t:high,p:low t:high,p:low t:high,p:low t:high,p:med t:high,p:med t:high,p:med t:high,p:med t:high,p:med t:high,p:med t:high,p:med t:high,p:med t:high,p:med t:high,p:med t:high,p:med t:high,p:med t:high,p:med t:high,p:med t:high,p:med t:high,p:low t:high,p:low t:high,p:low t:high,p:low t:high,p:low t:high,p:low t:high,p:low t:high,p:high t:high,p:high t:high,p:high t:high,p:high t:high,p:high t:high,p:high t:high,p:high t:high,p:high t:high,p:high t:high,p:high t:high,p:high t:high,p:high t:high,p:high t:high,p:high t:high,p:high t:low,p:high t:low,p:high t:low,p:high t:low,p:high t:low",Critical
"p:low t:low,p:low t:low,p:low t:low,p:low t:low,p:low t:low,p:low t:low,p:low t:low,p:low t:low,p:low t:low,p:low t:low,p:low t:low,p:low t:low,p:low t:low,p:low t:low,p:low t:low,p:low t:low,p:low t:low,p:low t:low,p:low t:low,p:low t:low,p:low t:low,p:med t:low,p:med t:low,p:med t:low,p:med t:low,p:med t:low,p:med t:low,p:med t:low,p:med t:low,p:med t:low,p:med t:low,p:med t:low,p:med t:low,p:med t:low,p:med t:low,p:low t:low,p:low t:low,p:low t:low,p:low t:low,p:low t:low,p:low t:low,p:low t:low,p:low t:low,p:low t:low,p:low t:low,p:low t:low,p:low t:low,p:low t:low,p:low t:low,p:low t:low,p:low t:low,p:low t:low,p:low t:low,p:low t:low,p:low t:low,p:low t:low,p:low t:low,p:low t:low,p:low t:low,p:low t:low,p:low t:low,p:low t:low,p:low t:low,p:low t:low,p:low t:low,p:low t:low,p:low t:low,p:low t:low,p:low t:low,p:low t:low,p:low t:low,p:low t:low,p:med t:high,p:med t:high,p:med t:high,p:med t:high,p:med t:high,p:med t:high,p:med t:high,p:med t:high,p:med t:high,p:med t:high,p:med t:high,p:med t:high,p:med t:high,p:med t:high,p:med t:high,p:low t:high,p:low t:high,p:low t:high,p:low t:high,p:low t:high,p:low t:high,p:low t:high,p:low t:high,p:low t:high,p:low t:high,p:low t:high,p:low t:high,p:low t:high,p:low t:high,p:low t:high,p:low t:high,p:low t:high,p:low t:high,p:low t:high,p:low t:high,p:low t:high,p:low t:high,p:med t:high,p:med t:high,p:med t:high,p:med t:high,p:med t:high,p:med t:high,p:med t:high,p:med t:high,p:med t:high,p:med t:high,p:med t:high,p:med t:high,p:med t:high,p:med t:high,p:med t:high,p:low t:high,p:low t:high,p:low t:high,p:low t:high,p:low t:high,p:low t:high,p:low t:high,p:low t:high,p:low t:high,p:low t:high,p:low t:high,p:low t:high,p:low t:high,p:low t:high,p:low t:high,p:low t:high,p:low t:high,p:low t:high,p:low t:high,p:low t:high,p:low t:high,p:low t:high,p:low t:high,p:med t:high,p:med t:high,p:med t:high,p:med t:high,p:med t:high,p:med t:high,p:med t:high,p:med t:high,p:med t:high,p:med t:high,p:med t:high,p:med t:high,p:med t:high,p:med t:high,p:med t:high,p:low t:high,p:low t:high,p:low t:high,p:low t:high,p:low t:high,p:low t:high,p:low t:high,p:high t:high,p:high t:high,p:high t:high,p:high t:high,p:high t:high,p:high t:high,p:high t:high,p:high t:high,p:high t:high,p:high t:high,p:high t:high,p:high t:high,p:high t:high,p:high t:high,p:high t:low,p:high t:low,p:high t:low,p:high t:low,p:high t:low,p:high t:low",Critical
"p:low t:low,p:low t:low,p:low t:low,p:low t:low,p:low t:low,p:low t:low,p:low t:low,p:low t:low,p:low t:low,p:low t:low,p:low t:low,p:low t:low,p:low t:low,p:low t:low,p:low t:low,p:low t:low,p:low t:low,p:low t:low,p:low t:low,p:low t:low,p:low t:low,p:med t:low,p:med t:low,p:med t:low,p:med t:low,p:med t:low,p:med t:low,p:med t:low,p:med t:low,p:med t:low,p:med t:low,p:med t:low,p:med t:low,p:med t:low,p:med t:low,p:low t:low,p:low t:low,p:low t:low,p:low t:low,p:low t:low,p:low t:low,p:low t:low,p:low t:low,p:low t:low,p:low t:low,p:low t:low,p:low t:low,p:low t:low,p:low t:low,p:low t:low,p:low t:low,p:low t:low,p:low t:low,p:low t:low,p:low t:low,p:low t:low,p:low t:low,p:low t:low,p:low t:low,p:low t:low,p:low t:low,p:low t:low,p:low t:low,p:low t:low,p:low t:low,p:low t:low,p:low t:low,p:low t:low,p:low t:low,p:low t:low,p:low t:low,p:low t:low,p:med t:high,p:med t:high,p:med t:high,p:med t:high,p:med t:high,p:med t:high,p:med t:high,p:med t:high,p:med t:high,p:med t:high,p:med t:high,p:med t:high,p:med t:high,p:med t:high,p:med t:high,p:low t:high,p:low t:high,p:low t:high,p:low t:high,p:low t:high,p:low t:high,p:low t:high,p:low t:high,p:low t:high,p:low t:high,p:low t:high,p:low t:high,p:low t:high,p:low t:high,p:low t:high,p:low t:high,p:low t:high,p:low t:high,p:low t:high,p:low t:high,p:low t:high,p:low t:high,p:med t:high,p:med t:high,p:med t:high,p:med t:high,p:med t:high,p:med t:high,p:med t:high,p:med t:high,p:med t:high,p:med t:high,p:med t:high,p:med t:high,p:med t:high,p:med t:high,p:med t:high,p:low t:high,p:low t:high,p:low t:high,p:low t:high,p:low t:high,p:low t:high,p:low t:high,p:low t:high,p:low t:high,p:low t:high,p:low t:high,p:low t:high,p:low t:high,p:low t:high,p:low t:high,p:low t:high,p:low t:high,p:low t:high,p:low t:high,p:low t:high,p:low t:high,p:low t:high,p:low t:high,p:med t:high,p:med t:high,p:med t:high,p:med t:high,p:med t:high,p:med t:high,p:med t:high,p:med t:high,p:med t:high,p:med t:high,p:med t:high,p:med t:high,p:med t:high,p:med t:high,p:med t:high,p:low t:high,p:low t:high,p:low t:high,p:low t:high,p:low t:high,p:low t:high,p:low t:high,p:high t:high,p:high t:high,p:high t:high,p:high t:high,p:high t:high,p:high t:high,p:high t:high,p:high t:high,p:high t:high,p:high t:high,p:high t:high,p:high t:high,p:high t:high,p:high t:high,p:high t:low,p:high t:low,p:high t:low,p:high t:low,p:high t:low,p:high t:low,p:high t:low",Critical
"p:low t:low,p:low t:low,p:low t:low,p:low t:low,p:low t:low,p:low t:low,p:low t:low,p:low t:low,p:low t:low,p:low t:low,p:low t:low,p:low t:low,p:low t:low,p:low t:low,p:low t:low,p:low t:low,p:low t:low,p:low t:low,p:low t:low,p:low t:low,p:low t:low,p:med t:low,p:med t:low,p:med t:low,p:med t:low,p:med t:low,p:med t:low,p:med t:low,p:med t:low,p:med t:low,p:med t:low,p:med t:low,p:med t:low,p:med t:low,p:med t:low,p:low t:low,p:low t:low,p:low t:low,p:low t:low,p:low t:low,p:low t:low,p:low t:low,p:low t:low,p:low t:low,p:low t:low,p:low t:low,p:low t:low,p:low t:low,p:low t:low,p:low t:low,p:low t:low,p:low t:low,p:low t:low,p:low t:low,p:low t:low,p:low t:low,p:low t:low,p:low t:low,p:low t:low,p:low t:low,p:low t:low,p:low t:low,p:low t:low,p:low t:low,p:low t:low,p:low t:low,p:low t:low,p:low t:low,p:low t:low,p:low t:low,p:low t:low,p:low t:low,p:med t:high,p:med t:high,p:med t:high,p:med t:high,p:med t:high,p:med t:high,p:med t:high,p:med t:high,p:med t:high,p:med t:high,p:med t:high,p:med t:high,p:med t:high,p:med t:high,p:med t:high,p:low t:high,p:low t:high,p:low t:high,p:low t:high,p:low t:high,p:low t:high,p:low t:high,p:low t:high,p:low t:high,p:low t:high,p:low t:high,p:low t:high,p:low t:high,p:low t:high,p:low t:high,p:low t:high,p:low t:high,p:low t:high,p:low t:high,p:low t:high,p:low t:high,p:low t:high,p:med t:high,p:med t:high,p:med t:high,p:med t:high,p:med t:high,p:med t:high,p:med t:high,p:med t:high,p:med t:high,p:med t:high,p:med t:high,p:med t:high,p:med t:high,p:med t:high,p:med t:high,p:low t:high,p:low t:high,p:low t:high,p:low t:high,p:low t:high,p:low t:high,p:low t:high,p:low t:high,p:low t:high,p:low t:high,p:low t:high,p:low t:high,p:low t:high,p:low t:high,p:low t:high,p:low t:high,p:low t:high,p:low t:high,p:low t:high,p:low t:high,p:low t:high,p:low t:high,p:low t:high,p:med t:high,p:med t:high,p:med t:high,p:med t:high,p:med t:high,p:med t:high,p:med t:high,p:med t:high,p:med t:high,p:med t:high,p:med t:high,p:med t:high,p:med t:high,p:med t:high,p:med t:high,p:low t:high,p:low t:high,p:low t:high,p:low t:high,p:low t:high,p:low t:high,p:low t:high,p:high t:high,p:high t:high,p:high t:high,p:high t:high,p:high t:high,p:high t:high,p:high t:high,p:high t:high,p:high t:high,p:high t:high,p:high t:high,p:high t:high,p:high t:high,p:high t:high,p:high t:low,p:high t:low,p:high t:low,p:high t:low,p:high t:low,p:high t:low,p:high t:low,p:high t:low",Critical
